config,seed,patient_id,region,legacy_dice,lw_dice,legacy_hd95,lw_hd95,num_tp,num_fp,num_fn,sensitivity,specificity
consensus_DB,1,BraTS-GLI-00000-000,WT,0.9584580411294357,0.31975263093167483,2.23606797749979,250.07868932583327,1.0,2.0,0.0,0.9527964401012128,0.9997713820619467
consensus_DB,1,BraTS-GLI-00000-000,TC,0.9816746923488496,0.9816746923488496,1.0,1.0,1.0,0.0,0.0,0.9902179046077042,0.9998639054673193
consensus_DB,1,BraTS-GLI-00000-000,ET,0.9612377606697062,0.9612377606697062,1.0,1.0,1.0,0.0,0.0,0.9822797959121322,0.9997736999297042
consensus_DB,1,BraTS-GLI-00036-001,WT,0.9806480188068549,0.9806480188068549,1.0,1.0,1.0,0.0,0.0,0.9769588903157193,0.9996865583108384
consensus_DB,1,BraTS-GLI-00036-001,TC,0.9739739192261714,0.9739739192261714,2.449489742783178,2.449489742783178,1.0,0.0,0.0,0.9850647195486226,0.9997308433750978
consensus_DB,1,BraTS-GLI-00036-001,ET,0.9603166254667859,0.9603166254667859,1.0,1.0,1.0,0.0,0.0,0.968184107961927,0.9997955070721596
consensus_DB,1,BraTS-GLI-00017-001,WT,0.9661756479582323,0.9663486285070607,1.4142135623730951,1.4142135623730951,1.0,0.0,0.0,0.9762898874033432,0.9996657509989385
consensus_DB,1,BraTS-GLI-00017-001,TC,0.0,0.0,374.0,374.0,0.0,1.0,0.0,0.0,0.996859879032258
consensus_DB,1,BraTS-GLI-00017-001,ET,0.0,0.0,374.0,374.0,0.0,1.0,0.0,0.0,0.9999995519713262
consensus_DB,1,BraTS-GLI-00066-000,WT,0.9792315815548284,0.9792315815548284,1.0,1.0,1.0,0.0,0.0,0.9700625096864184,0.9999511771811594
consensus_DB,1,BraTS-GLI-00066-000,TC,0.984303729541186,0.984303729541186,0.0,0.0,1.0,0.0,0.0,0.9735934182590233,0.9999960764372795
consensus_DB,1,BraTS-GLI-00066-000,ET,0.9584165607408752,0.9584165607408752,1.0,1.0,1.0,0.0,0.0,0.9316857899382172,0.9999920424418047
consensus_DB,1,BraTS-GLI-00059-001,WT,0.970078042840538,0.970078042840538,1.0,1.0,1.0,0.0,0.0,0.9697237960339944,0.9998497098217503
consensus_DB,1,BraTS-GLI-00059-001,TC,0.9779738096542655,0.9780006027232131,1.0,1.0,1.0,0.0,0.0,0.9627292340884573,0.9999873168519753
consensus_DB,1,BraTS-GLI-00059-001,ET,0.9596371882086168,0.9596682756163141,1.0,1.0,1.0,0.0,0.0,0.9308112863696348,0.9999837299613435
consensus_DB,1,BraTS-GLI-00045-001,WT,0.9749017506252233,0.9749235200857468,1.0,1.0,1.0,0.0,0.0,0.9640948637548028,0.9999650772001617
consensus_DB,1,BraTS-GLI-00045-001,TC,0.9756906782364576,0.9756906782364576,1.0,1.0,1.0,0.0,0.0,0.9937613724980504,0.9999626694420573
consensus_DB,1,BraTS-GLI-00045-001,ET,0.9584135815678722,0.9584135815678722,1.0,1.0,1.0,0.0,0.0,0.9949644549763034,0.9999384615246656
consensus_DB,1,BraTS-GLI-00014-001,WT,0.9471423941227312,0.9471423941227312,3.0,3.0,1.0,0.0,0.0,0.9084715025906736,0.999957139964452
consensus_DB,1,BraTS-GLI-00014-001,TC,0.24728401448525608,0.24735866143430074,11.704699910719626,11.575836902790225,1.0,0.0,0.0,0.141086186540732,1.0
consensus_DB,1,BraTS-GLI-00014-001,ET,0.1640381399972886,0.16409004610794684,12.727922061357855,12.68857754044952,1.0,0.0,0.0,0.0893472482032096,1.0
consensus_DB,1,BraTS-GLI-00026-000,WT,0.9088969458245677,0.9088969458245677,4.47213595499958,4.47213595499958,1.0,0.0,0.0,0.8513192464643077,0.9998223892117423
consensus_DB,1,BraTS-GLI-00026-000,TC,0.9490032241950865,0.9490032241950865,1.0,1.0,1.0,0.0,0.0,0.9327521052161752,0.9998753147066922
consensus_DB,1,BraTS-GLI-00026-000,ET,0.9344374531346787,0.9344374531346787,1.0,1.0,1.0,0.0,0.0,0.9254165052305308,0.999807576192859
consensus_DB,1,BraTS-GLI-00054-000,WT,0.9406890032031459,0.9406890032031459,3.0,3.0,1.0,0.0,0.0,0.9308361363772067,0.999451147854311
consensus_DB,1,BraTS-GLI-00054-000,TC,0.9124419533704592,0.9124419533704592,3.605551275463989,3.605551275463989,1.0,0.0,0.0,0.848923517181247,0.9998800707175459
consensus_DB,1,BraTS-GLI-00054-000,ET,0.7898953341396212,0.7898953341396212,2.449489742783178,2.449489742783178,1.0,0.0,0.0,0.7778076254947259,0.9987942058310258
consensus_DB,1,BraTS-GLI-00032-000,WT,0.9642811612678913,0.9642811612678913,1.4142135623730951,1.4142135623730951,1.0,0.0,0.0,0.9414979688366356,0.9998875518163832
consensus_DB,1,BraTS-GLI-00032-000,TC,0.9634447554750535,0.9634447554750535,1.0,1.0,1.0,0.0,0.0,0.9687086092715231,0.9999427989483979
consensus_DB,1,BraTS-GLI-00032-000,ET,0.9359147531142128,0.9359147531142128,1.0,1.0,1.0,0.0,0.0,0.9359615769461677,0.9999281229458693
consensus_DB,1,BraTS-GLI-00043-000,WT,0.9818264333619081,0.9818264333619081,1.0,1.0,1.0,0.0,0.0,0.9861627447603805,0.9997465252266861
consensus_DB,1,BraTS-GLI-00043-000,TC,0.8362226701814235,0.8362745402102782,5.0,5.0,1.0,0.0,0.0,0.727380631238198,0.9999744092378162
consensus_DB,1,BraTS-GLI-00043-000,ET,0.4239502550129253,0.4240095031793725,14.45683229480096,14.45683229480096,1.0,0.0,0.0,0.2694733102406963,0.9999977570280442
consensus_DB,1,BraTS-GLI-00030-000,WT,0.950059243199637,0.4752672532295288,2.8284271247461903,188.4142135623731,1.0,0.0,1.0,0.9581511237669074,0.9992113510958678
consensus_DB,1,BraTS-GLI-00030-000,TC,0.9529369387273473,0.9530553174573597,1.4142135623730951,1.4142135623730951,1.0,0.0,0.0,0.9735052278956451,0.9996911773242928
consensus_DB,1,BraTS-GLI-00030-000,ET,0.9076296764231067,0.9077889711818596,1.4142135623730951,1.4142135623730951,1.0,0.0,0.0,0.9513334559499724,0.9995572315568855
consensus_DB,1,BraTS-GLI-00095-001,WT,0.9860301419839526,0.9860301419839526,1.0,1.0,1.0,0.0,0.0,0.9792067277934126,0.9998060021216575
consensus_DB,1,BraTS-GLI-00095-001,TC,0.9868230180191564,0.9868230180191564,1.0,1.0,1.0,0.0,0.0,0.9823493303009871,0.9999033824851814
consensus_DB,1,BraTS-GLI-00095-001,ET,0.9584457762357037,0.9584457762357037,1.0,1.0,1.0,0.0,0.0,0.9310681374551727,0.9999414674251588
consensus_DB,1,BraTS-GLI-00072-000,WT,0.9299721722049435,0.4674745905524251,16.30950643030009,195.26135582092914,1.0,1.0,0.0,0.9557744848656142,0.9991631746233975
consensus_DB,1,BraTS-GLI-00072-000,TC,0.977891642510105,0.977891642510105,1.0,1.0,1.0,0.0,0.0,0.9625454618522314,0.9999659842223109
consensus_DB,1,BraTS-GLI-00072-000,ET,0.9420904382590787,0.9420904382590787,1.0,1.0,1.0,0.0,0.0,0.9307022530744143,0.9998304585298529
consensus_DB,1,BraTS-GLI-00113-000,WT,0.8161071011410944,0.8161071011410944,7.681145747868608,7.681145747868608,1.0,0.0,0.0,0.711202171529989,0.9998633247563524
consensus_DB,1,BraTS-GLI-00113-000,TC,0.8681465632522065,0.8681465632522065,1.4142135623730951,1.4142135623730951,1.0,0.0,0.0,0.7932551319648093,0.9999921577010144
consensus_DB,1,BraTS-GLI-00113-000,ET,0.8159744408945687,0.8159744408945687,1.4142135623730951,1.4142135623730951,1.0,0.0,0.0,0.7683513838748496,0.9999786026475806
consensus_DB,1,BraTS-GLI-00077-000,WT,0.9596635274944042,0.47984042539474603,3.0,188.5,1.0,1.0,0.0,0.9434889310306361,0.9994849258634565
consensus_DB,1,BraTS-GLI-00077-000,TC,0.983496321786611,0.983496321786611,1.0,1.0,1.0,0.0,0.0,0.9735314563781717,0.9999597540601051
consensus_DB,1,BraTS-GLI-00077-000,ET,0.9663404548587181,0.9663404548587181,1.0,1.0,1.0,0.0,0.0,0.9495354443752201,0.9999348785744099
consensus_DB,1,BraTS-GLI-00097-000,WT,0.962826413389816,0.962826413389816,2.23606797749979,2.23606797749979,1.0,0.0,0.0,0.9407190057014719,0.9999369800927991
consensus_DB,1,BraTS-GLI-00097-000,TC,0.9757974856751903,0.9757974856751903,1.0,1.0,1.0,0.0,0.0,0.9808725553406404,0.9999228500342795
consensus_DB,1,BraTS-GLI-00097-000,ET,0.9488935387736985,0.9488935387736985,1.0,1.0,1.0,0.0,0.0,0.9548876978050026,0.9998984552633161
consensus_DB,1,BraTS-GLI-00094-000,WT,0.9729918330168434,0.9729918330168434,1.7320508075688772,1.7320508075688772,1.0,0.0,0.0,0.9701908866995074,0.9995543944510359
consensus_DB,1,BraTS-GLI-00094-000,TC,0.9584752549249906,0.9584752549249906,2.23606797749979,2.23606797749979,1.0,0.0,0.0,0.9462100369983872,0.9996971628746364
consensus_DB,1,BraTS-GLI-00094-000,ET,0.8135511696140835,0.8135511696140835,1.7320508075688772,1.7320508075688772,1.0,0.0,0.0,0.7395283761331507,0.9996972011514227
consensus_DB,1,BraTS-GLI-00110-000,WT,0.9727282161642534,0.9727282161642534,1.0,1.0,1.0,0.0,0.0,0.9813202556755566,0.9996268074041049
consensus_DB,1,BraTS-GLI-00110-000,TC,0.970874420427088,0.970874420427088,1.0,1.0,1.0,0.0,0.0,0.9491189989785496,0.9999893406173196
consensus_DB,1,BraTS-GLI-00110-000,ET,0.9817658670413865,0.9817658670413865,1.0,1.0,1.0,0.0,0.0,0.9722995361166336,0.9999857510061249
consensus_DB,1,BraTS-GLI-00090-000,WT,0.9595541216902536,0.9595541216902536,1.4142135623730951,1.4142135623730951,1.0,0.0,0.0,0.9336918113381472,0.9998628595760198
consensus_DB,1,BraTS-GLI-00090-000,TC,0.9576713819368879,0.9576713819368879,1.0,1.0,1.0,0.0,0.0,0.9717345699458982,0.9999414728852959
consensus_DB,1,BraTS-GLI-00090-000,ET,0.9348420316572373,0.9348420316572373,1.0,1.0,1.0,0.0,0.0,0.9398006134969326,0.9999378936020993
consensus_DB,1,BraTS-GLI-00074-000,WT,0.9738108649218397,0.9225365973393473,1.4142135623730951,2.0,2.0,0.0,0.0,0.9614092851165045,0.9997275442994904
consensus_DB,1,BraTS-GLI-00074-000,TC,0.9554196099638355,0.5845947542747647,2.0,125.71542145664732,2.0,1.0,0.0,0.9413671380680683,0.9998518511347066
consensus_DB,1,BraTS-GLI-00074-000,ET,0.9187767390270956,0.5353691578475374,1.0,125.47140452079104,2.0,1.0,0.0,0.9001490312965723,0.9997852917424328
consensus_DB,1,BraTS-GLI-00088-000,WT,0.9689855460711372,0.9689855460711372,2.23606797749979,2.23606797749979,1.0,0.0,0.0,0.9530440336939598,0.9998000625940402
consensus_DB,1,BraTS-GLI-00088-000,TC,0.9779173122400717,0.9779173122400717,1.0,1.0,1.0,0.0,0.0,0.9694113462564468,0.9999079645307032
consensus_DB,1,BraTS-GLI-00088-000,ET,0.9437684518389758,0.9437684518389758,1.0,1.0,1.0,0.0,0.0,0.9309002830394077,0.9998271335343398
consensus_DB,1,BraTS-GLI-00098-001,WT,0.983681204685601,0.983681204685601,1.0,1.0,1.0,0.0,0.0,0.9743980687376914,0.9998792555574939
consensus_DB,1,BraTS-GLI-00098-001,TC,0.9680039345183727,0.9680039345183727,3.3166247903554,3.3166247903554,1.0,0.0,0.0,0.950625120746281,0.9998897864318516
consensus_DB,1,BraTS-GLI-00098-001,ET,0.9799270072992701,0.9799270072992701,1.0,1.0,1.0,0.0,0.0,0.9782195469665769,0.9998697104413262
consensus_DB,1,BraTS-GLI-00111-000,WT,0.8917949744259369,0.4458989501312336,3.605551275463989,188.802775637732,1.0,1.0,0.0,0.8054116838325056,0.9999834460788556
consensus_DB,1,BraTS-GLI-00111-000,TC,0.845658296877809,0.42286716010907677,6.0,189.95803989154982,1.0,1.0,0.0,0.7525330631399317,0.999885158263386
consensus_DB,1,BraTS-GLI-00111-000,ET,0.5937685108399479,0.11933333333333333,8.602325267042627,301.04390889145856,1.0,4.0,0.0,0.8496355314460078,0.9993307630119856
consensus_DB,1,BraTS-GLI-00120-000,WT,0.9718251816505802,0.4861814906845777,1.0,187.5,1.0,1.0,0.0,0.9787243337702053,0.99963243116006
consensus_DB,1,BraTS-GLI-00120-000,TC,0.9695473984319316,0.9695473984319316,1.0,1.0,1.0,0.0,0.0,0.9609006622516556,0.999864282594299
consensus_DB,1,BraTS-GLI-00120-000,ET,0.9106926631576346,0.9106926631576346,2.23606797749979,2.23606797749979,1.0,0.0,0.0,0.9326567798754871,0.999486189211526
consensus_DB,1,BraTS-GLI-00151-000,WT,0.9450668891731213,0.9450668891731213,12.206555615733702,12.206555615733702,1.0,0.0,0.0,0.9221753825881547,0.9993725197513279
consensus_DB,1,BraTS-GLI-00151-000,TC,0.9394069751170034,0.9394069751170034,5.385164807134504,5.385164807134504,1.0,0.0,0.0,0.953737029319526,0.9991741177211129
consensus_DB,1,BraTS-GLI-00151-000,ET,0.9071390953961469,0.9071390953961469,3.1622776601683795,3.1622776601683795,1.0,0.0,0.0,0.9374501639053778,0.9988448400501255
consensus_DB,1,BraTS-GLI-00171-000,WT,0.9181092460383786,0.9181092460383786,3.7416573867739413,3.7416573867739413,1.0,0.0,0.0,0.9163661206526748,0.9994331679010822
consensus_DB,1,BraTS-GLI-00171-000,TC,0.9504846934010721,0.9504846934010721,6.164414002968976,6.164414002968976,1.0,0.0,0.0,0.9348912404467961,0.9999012446544034
consensus_DB,1,BraTS-GLI-00171-000,ET,0.9231124985547462,0.9231124985547462,6.164414002968976,6.164414002968976,1.0,0.0,0.0,0.8800705467372134,0.9999184341514186
consensus_DB,1,BraTS-GLI-00124-000,WT,0.8819886406856158,0.8819886406856158,15.7797338380595,15.7797338380595,1.0,0.0,0.0,0.7903110373971918,0.999963779475737
consensus_DB,1,BraTS-GLI-00124-000,TC,0.9573005727567029,0.9573005727567029,2.0,2.0,1.0,0.0,0.0,0.9955714396705773,0.9988907374706386
consensus_DB,1,BraTS-GLI-00124-000,ET,0.4744393522761992,0.4744393522761992,11.180339887498949,11.180339887498949,1.0,0.0,0.0,0.9952826560697347,0.9903449152575741
consensus_DB,1,BraTS-GLI-00146-000,WT,0.9539339108287014,0.9539339108287014,8.246211251235321,8.246211251235321,1.0,0.0,0.0,0.973235166738848,0.9985795948431252
consensus_DB,1,BraTS-GLI-00146-000,TC,0.9130242825607064,0.9130242825607064,4.47213595499958,4.47213595499958,1.0,0.0,0.0,0.94055437270719,0.9986429479339448
consensus_DB,1,BraTS-GLI-00146-000,ET,0.6554781507283091,0.3277432266399828,2.449489742783178,188.22474487139158,1.0,1.0,0.0,0.9290510215073068,0.9971658901440863
consensus_DB,1,BraTS-GLI-00194-000,WT,0.9780849417619875,0.9780849417619875,1.0,1.0,1.0,0.0,0.0,0.984632549523188,0.9998461797802533
consensus_DB,1,BraTS-GLI-00194-000,TC,0.9811362875320906,0.9811362875320906,1.0,1.0,1.0,0.0,0.0,0.9886560832958416,0.9999067088896987
consensus_DB,1,BraTS-GLI-00194-000,ET,0.9541051388068518,0.9541051388068518,1.0,1.0,1.0,0.0,0.0,0.9586919104991394,0.9999037161417195
consensus_DB,1,BraTS-GLI-00195-000,WT,0.9846836438894047,0.9846836438894047,1.0,1.0,1.0,0.0,0.0,0.9868168709956956,0.9998607976172346
consensus_DB,1,BraTS-GLI-00195-000,TC,0.9861969509682735,0.9861969509682735,0.0,0.0,1.0,0.0,0.0,0.9915078707539354,0.9999895776972584
consensus_DB,1,BraTS-GLI-00195-000,ET,0.9396902120180161,0.9396902120180161,2.449489742783178,2.449489742783178,1.0,0.0,0.0,0.9796152084287677,0.9999484514940886
consensus_DB,1,BraTS-GLI-00199-000,WT,0.9809020831666266,0.4919304675847585,1.4142135623730951,187.5,1.0,0.0,1.0,0.975270171716502,0.9998871516059998
consensus_DB,1,BraTS-GLI-00199-000,TC,0.9879028447216709,0.9880189994564832,1.0,1.0,1.0,0.0,0.0,0.9858530604545883,0.9999522822800246
consensus_DB,1,BraTS-GLI-00199-000,ET,0.9708887760284408,0.9710256827048115,0.0,0.0,1.0,0.0,0.0,0.9650660312588345,0.9999362029930905
consensus_DB,1,BraTS-GLI-00192-000,WT,0.9706472867121002,0.49267270456861534,66.87301398920195,187.0,1.0,0.0,1.0,0.960892447231398,0.9999236416135437
consensus_DB,1,BraTS-GLI-00192-000,TC,0.9776594273066814,0.9776594273066814,1.0,1.0,1.0,0.0,0.0,0.9977412296181266,0.9999311182966968
consensus_DB,1,BraTS-GLI-00192-000,ET,0.9814383286460426,0.9814383286460426,0.0,0.0,1.0,0.0,0.0,0.9913961038961039,0.9999600703479712
consensus_DB,1,BraTS-GLI-00137-000,WT,0.959185195209045,0.959185195209045,1.4142135623730951,1.4142135623730951,1.0,0.0,0.0,0.9323476197378947,0.9997508504886727
consensus_DB,1,BraTS-GLI-00137-000,TC,0.9719978037493137,0.9719978037493137,1.0,1.0,1.0,0.0,0.0,0.9792950845582424,0.9997707150342964
consensus_DB,1,BraTS-GLI-00137-000,ET,0.9558958067337563,0.9558958067337563,1.0,1.0,1.0,0.0,0.0,0.9556364074937685,0.9997544561699758
consensus_DB,1,BraTS-GLI-00128-000,WT,0.9737909134413848,0.9737909134413848,1.0,1.0,1.0,0.0,0.0,0.9930241883620461,0.9993016007928304
consensus_DB,1,BraTS-GLI-00128-000,TC,0.9458985382631127,0.3154043763475389,2.23606797749979,250.07868932583327,1.0,2.0,0.0,0.916611118517531,0.9998912528816297
consensus_DB,1,BraTS-GLI-00128-000,ET,0.9263603103349853,0.3089029924679966,2.0,250.0,1.0,2.0,0.0,0.8825957972805933,0.9998956967893289
consensus_DB,1,BraTS-GLI-00142-000,WT,0.9507346186511674,0.9528122257096667,3.0,3.0275205091235833,2.0,0.0,0.0,0.9281322970366276,0.9997560906903685
consensus_DB,1,BraTS-GLI-00142-000,TC,0.9456748977427663,0.9483573050528209,1.7320508075688772,1.618033988749895,2.0,0.0,0.0,0.9355741177410974,0.9997572640014742
consensus_DB,1,BraTS-GLI-00142-000,ET,0.8885836608851937,0.8935353778113955,1.0,1.0,2.0,0.0,0.0,0.9728363461846105,0.9992383731353434
consensus_DB,1,BraTS-GLI-00259-000,WT,0.984977178918296,0.984977178918296,1.0,1.0,1.0,0.0,0.0,0.9739944173343775,0.9999582031003105
consensus_DB,1,BraTS-GLI-00259-000,TC,0.9871839707062188,0.9871839707062188,1.0,1.0,1.0,0.0,0.0,0.9828370130668087,0.9999770878860397
consensus_DB,1,BraTS-GLI-00259-000,ET,0.97703618040641,0.97703618040641,0.0,0.0,1.0,0.0,0.0,0.9659610610218216,0.9999804772832995
consensus_DB,1,BraTS-GLI-00201-000,WT,0.9869921710581698,0.9869921710581698,1.0,1.0,1.0,0.0,0.0,0.9916771548049206,0.9997001212043352
consensus_DB,1,BraTS-GLI-00201-000,TC,0.9808383313075764,0.9808383313075764,1.0,1.0,1.0,0.0,0.0,0.9786218870525242,0.9998563125716672
consensus_DB,1,BraTS-GLI-00201-000,ET,0.9444945301882477,0.47225361967813123,1.0,187.5,1.0,1.0,0.0,0.9237247986524189,0.9998619798456829
consensus_DB,1,BraTS-GLI-00212-000,WT,0.8510653914754002,0.8510653914754002,4.123105625617661,4.123105625617661,1.0,0.0,0.0,0.781429014300926,0.9995397461137913
consensus_DB,1,BraTS-GLI-00212-000,TC,0.9824018565074454,0.4912959381044487,0.0,187.0,1.0,1.0,0.0,0.98145285935085,0.9999951822952262
consensus_DB,1,BraTS-GLI-00212-000,ET,0.8880225254494261,0.44410745233968807,2.23606797749979,188.1180339887499,1.0,1.0,0.0,0.9706439393939394,0.9999490246796733
consensus_DB,1,BraTS-GLI-00282-000,WT,0.9663380199521615,0.9663380199521615,1.0,1.0,1.0,0.0,0.0,0.9467847956559017,0.9999246240922358
consensus_DB,1,BraTS-GLI-00282-000,TC,0.9695529913701154,0.9695529913701154,1.0,1.0,1.0,0.0,0.0,0.9744664262742423,0.9999589582067832
consensus_DB,1,BraTS-GLI-00282-000,ET,0.949535192563081,0.949535192563081,1.0,1.0,1.0,0.0,0.0,0.9735115732145068,0.9999302684407183
consensus_DB,1,BraTS-GLI-00231-000,WT,0.9712079369949882,0.9712079369949882,5.830951894845301,5.830951894845301,1.0,0.0,0.0,0.9588871637570846,0.9998590766025459
consensus_DB,1,BraTS-GLI-00231-000,TC,0.9707508240118347,0.9707508240118347,1.0,1.0,1.0,0.0,0.0,0.9779846258432254,0.999920753199309
consensus_DB,1,BraTS-GLI-00231-000,ET,0.9236600469784326,0.9236600469784326,1.0,1.0,1.0,0.0,0.0,0.9297152068780226,0.9999129917549596
consensus_DB,1,BraTS-GLI-00237-000,WT,0.9744717574677765,0.9744717574677765,1.0,1.0,1.0,0.0,0.0,0.9974733562567678,0.9997050260828827
consensus_DB,1,BraTS-GLI-00237-000,TC,0.9742982299302699,0.9742982299302699,1.0,1.0,1.0,0.0,0.0,0.9904575816785568,0.9998944530946746
consensus_DB,1,BraTS-GLI-00237-000,ET,0.9589830952692963,0.9589830952692963,1.0,1.0,1.0,0.0,0.0,0.9725175419944716,0.9998823686288807
consensus_DB,1,BraTS-GLI-00253-000,WT,0.963882776205945,0.963882776205945,1.0,1.0,1.0,0.0,0.0,0.9871398164875065,0.999614859676259
consensus_DB,1,BraTS-GLI-00253-000,TC,0.9806526133410338,0.9806526133410338,0.0,0.0,1.0,0.0,0.0,0.9915328467153285,0.9999882347338669
consensus_DB,1,BraTS-GLI-00253-000,ET,0.977481534858584,0.977481534858584,0.0,0.0,1.0,0.0,0.0,0.9741472172351885,0.9999940617676997
consensus_DB,1,BraTS-GLI-00280-000,WT,0.8539448143243292,0.2867970511180162,8.366600265340756,251.46770807914427,1.0,1.0,1.0,0.7677953937495923,0.9998951372690238
consensus_DB,1,BraTS-GLI-00280-000,TC,0.9268335452194116,0.9268335452194116,2.0,2.0,1.0,0.0,0.0,0.8861597786905859,0.999965119165157
consensus_DB,1,BraTS-GLI-00280-000,ET,0.867475317348378,0.867475317348378,1.4142135623730951,1.4142135623730951,1.0,0.0,0.0,0.7992514814429774,0.9999531305065348
consensus_DB,1,BraTS-GLI-00270-000,WT,0.8536664110738932,0.8536664110738932,14.45683229480096,14.45683229480096,1.0,0.0,0.0,0.8687420427943653,0.9990864146753877
consensus_DB,1,BraTS-GLI-00270-000,TC,0.9653179190751445,0.9653179190751445,1.0,1.0,1.0,0.0,0.0,0.9975283213182287,0.999962345114867
consensus_DB,1,BraTS-GLI-00270-000,ET,0.9703287890938251,0.9703287890938251,1.0,1.0,1.0,0.0,0.0,0.9969104016477858,0.9999685088609453
consensus_DB,1,BraTS-GLI-00249-000,WT,0.9854593447818145,0.9854593447818145,1.0,1.0,1.0,0.0,0.0,0.9900608657988921,0.9997115865253497
consensus_DB,1,BraTS-GLI-00249-000,TC,0.9772894602707142,0.9772894602707142,5.0,5.0,1.0,0.0,0.0,0.9771708706133609,0.9998425479797248
consensus_DB,1,BraTS-GLI-00249-000,ET,0.9607503250170247,0.9607503250170247,1.0,1.0,1.0,0.0,0.0,0.9348513598987982,0.9999580653818034
consensus_DB,1,BraTS-GLI-00266-000,WT,0.9789537184770903,0.9789537184770903,1.0,1.0,1.0,0.0,0.0,0.9901632613493154,0.9993440833888119
consensus_DB,1,BraTS-GLI-00266-000,TC,0.9789633593608362,0.9789633593608362,1.0,1.0,1.0,0.0,0.0,0.9717402636086082,0.999877026380328
consensus_DB,1,BraTS-GLI-00266-000,ET,0.9530392213998484,0.9530392213998484,1.0,1.0,1.0,0.0,0.0,0.9565736212826692,0.9997554376849481
consensus_DB,1,BraTS-GLI-00291-000,WT,0.9507251236482521,0.6307989747615922,2.0,125.80473785412437,2.0,1.0,0.0,0.9870152475109657,0.9994214562617777
consensus_DB,1,BraTS-GLI-00291-000,TC,0.9366465361387852,0.9522685597901915,2.0,1.0,3.0,0.0,0.0,0.979248773425561,0.99984420508533
consensus_DB,1,BraTS-GLI-00291-000,ET,0.934177517620356,0.9495998027309405,2.0,1.0,3.0,0.0,0.0,0.9728788255785021,0.999851277649487
consensus_DB,1,BraTS-GLI-00297-000,WT,0.9275592461485868,0.9275592461485868,3.605551275463989,3.605551275463989,1.0,0.0,0.0,0.9102537741464206,0.9994516498322976
consensus_DB,1,BraTS-GLI-00297-000,TC,0.9265598046246584,0.9265598046246584,6.164414002968976,6.164414002968976,1.0,0.0,0.0,0.998100010439503,0.9991568793387016
consensus_DB,1,BraTS-GLI-00297-000,ET,0.8262824259317538,0.8262824259317538,4.47213595499958,4.47213595499958,1.0,0.0,0.0,0.9753237104648694,0.9991847712622834
consensus_DB,1,BraTS-GLI-00340-000,WT,0.8327374129642618,0.8327374129642618,5.385164807134504,5.385164807134504,1.0,0.0,0.0,0.7373810822274738,0.9998753231311904
consensus_DB,1,BraTS-GLI-00340-000,TC,0.9622024350354352,0.9622024350354352,1.0,1.0,1.0,0.0,0.0,0.9526808204390068,0.9999656830794255
consensus_DB,1,BraTS-GLI-00340-000,ET,0.9615259965739155,0.9615259965739155,1.4142135623730951,1.4142135623730951,1.0,0.0,0.0,0.9578452172308828,0.9999580583905704
consensus_DB,1,BraTS-GLI-00318-000,WT,0.9388596509599648,0.9388596509599648,2.23606797749979,2.23606797749979,1.0,0.0,0.0,0.9151025931153546,0.999328616557259
consensus_DB,1,BraTS-GLI-00318-000,TC,0.956700419438207,0.956700419438207,2.0,2.0,1.0,0.0,0.0,0.9331955780555843,0.9999037119331322
consensus_DB,1,BraTS-GLI-00318-000,ET,0.8924553827906373,0.8924553827906373,1.4142135623730951,1.4142135623730951,1.0,0.0,0.0,0.8537389639400064,0.9998114563736679
consensus_DB,1,BraTS-GLI-00364-000,WT,0.989473404219948,0.989473404219948,1.0,1.0,1.0,0.0,0.0,0.9964240752149572,0.9998513554328798
consensus_DB,1,BraTS-GLI-00364-000,TC,0.9938141740195309,0.9938141740195309,0.0,0.0,1.0,0.0,0.0,0.9919142534787514,0.9999847123883161
consensus_DB,1,BraTS-GLI-00364-000,ET,0.9853306613226452,0.9853306613226452,0.0,0.0,1.0,0.0,0.0,0.9862398202752036,0.9999563072211134
consensus_DB,1,BraTS-GLI-00347-000,WT,0.9790939966954286,0.9790939966954286,1.0,1.0,1.0,0.0,0.0,0.9748100759696121,0.9998372257567899
consensus_DB,1,BraTS-GLI-00347-000,TC,0.983649974326406,0.983649974326406,1.0,1.0,1.0,0.0,0.0,0.9799160025845358,0.9999478115493041
consensus_DB,1,BraTS-GLI-00347-000,ET,0.9526482269840892,0.9526482269840892,1.0,1.0,1.0,0.0,0.0,0.9703488372093023,0.9998451842072174
consensus_DB,1,BraTS-GLI-00336-000,WT,0.9833666640367998,0.9833666640367998,1.0,1.0,1.0,0.0,0.0,0.9876863923265621,0.9996513670465119
consensus_DB,1,BraTS-GLI-00336-000,TC,0.9844883889695211,0.9844883889695211,1.0,1.0,1.0,0.0,0.0,0.9958403425600245,0.9998999472193477
consensus_DB,1,BraTS-GLI-00336-000,ET,0.9570731982299389,0.9570731982299389,1.0,1.0,1.0,0.0,0.0,0.988932898415657,0.9998504067858085
consensus_DB,1,BraTS-GLI-00356-000,WT,0.9850946001736828,0.9850946001736828,1.0,1.0,1.0,0.0,0.0,0.9942811161881772,0.9999046462787367
consensus_DB,1,BraTS-GLI-00356-000,TC,0.9799856154361251,0.9799856154361251,1.0,1.0,1.0,0.0,0.0,0.9872576454127523,0.9999380331450828
consensus_DB,1,BraTS-GLI-00356-000,ET,0.9535014490246118,0.9535014490246118,1.0,1.0,1.0,0.0,0.0,0.9590185330200992,0.9999322604692622
consensus_DB,1,BraTS-GLI-00320-000,WT,0.8414361220894243,0.8414361220894243,6.708203932499369,6.708203932499369,1.0,0.0,0.0,0.8967547131511507,0.998959227386934
consensus_DB,1,BraTS-GLI-00320-000,TC,0.9256044192553268,0.9256044192553268,2.449489742783178,2.449489742783178,1.0,0.0,0.0,0.8992194034011709,0.9999648014656939
consensus_DB,1,BraTS-GLI-00320-000,ET,0.811879181025745,0.811879181025745,2.0,2.0,1.0,0.0,0.0,0.9268687803749132,0.9998274254374233
consensus_DB,1,BraTS-GLI-00377-000,WT,0.9756676177347482,0.2442575322236312,1.0,280.75,1.0,3.0,0.0,0.9945101627344618,0.9998482702470992
consensus_DB,1,BraTS-GLI-00377-000,TC,0.9752027344011795,0.9752027344011795,1.0,1.0,1.0,0.0,0.0,0.9761840869448544,0.99995680512289
consensus_DB,1,BraTS-GLI-00377-000,ET,0.9482193881106697,0.9482193881106697,2.0,2.0,1.0,0.0,0.0,0.9728299728299729,0.9998759257052996
consensus_DB,1,BraTS-GLI-00299-000,WT,0.9271032200585465,0.9271032200585465,4.47213595499958,4.47213595499958,1.0,0.0,0.0,0.9821184798179826,0.9990863337379414
consensus_DB,1,BraTS-GLI-00299-000,TC,0.8196814886694446,0.8196814886694446,3.1622776601683795,3.1622776601683795,1.0,0.0,0.0,0.8409463574607636,0.9997980819919408
consensus_DB,1,BraTS-GLI-00299-000,ET,0.8369910282953761,0.8369910282953761,2.23606797749979,2.23606797749979,1.0,0.0,0.0,0.8501331837936352,0.9998550589309313
consensus_DB,1,BraTS-GLI-00353-000,WT,0.9111496044806282,0.49085491035323686,64.20280367709809,187.70710678118655,1.0,1.0,0.0,0.992315625314418,0.998329997170138
consensus_DB,1,BraTS-GLI-00353-000,TC,0.9810231603930126,0.9810231603930126,1.4142135623730951,1.4142135623730951,1.0,0.0,0.0,0.9894512628055584,0.9998460361054906
consensus_DB,1,BraTS-GLI-00353-000,ET,0.98347221007658,0.98347221007658,0.0,0.0,1.0,0.0,0.0,0.9778407114820887,0.999951506264918
consensus_DB,1,BraTS-GLI-00325-000,WT,0.9840422642821192,0.9840422642821192,1.0,1.0,1.0,0.0,0.0,0.9740013045940347,0.9999112475824923
consensus_DB,1,BraTS-GLI-00325-000,TC,0.965996598603526,0.965996598603526,1.0,1.0,1.0,0.0,0.0,0.9669874167283494,0.9998133033207349
consensus_DB,1,BraTS-GLI-00325-000,ET,0.9105737072292256,0.9105737072292256,2.8284271247461903,2.8284271247461903,1.0,0.0,0.0,0.8640058586598316,0.9998446050904491
consensus_DB,1,BraTS-GLI-00405-000,WT,0.978997731151766,0.978997731151766,1.0,1.0,1.0,0.0,0.0,0.9965322839480331,0.9993589975637126
consensus_DB,1,BraTS-GLI-00405-000,TC,0.9778847104577963,0.9778847104577963,1.0,1.0,1.0,0.0,0.0,0.9870587843906983,0.9998928965701166
consensus_DB,1,BraTS-GLI-00405-000,ET,0.9727765706877979,0.9727765706877979,1.0,1.0,1.0,0.0,0.0,0.9628090212519879,0.9999480918239904
consensus_DB,1,BraTS-GLI-00442-000,WT,0.9407030721500385,0.4756119340979945,12.36931687685298,128.07778182401128,2.0,0.0,1.0,0.8964344462721736,0.9999521558786241
consensus_DB,1,BraTS-GLI-00442-000,TC,0.9716023376993618,0.9716023376993618,1.4142135623730951,1.4142135623730951,1.0,0.0,0.0,0.9881447118327373,0.9998398329136956
consensus_DB,1,BraTS-GLI-00442-000,ET,0.9055185242598047,0.9055185242598047,2.0,2.0,1.0,0.0,0.0,0.8988305893214341,0.9998740325577045
consensus_DB,1,BraTS-GLI-00479-001,WT,0.9854638016358068,0.9854638016358068,1.0,1.0,1.0,0.0,0.0,0.9802832832060873,0.9999190978552118
consensus_DB,1,BraTS-GLI-00479-001,TC,0.9955733378734997,0.9955733378734997,0.0,0.0,1.0,0.0,0.0,0.9968462325264235,0.9999924856453395
consensus_DB,1,BraTS-GLI-00479-001,ET,0.9910705121625782,0.9910705121625782,0.0,0.0,1.0,0.0,0.0,0.9902574094964619,0.9999911417588812
consensus_DB,1,BraTS-GLI-00464-001,WT,0.9572804424525603,0.9572804424525603,1.0,1.0,1.0,0.0,0.0,0.936561246384924,0.9999757773698059
consensus_DB,1,BraTS-GLI-00464-001,TC,0.9724891188305822,0.9724891188305822,1.0,1.0,1.0,0.0,0.0,0.9819237147595357,0.9999746692714726
consensus_DB,1,BraTS-GLI-00464-001,ET,0.9615288325127264,0.9615288325127264,1.0,1.0,1.0,0.0,0.0,0.9771031207598372,0.9999634615332885
consensus_DB,1,BraTS-GLI-00413-000,WT,0.9921898302088972,0.9921898302088972,0.0,0.0,1.0,0.0,0.0,0.9928918073381311,0.9999127585376973
consensus_DB,1,BraTS-GLI-00413-000,TC,0.9929402115007177,0.9929402115007177,0.0,0.0,1.0,0.0,0.0,0.9875593625265857,0.9999938158311799
consensus_DB,1,BraTS-GLI-00413-000,ET,0.9824235864130715,0.9824235864130715,0.0,0.0,1.0,0.0,0.0,0.9689226285288237,0.9999880878706091
consensus_DB,1,BraTS-GLI-00407-000,WT,0.9400376250307164,0.9400376250307164,1.7320508075688772,1.7320508075688772,1.0,0.0,0.0,0.9597515834498642,0.9988653745047653
consensus_DB,1,BraTS-GLI-00407-000,TC,0.9444807315480078,0.9444807315480078,1.4142135623730951,1.4142135623730951,1.0,0.0,0.0,0.906118263643614,0.9999750854222111
consensus_DB,1,BraTS-GLI-00407-000,ET,0.8902843601895735,0.8902843601895735,1.4142135623730951,1.4142135623730951,1.0,0.0,0.0,0.8600534147272033,0.9998941098016297
consensus_DB,1,BraTS-GLI-00423-000,WT,0.9554101747439098,0.9554101747439098,1.4142135623730951,1.4142135623730951,1.0,0.0,0.0,0.9493140374285812,0.9997500434633491
consensus_DB,1,BraTS-GLI-00423-000,TC,0.961439221887968,0.961439221887968,1.0,1.0,1.0,0.0,0.0,0.9424448692246725,0.9999128878880625
consensus_DB,1,BraTS-GLI-00423-000,ET,0.9458183523526653,0.9458183523526653,1.0,1.0,1.0,0.0,0.0,0.9259021210173538,0.9998825225874215
consensus_DB,1,BraTS-GLI-00477-001,WT,0.9796678009920805,0.9796678009920805,1.0,1.0,1.0,0.0,0.0,0.9776959184307874,0.9995961069657123
consensus_DB,1,BraTS-GLI-00477-001,TC,0.9809584163196331,0.9809584163196331,1.0,1.0,1.0,0.0,0.0,0.9690998255995945,0.9999491023103375
consensus_DB,1,BraTS-GLI-00477-001,ET,0.965752589884217,0.965752589884217,1.0,1.0,1.0,0.0,0.0,0.9416518122400476,0.9999439627154744
consensus_DB,1,BraTS-GLI-00449-000,WT,0.9887247988988797,0.9887448778814737,1.0,1.0,1.0,0.0,0.0,0.993281227332076,0.999596321483828
consensus_DB,1,BraTS-GLI-00449-000,TC,0.9696276842267882,0.9696276842267882,2.23606797749979,2.23606797749979,1.0,0.0,0.0,0.9561036840245195,0.9998515703752556
consensus_DB,1,BraTS-GLI-00449-000,ET,0.9296728339905072,0.9296728339905072,2.0,2.0,1.0,0.0,0.0,0.8775399662627482,0.9999248593905962
consensus_DB,1,BraTS-GLI-00446-000,WT,0.9851801821530575,0.9851801821530575,1.0,1.0,1.0,0.0,0.0,0.9881893222964693,0.9995551986941782
consensus_DB,1,BraTS-GLI-00446-000,TC,0.9799379644776249,0.9799379644776249,2.0,2.0,1.0,0.0,0.0,0.9909581778912232,0.9996360810048334
consensus_DB,1,BraTS-GLI-00446-000,ET,0.9680547823929068,0.9680547823929068,1.0,1.0,1.0,0.0,0.0,0.9684250077159459,0.9997277906233245
consensus_DB,1,BraTS-GLI-00410-000,WT,0.9119317084476032,0.7096974667155624,10.488088481701515,7.257705235515463,2.0,0.0,0.0,0.9108761912110807,0.999493024124616
consensus_DB,1,BraTS-GLI-00410-000,TC,0.9887429643527205,0.9887429643527205,0.0,0.0,1.0,0.0,0.0,0.9844716870986573,0.9999933852312394
consensus_DB,1,BraTS-GLI-00410-000,ET,0.973351682722382,0.973351682722382,1.0,1.0,1.0,0.0,0.0,0.9599012954966071,0.9999886769967584
consensus_DB,1,BraTS-GLI-00418-000,WT,0.9105454769838331,0.9105567142627948,18.788294228055936,18.708286933869708,1.0,0.0,0.0,0.846564701562751,0.9997430798342003
consensus_DB,1,BraTS-GLI-00418-000,TC,0.987456047101153,0.987456047101153,1.0,1.0,1.0,0.0,0.0,0.9845416299774973,0.9999670687982258
consensus_DB,1,BraTS-GLI-00418-000,ET,0.9816842679552629,0.9816842679552629,0.0,0.0,1.0,0.0,0.0,0.9692574066948827,0.9999841608805202
consensus_DB,1,BraTS-GLI-00499-000,WT,0.9753389770556747,0.9753389770556747,1.0,1.0,1.0,0.0,0.0,0.9761814851877726,0.9996932694058109
consensus_DB,1,BraTS-GLI-00499-000,TC,0.9897582255590124,0.9897582255590124,1.0,1.0,1.0,0.0,0.0,0.9867053998632946,0.9999529848424034
consensus_DB,1,BraTS-GLI-00499-000,ET,0.9604960097608346,0.9604960097608346,1.0,1.0,1.0,0.0,0.0,0.9750758341759352,0.9997539500744788
consensus_DB,1,BraTS-GLI-00574-000,WT,0.9737773423441436,0.4869787370199831,1.0,187.5,1.0,1.0,0.0,0.9839286435815588,0.9995860235197538
consensus_DB,1,BraTS-GLI-00574-000,TC,0.9816632231404959,0.9816632231404959,1.0,1.0,1.0,0.0,0.0,0.9789327289584836,0.9999662123708521
consensus_DB,1,BraTS-GLI-00574-000,ET,0.9730117177761157,0.9730117177761157,0.0,0.0,1.0,0.0,0.0,0.9681840734309104,0.9999603899336121
consensus_DB,1,BraTS-GLI-00599-000,WT,0.9779166666666667,0.9779166666666667,1.0,1.0,1.0,0.0,0.0,0.9883079183614959,0.9995829356836237
consensus_DB,1,BraTS-GLI-00599-000,TC,0.9769808353505296,0.9769808353505296,1.0,1.0,1.0,0.0,0.0,0.9736332626532682,0.9999286152631359
consensus_DB,1,BraTS-GLI-00599-000,ET,0.9642152719075796,0.9642152719075796,1.0,1.0,1.0,0.0,0.0,0.9627039627039627,0.9999045278294638
consensus_DB,1,BraTS-GLI-00555-001,WT,0.948416808758147,0.3162447660949223,3.0,250.2761423749154,1.0,2.0,0.0,0.9414407289063241,0.9998442064877769
consensus_DB,1,BraTS-GLI-00555-001,TC,0.9717452530208049,0.9717452530208049,1.0,1.0,1.0,0.0,0.0,0.9890272469485883,0.9999152806544328
consensus_DB,1,BraTS-GLI-00555-001,ET,0.9542867500453145,0.9542867500453145,1.0,1.0,1.0,0.0,0.0,0.9575845762095307,0.9999239420456336
consensus_DB,1,BraTS-GLI-00567-000,WT,0.9204454111305499,0.9204454111305499,2.0,2.0,1.0,0.0,0.0,0.9131485129937142,0.9996593274062829
consensus_DB,1,BraTS-GLI-00567-000,TC,0.9523155979700616,0.9523155979700616,1.4142135623730951,1.4142135623730951,1.0,0.0,0.0,0.9648181083265966,0.9997864466692705
consensus_DB,1,BraTS-GLI-00567-000,ET,0.9116481391976801,0.9116481391976801,1.4142135623730951,1.4142135623730951,1.0,0.0,0.0,0.9374751491053678,0.9997308001454892
consensus_DB,1,BraTS-GLI-00584-000,WT,0.9172628304821151,0.9172628304821151,6.0,6.0,1.0,0.0,0.0,0.9459502806736166,0.9998369137897579
consensus_DB,1,BraTS-GLI-00584-000,TC,0.9561541084214116,0.9561541084214116,1.0,1.0,1.0,0.0,0.0,0.9195960125918153,0.9999966369130628
consensus_DB,1,BraTS-GLI-00584-000,ET,0.9542258573683455,0.9542258573683455,1.0,1.0,1.0,0.0,0.0,0.9210526315789473,0.9999923773481691
consensus_DB,1,BraTS-GLI-00537-000,WT,0.8151784813955834,0.8151784813955834,11.090536506409418,11.090536506409418,1.0,0.0,0.0,0.6924378205334104,0.9999320852181101
consensus_DB,1,BraTS-GLI-00537-000,TC,0.916342499441091,0.9147101050336259,2.0,1.8251407699364424,2.0,0.0,0.0,0.8648352112081699,0.9999394674687059
consensus_DB,1,BraTS-GLI-00537-000,ET,0.8700093969110667,0.8799343986750996,2.8284271247461903,2.121320343559643,2.0,0.0,0.0,0.8320582542169785,0.99980339763911
consensus_DB,1,BraTS-GLI-00597-000,WT,0.9651205282324626,0.9651205282324626,2.8284271247461903,2.8284271247461903,1.0,0.0,0.0,0.9750728844415588,0.9995956811332138
consensus_DB,1,BraTS-GLI-00597-000,TC,0.0021816457197059522,0.0006018562513858532,25.199206336708304,260.4138467590631,1.0,2.0,0.0,0.0070987654320987656,0.9980030835563085
consensus_DB,1,BraTS-GLI-00597-000,ET,0.0,0.0,24.392621835300936,374.0,0.0,1.0,1.0,0.0,0.9999994399464679
consensus_DB,1,BraTS-GLI-00580-000,WT,0.9416087093842455,0.9416087093842455,3.0,3.0,1.0,0.0,0.0,0.9285432795596404,0.999216023762826
consensus_DB,1,BraTS-GLI-00580-000,TC,0.9535835726783533,0.31796878655031113,1.7320508075688772,249.91068360252294,1.0,2.0,0.0,0.9440159487548205,0.9997521091026711
consensus_DB,1,BraTS-GLI-00580-000,ET,0.9189627228525121,0.3064938825743864,1.0,249.66666666666666,1.0,2.0,0.0,0.9574237124592933,0.9995291650121486
consensus_DB,1,BraTS-GLI-00572-000,WT,0.9539711609792285,0.9539711609792285,2.8284271247461903,2.8284271247461903,1.0,0.0,0.0,0.9860776631561291,0.9992334251074986
consensus_DB,1,BraTS-GLI-00572-000,TC,0.951429424700676,0.6325671790123462,1.4142135623730951,125.47140452079104,2.0,1.0,0.0,0.9740396909222303,0.9998516275681366
consensus_DB,1,BraTS-GLI-00572-000,ET,0.9455060155697098,0.6309863505631023,1.0,125.33333333333333,2.0,1.0,0.0,0.962420458638492,0.9998628713834572
consensus_DB,1,BraTS-GLI-00570-000,WT,0.9255404062617081,0.9255404062617081,2.0,2.0,1.0,0.0,0.0,0.9574668868592228,0.9992537766142295
consensus_DB,1,BraTS-GLI-00570-000,TC,0.9336312755826581,0.9336507737610426,3.0,3.0,1.0,0.0,0.0,0.9034435373049875,0.9999113807552247
consensus_DB,1,BraTS-GLI-00570-000,ET,0.8686935448336638,0.86872544339588,3.0,3.0,1.0,0.0,0.0,0.8055158324821247,0.9999192219729697
consensus_DB,1,BraTS-GLI-00587-000,WT,0.9482810242257774,0.9483458365201543,2.23606797749979,2.23606797749979,1.0,0.0,0.0,0.9699673109059074,0.998703433219064
consensus_DB,1,BraTS-GLI-00587-000,TC,0.9660626089482859,0.329794547416146,2.23606797749979,131.83798826820495,2.0,1.0,0.0,0.9511490913641605,0.9997718953522572
consensus_DB,1,BraTS-GLI-00587-000,ET,0.9122895835970131,0.3392116618925867,1.0,126.10554159678513,2.0,1.0,0.0,0.8843396722460783,0.9996502063759836
consensus_DB,1,BraTS-GLI-00611-000,WT,0.6582024675457725,0.6582024675457725,20.85665361461421,20.85665361461421,1.0,0.0,0.0,0.5026713461796396,0.999749619054386
consensus_DB,1,BraTS-GLI-00611-000,TC,0.9826092153230144,0.9826092153230144,1.0,1.0,1.0,0.0,0.0,0.9951178179470627,0.9999155361388514
consensus_DB,1,BraTS-GLI-00611-000,ET,0.9497380307136405,0.9497380307136405,1.0,1.0,1.0,0.0,0.0,0.9578019094818162,0.9999089101878009
consensus_DB,1,BraTS-GLI-00610-000,WT,0.9465990838993151,0.9465990838993151,2.0,2.0,1.0,0.0,0.0,0.9384733650314608,0.9996482178213574
consensus_DB,1,BraTS-GLI-00610-000,TC,0.9554885618017379,0.9554885618017379,1.0,1.0,1.0,0.0,0.0,0.9201867243538654,0.999994169891819
consensus_DB,1,BraTS-GLI-00610-000,ET,0.9254119687771032,0.9254119687771032,1.0,1.0,1.0,0.0,0.0,0.8703099510603589,0.9999912562366573
consensus_DB,1,BraTS-GLI-00613-001,WT,0.9354793926247289,0.31334083161134507,4.0,250.66666666666666,1.0,2.0,0.0,0.8995894800080102,0.9998399878395269
consensus_DB,1,BraTS-GLI-00613-001,TC,0.8547641073080481,0.9067713444553483,44.395945760846224,1.0,1.0,0.0,0.0,0.77,0.9999978717207698
consensus_DB,1,BraTS-GLI-00613-001,ET,0.8449096098953378,0.897876643073812,44.75488800120049,1.0,1.0,0.0,0.0,0.74,0.9999992158971257
consensus_DB,1,BraTS-GLI-00612-001,WT,0.9706775082843697,0.9706775082843697,1.0,1.0,1.0,0.0,0.0,0.9602754820936639,0.9998877563094816
consensus_DB,1,BraTS-GLI-00612-001,TC,0.8195862791306625,0.7962910229942337,1.4142135623730951,1.4142135623730951,2.0,0.0,0.0,0.9238488783943329,0.999937264082141
consensus_DB,1,BraTS-GLI-00612-001,ET,0.8602816901408451,0.8363882118074211,1.4142135623730951,1.7071067811865475,2.0,0.0,0.0,0.9014167650531287,0.9999631426482578
consensus_DB,1,BraTS-GLI-00630-000,WT,0.9038375267075739,0.4828659170674639,28.460498941515414,187.5,1.0,1.0,0.0,0.9655121998765392,0.998813052631484
consensus_DB,1,BraTS-GLI-00630-000,TC,0.808684567289209,0.48338171262699564,45.387222871640866,187.5,1.0,1.0,0.0,0.9790788829005389,0.9989864823145206
consensus_DB,1,BraTS-GLI-00630-000,ET,0.7960801022582019,0.48055555555555557,45.0,187.5,1.0,1.0,0.0,0.9679324457338238,0.9989950269944078
consensus_DB,1,BraTS-GLI-00616-000,WT,0.9883024721424986,0.9883061751338551,1.0,1.0,1.0,0.0,0.0,0.9937535320046716,0.9997392921320912
consensus_DB,1,BraTS-GLI-00616-000,TC,0.9919852648347272,0.9919852648347272,0.0,0.0,1.0,0.0,0.0,0.9891293557033655,0.9999768219207922
consensus_DB,1,BraTS-GLI-00616-000,ET,0.9657693765910199,0.9657693765910199,0.0,0.0,1.0,0.0,0.0,0.9421430835887139,0.9999810305762417
consensus_DB,1,BraTS-GLI-00624-000,WT,0.904844358742277,0.904844358742277,8.366600265340756,8.366600265340756,1.0,0.0,0.0,0.9091735863977857,0.9991395291302771
consensus_DB,1,BraTS-GLI-00624-000,TC,0.9719390639892732,0.9719390639892732,1.0,1.0,1.0,0.0,0.0,0.9814041498107791,0.9998688373209635
consensus_DB,1,BraTS-GLI-00624-000,ET,0.9052784302887937,0.9052784302887937,1.0,1.0,1.0,0.0,0.0,0.9120206027702373,0.9998341865768986
consensus_DB,1,BraTS-GLI-00625-000,WT,0.9631086173687295,0.9631086173687295,1.4142135623730951,1.4142135623730951,1.0,0.0,0.0,0.93538773863592,0.9998765715473598
consensus_DB,1,BraTS-GLI-00625-000,TC,0.9894524269587831,0.9894524269587831,1.0,1.0,1.0,0.0,0.0,0.9848879248011569,0.9999540572421929
consensus_DB,1,BraTS-GLI-00625-000,ET,0.9615157514501059,0.9615157514501059,1.0,1.0,1.0,0.0,0.0,0.9589510877095746,0.9998841460043519
consensus_DB,1,BraTS-GLI-00621-000,WT,0.7781070568623819,0.7781214691881679,8.774964387392123,8.717797887081348,1.0,0.0,0.0,0.7827464132662567,0.9993090792048007
consensus_DB,1,BraTS-GLI-00621-000,TC,0.2999785729590744,0.2999785729590744,17.233687939614086,17.233687939614086,1.0,0.0,0.0,0.18459915611814345,0.9999803904167182
consensus_DB,1,BraTS-GLI-00621-000,ET,0.298494623655914,0.298494623655914,17.233687939614086,17.233687939614086,1.0,0.0,0.0,0.18301687763713081,0.9999816230190959
consensus_DB,1,BraTS-GLI-00654-000,WT,0.863161629376677,0.863161629376677,9.273618495495704,9.273618495495704,1.0,0.0,0.0,0.7990311290835754,0.9994221209125077
consensus_DB,1,BraTS-GLI-00654-000,TC,0.9843198531420392,0.6270890939370038,1.0,125.1380711874577,2.0,1.0,0.0,0.9773250010849281,0.9999560905453486
consensus_DB,1,BraTS-GLI-00654-000,ET,0.9535989768594381,0.5700059325577649,1.0,125.33333333333333,2.0,1.0,0.0,0.9366412813064301,0.9999204720098542
consensus_DB,1,BraTS-GLI-00628-000,WT,0.952661744114245,0.952661744114245,1.0,1.0,1.0,0.0,0.0,0.9930375500879371,0.9994298335134145
consensus_DB,1,BraTS-GLI-00628-000,TC,0.9569823844779167,0.5935226267366321,19.261360284258224,125.33333333333333,2.0,0.0,1.0,0.9350212022948367,0.9999828474990197
consensus_DB,1,BraTS-GLI-00628-000,ET,0.9391679748822606,0.5836301007623574,18.2208671582886,125.88342717995762,2.0,0.0,1.0,0.920266632483015,0.999965471622326
consensus_DB,1,BraTS-GLI-00610-001,WT,0.8763783008882756,0.8772499262319268,8.06225774829855,12.649110640673518,1.0,0.0,0.0,0.8938996392259757,0.9987927484498845
consensus_DB,1,BraTS-GLI-00610-001,TC,0.8752612657804532,0.4417299578059072,23.345235059857504,189.0,1.0,0.0,1.0,0.8644921552436003,0.9998493700572798
consensus_DB,1,BraTS-GLI-00610-001,ET,0.7983290786725459,0.40613931523022434,22.02271554554524,188.5811388300842,1.0,0.0,1.0,0.7188631930899972,0.9999339746942603
consensus_DB,1,BraTS-GLI-00692-001,WT,0.9854919471033824,0.9854919471033824,1.0,1.0,1.0,0.0,0.0,0.9912898735811965,0.9998389083426852
consensus_DB,1,BraTS-GLI-00692-001,TC,0.9755084295444665,0.9755084295444665,1.4142135623730951,1.4142135623730951,1.0,0.0,0.0,0.9981711235233058,0.9998903204607125
consensus_DB,1,BraTS-GLI-00692-001,ET,0.9628804061793752,0.9628804061793752,1.0,1.0,1.0,0.0,0.0,0.9966034350166624,0.9998714150493313
consensus_DB,1,BraTS-GLI-00675-001,WT,0.0,0.0,374.0,374.0,0.0,0.0,1.0,0.0,1.0
consensus_DB,1,BraTS-GLI-00675-001,TC,1.0,1.0,0.0,0.0,0.0,0.0,0.0,1.0,1.0
consensus_DB,1,BraTS-GLI-00675-001,ET,1.0,1.0,0.0,0.0,0.0,0.0,0.0,1.0,1.0
consensus_DB,1,BraTS-GLI-00656-000,WT,0.9545510481959756,0.48265950485549924,48.08326112068523,188.0,1.0,0.0,1.0,0.9576798387803382,0.9993029219001013
consensus_DB,1,BraTS-GLI-00656-000,TC,0.2943452960993401,0.01965640339134315,28.337254630609507,350.953462893078,1.0,14.0,0.0,0.9483315392895587,0.9971916830691563
consensus_DB,1,BraTS-GLI-00656-000,ET,0.7821309125656952,0.39157995455089106,7.280109889280518,190.5,1.0,1.0,0.0,0.6827945776850887,0.9999660435908398
consensus_DB,1,BraTS-GLI-00723-000,WT,0.9714193328183663,0.3238607439526151,1.0,249.66666666666666,1.0,2.0,0.0,0.9767593083184818,0.999678573867411
consensus_DB,1,BraTS-GLI-00723-000,TC,0.9708468983397905,0.9708468983397905,1.4142135623730951,1.4142135623730951,1.0,0.0,0.0,0.9625799666987994,0.9999215180699023
consensus_DB,1,BraTS-GLI-00723-000,ET,0.9321682603985114,0.9321682603985114,1.0,1.0,1.0,0.0,0.0,0.8906742281033396,0.999949358742444
consensus_DB,1,BraTS-GLI-00714-000,WT,0.9588884622301721,0.9588884622301721,1.4142135623730951,1.4142135623730951,1.0,0.0,0.0,0.9265304013751773,0.9998539313801064
consensus_DB,1,BraTS-GLI-00714-000,TC,0.9785646722126555,0.9785646722126555,1.0,1.0,1.0,0.0,0.0,0.9699032673705263,0.9998539211573162
consensus_DB,1,BraTS-GLI-00714-000,ET,0.9296128707893414,0.9296128707893414,1.0,1.0,1.0,0.0,0.0,0.9088496097206111,0.9997336979853532
consensus_DB,1,BraTS-GLI-00708-000,WT,0.9200022299029992,0.46002676032781403,3.4641016151377544,188.6583123951777,1.0,1.0,0.0,0.9983666061705989,0.9996809729483463
consensus_DB,1,BraTS-GLI-00708-000,TC,0.9456498617315465,0.9456498617315465,1.0,1.0,1.0,0.0,0.0,0.99921330636098,0.9998861993057149
consensus_DB,1,BraTS-GLI-00708-000,ET,0.8970058392346876,0.8970058392346876,1.7320508075688772,1.7320508075688772,1.0,0.0,0.0,0.9977888336097291,0.9998159350477156
consensus_DB,1,BraTS-GLI-00685-000,WT,0.8745541058721295,0.8745541058721295,7.681145747868608,7.681145747868608,1.0,0.0,0.0,0.8054918115366102,0.9996303741276824
consensus_DB,1,BraTS-GLI-00685-000,TC,0.9765679774658975,0.9765679774658975,1.0,1.0,1.0,0.0,0.0,0.989802024634718,0.9998316811609139
consensus_DB,1,BraTS-GLI-00685-000,ET,0.9214339020561517,0.9214339020561517,1.0,1.0,1.0,0.0,0.0,0.964185695820767,0.9997319694454146
consensus_DB,1,BraTS-GLI-00674-001,WT,0.9686783353568056,0.6461236859638015,1.0,125.57735026918964,2.0,1.0,0.0,0.9485646821825747,0.9998637428455058
consensus_DB,1,BraTS-GLI-00674-001,TC,0.9825188252383417,0.9800836048010743,1.0,1.0,2.0,0.0,0.0,0.9789393132818739,0.9999534723976685
consensus_DB,1,BraTS-GLI-00674-001,ET,0.9676588124822572,0.9654093025237352,1.0,0.5,2.0,0.0,0.0,0.971669151828787,0.9999062345385246
consensus_DB,1,BraTS-GLI-00683-001,WT,0.9884660076061442,0.9884660076061442,1.0,1.0,1.0,0.0,0.0,0.9823602356102098,0.99988287770509
consensus_DB,1,BraTS-GLI-00683-001,TC,0.9882463248836353,0.9882463248836353,2.0,2.0,1.0,0.0,0.0,0.9866557135897754,0.9998798636928926
consensus_DB,1,BraTS-GLI-00683-001,ET,0.9746315140072991,0.9746315140072991,0.0,0.0,1.0,0.0,0.0,0.9732787031263918,0.9998179589325283
consensus_DB,1,BraTS-GLI-00697-000,WT,0.975331024217499,0.975331024217499,1.0,1.0,1.0,0.0,0.0,0.9894089022470302,0.9993725720449782
consensus_DB,1,BraTS-GLI-00697-000,TC,0.9890921087902345,0.9890921087902345,1.0,1.0,1.0,0.0,0.0,0.9876868591195487,0.9999220792508224
consensus_DB,1,BraTS-GLI-00697-000,ET,0.9644749754661432,0.9644749754661432,1.0,1.0,1.0,0.0,0.0,0.9677673472067222,0.9997990385599407
consensus_DB,1,BraTS-GLI-00682-001,WT,0.9840104385518721,0.9840104385518721,1.0,1.0,1.0,0.0,0.0,0.9754717973902063,0.9999071927649386
consensus_DB,1,BraTS-GLI-00682-001,TC,0.9753332462101412,0.9753332462101412,1.0,1.0,1.0,0.0,0.0,0.9523095572285313,0.9999983139724922
consensus_DB,1,BraTS-GLI-00682-001,ET,0.9662807708284419,0.9662807708284419,1.0,1.0,1.0,0.0,0.0,0.9368564824542971,0.9999928085411159
consensus_DB,1,BraTS-GLI-00682-000,WT,0.9551676804311963,0.9551676804311963,1.4142135623730951,1.4142135623730951,1.0,0.0,0.0,0.92733830541631,0.9998669486706736
consensus_DB,1,BraTS-GLI-00682-000,TC,0.9774913137620223,0.9774913137620223,1.0,1.0,1.0,0.0,0.0,0.9823886639676114,0.999938708431744
consensus_DB,1,BraTS-GLI-00682-000,ET,0.9411002712221188,0.9411002712221188,1.0,1.0,1.0,0.0,0.0,0.9377218457566957,0.9999233927392916
consensus_DB,1,BraTS-GLI-00727-001,WT,0.9709314140883523,0.9709314140883523,1.0,1.0,1.0,0.0,0.0,0.9447441666107019,0.9999799863247467
consensus_DB,1,BraTS-GLI-00727-001,TC,0.9680933852140078,0.9680933852140078,1.4142135623730951,1.4142135623730951,1.0,0.0,0.0,0.952913080701122,0.9999214283736326
consensus_DB,1,BraTS-GLI-00727-001,ET,0.8893496798942485,0.8893496798942485,3.0,3.0,1.0,0.0,0.0,0.8705977874758957,0.9998070337597749
consensus_DB,1,BraTS-GLI-00765-000,WT,0.9347297410620277,0.9347297410620277,2.23606797749979,2.23606797749979,1.0,0.0,0.0,0.9113769952667775,0.9995174602828987
consensus_DB,1,BraTS-GLI-00765-000,TC,0.8968378482027682,0.8968378482027682,3.605551275463989,3.605551275463989,1.0,0.0,0.0,0.8923578589516773,0.9996836784721457
consensus_DB,1,BraTS-GLI-00765-000,ET,0.8665126061329941,0.8665126061329941,2.0,2.0,1.0,0.0,0.0,0.7957081545064377,0.9999037838651043
consensus_DB,1,BraTS-GLI-00730-001,WT,0.9881239957008013,0.9881239957008013,1.0,1.0,1.0,0.0,0.0,0.9912040051665795,0.999840621593895
consensus_DB,1,BraTS-GLI-00730-001,TC,0.9883177570093458,0.9883177570093458,0.0,0.0,1.0,0.0,0.0,0.9956094690625991,0.9999525034339568
consensus_DB,1,BraTS-GLI-00730-001,ET,0.9680653837115178,0.9680653837115178,1.0,1.0,1.0,0.0,0.0,0.9924510118856409,0.9998785541705643
consensus_DB,1,BraTS-GLI-00799-000,WT,0.9784971923886449,0.9784971923886449,1.0,1.0,1.0,0.0,0.0,0.9840376299218572,0.9993820362107309
consensus_DB,1,BraTS-GLI-00799-000,TC,0.973864205082578,0.973864205082578,1.4142135623730951,1.4142135623730951,1.0,0.0,0.0,0.9747857063341868,0.999724490477101
consensus_DB,1,BraTS-GLI-00799-000,ET,0.9636187999796632,0.9636187999796632,1.0,1.0,1.0,0.0,0.0,0.9426208542927785,0.9998903769475026
consensus_DB,1,BraTS-GLI-00805-000,WT,0.9683375593264417,0.4842145707108024,1.0,187.5,1.0,1.0,0.0,0.961817093073771,0.9997619540619966
consensus_DB,1,BraTS-GLI-00805-000,TC,0.8874264911789415,0.8874264911789415,2.449489742783178,2.449489742783178,1.0,0.0,0.0,0.8106932719365567,0.9999928284012344
consensus_DB,1,BraTS-GLI-00805-000,ET,0.8351916376306621,0.8351916376306621,2.23606797749979,2.23606797749979,1.0,0.0,0.0,0.729236385762093,0.999993725288421
consensus_DB,1,BraTS-GLI-00737-000,WT,0.9442835091874062,0.94830296079181,1.4142135623730951,1.4142135623730951,1.0,0.0,0.0,0.9196836772519461,0.9999230658732455
consensus_DB,1,BraTS-GLI-00737-000,TC,0.9576729679842149,0.9576729679842149,1.4142135623730951,1.4142135623730951,1.0,0.0,0.0,0.9273343605546995,0.9999830561251827
consensus_DB,1,BraTS-GLI-00737-000,ET,0.938705636743215,0.938705636743215,1.4142135623730951,1.4142135623730951,1.0,0.0,0.0,0.9017327129793037,0.9999727442013008
consensus_DB,1,BraTS-GLI-00789-000,WT,0.9894736842105263,0.9894736842105263,1.0,1.0,1.0,0.0,0.0,0.9820414376887239,0.9999601518860248
consensus_DB,1,BraTS-GLI-00789-000,TC,0.9915987539724993,0.9915987539724993,0.0,0.0,1.0,0.0,0.0,0.9877964684985895,0.9999755634620832
consensus_DB,1,BraTS-GLI-00789-000,ET,0.970061145919831,0.970061145919831,1.0,1.0,1.0,0.0,0.0,0.9508953677667604,0.9999635718273058
consensus_DB,1,BraTS-GLI-00739-000,WT,0.9499538319482917,0.9499538319482917,3.1622776601683795,3.1622776601683795,1.0,0.0,0.0,0.9138512238127173,0.9997376719308851
consensus_DB,1,BraTS-GLI-00739-000,TC,0.9445858879767224,0.9445858879767224,1.4142135623730951,1.4142135623730951,1.0,0.0,0.0,0.9120074246870845,0.9999147177478105
consensus_DB,1,BraTS-GLI-00739-000,ET,0.9393745826195523,0.9393745826195523,1.0,1.0,1.0,0.0,0.0,0.8925704196209342,0.9999682852188989
consensus_DB,1,BraTS-GLI-00751-000,WT,0.9502885042166,0.9502885042166,3.7416573867739413,3.7416573867739413,1.0,0.0,0.0,0.920781008085326,0.9998652103057897
consensus_DB,1,BraTS-GLI-00751-000,TC,0.9854896371240974,0.9854896371240974,1.0,1.0,1.0,0.0,0.0,0.9861578750467639,0.9999635102714656
consensus_DB,1,BraTS-GLI-00751-000,ET,0.9678365431615994,0.9678365431615994,0.0,0.0,1.0,0.0,0.0,0.9755616870319275,0.9999309979447485
consensus_DB,1,BraTS-GLI-00777-000,WT,0.9714901667473272,0.9714901667473272,1.0,1.0,1.0,0.0,0.0,0.9739927483172037,0.99959930329598
consensus_DB,1,BraTS-GLI-00777-000,TC,0.982435117151777,0.982435117151777,1.0,1.0,1.0,0.0,0.0,0.9884510438479599,0.9998733211248678
consensus_DB,1,BraTS-GLI-00777-000,ET,0.9315340726969678,0.9315340726969678,1.0,1.0,1.0,0.0,0.0,0.9476945150981543,0.9998503253852074
consensus_DB,1,BraTS-GLI-00778-000,WT,0.9099466853357747,0.9099466853357747,6.0,6.0,1.0,0.0,0.0,0.8714182568334193,0.9997603475411129
consensus_DB,1,BraTS-GLI-00778-000,TC,0.9795175519772966,0.9795175519772966,1.0,1.0,1.0,0.0,0.0,0.9769259168102388,0.9999675708963045
consensus_DB,1,BraTS-GLI-00778-000,ET,0.9597827389272735,0.9597827389272735,1.0,1.0,1.0,0.0,0.0,0.9607419844886863,0.9999421232230231
consensus_DB,1,BraTS-GLI-00764-000,WT,0.7997973178394082,0.7997973178394082,15.264337522473747,15.264337522473747,1.0,0.0,0.0,0.6707043466437022,0.9999352922730377
consensus_DB,1,BraTS-GLI-00764-000,TC,0.9356306892067621,0.9506252384065177,6.48074069840786,4.56201920231798,2.0,0.0,0.0,0.9058453237410072,0.9998473578041137
consensus_DB,1,BraTS-GLI-00764-000,ET,0.9097404785979103,0.9258689727045273,3.0,3.5413812651491097,2.0,0.0,0.0,0.8673298886918074,0.9998274290791451
consensus_DB,1,BraTS-GLI-01012-000,WT,0.963494692433861,0.963494692433861,2.449489742783178,2.449489742783178,1.0,0.0,0.0,0.9539044261279718,0.9996253152384906
consensus_DB,1,BraTS-GLI-01012-000,TC,0.9672996090649892,0.9672996090649892,5.385164807134504,5.385164807134504,1.0,0.0,0.0,0.9517866697517028,0.9998740242665836
consensus_DB,1,BraTS-GLI-01012-000,ET,0.959420336735189,0.959420336735189,2.8284271247461903,2.8284271247461903,1.0,0.0,0.0,0.9375691480954639,0.9998795225573706
consensus_DB,1,BraTS-GLI-00834-000,WT,0.8774098879865178,0.8774098879865178,6.708203932499369,6.708203932499369,1.0,0.0,0.0,0.8228041253968038,0.9995629390866962
consensus_DB,1,BraTS-GLI-00834-000,TC,0.9684121961480072,0.9680890095346508,1.0,1.0,2.0,0.0,0.0,0.9712367465238287,0.9998940537885432
consensus_DB,1,BraTS-GLI-00834-000,ET,0.9580902092161605,0.9616845705444452,1.0,1.0,2.0,0.0,0.0,0.9506450050631797,0.9999137590961414
consensus_DB,1,BraTS-GLI-00839-000,WT,0.9486840893038111,0.9486840893038111,4.47213595499958,4.47213595499958,1.0,0.0,0.0,0.9776568137223874,0.9998521128506864
consensus_DB,1,BraTS-GLI-00839-000,TC,0.8917819365337672,0.8917819365337672,1.0,1.0,1.0,0.0,0.0,0.9597197898423818,0.9999753552705778
consensus_DB,1,BraTS-GLI-00839-000,ET,0.9124024284475282,0.9124024284475282,1.0,1.0,1.0,0.0,0.0,0.946894689468947,0.9999839809815043
consensus_DB,1,BraTS-GLI-01039-000,WT,0.9000772960438479,0.9000772960438479,5.0,5.0,1.0,0.0,0.0,0.8567892976588629,0.9999211268869803
consensus_DB,1,BraTS-GLI-01039-000,TC,0.9396372620585097,0.4705849268841395,4.0,189.0,1.0,1.0,0.0,0.8962082262210797,0.9999881148118148
consensus_DB,1,BraTS-GLI-01039-000,ET,0.9357988526791163,0.468728984532616,3.0,188.5,1.0,1.0,0.0,0.896830038601006,0.9999809405309811
consensus_DB,1,BraTS-GLI-01000-000,WT,0.9868584908525782,0.9868584908525782,1.0,1.0,1.0,0.0,0.0,0.9789197766440365,0.9999437045870454
consensus_DB,1,BraTS-GLI-01000-000,TC,0.9894128100480415,0.9894128100480415,1.0,1.0,1.0,0.0,0.0,0.9800698153176001,0.9999960649764579
consensus_DB,1,BraTS-GLI-01000-000,ET,0.9629496402877697,0.9629496402877697,0.0,0.0,1.0,0.0,0.0,0.9373905735695777,0.9999847426231986
consensus_DB,1,BraTS-GLI-01025-000,WT,0.9777404275434635,0.9777404275434635,1.0,1.0,1.0,0.0,0.0,0.9981768654955708,0.999770981459294
consensus_DB,1,BraTS-GLI-01025-000,TC,0.9882258194410888,0.9882258194410888,1.0,1.0,1.0,0.0,0.0,0.9908911786556414,0.9999495337831983
consensus_DB,1,BraTS-GLI-01025-000,ET,0.9325953356445005,0.9325953356445005,2.0,2.0,1.0,0.0,0.0,0.8893271723205229,0.9999465251515467
consensus_DB,1,BraTS-GLI-01009-000,WT,0.9531558468939874,0.9531558468939874,2.0,2.0,1.0,0.0,0.0,0.9245542603231264,0.9999064705794193
consensus_DB,1,BraTS-GLI-01009-000,TC,0.9409837668687658,0.9409837668687658,1.4142135623730951,1.4142135623730951,1.0,0.0,0.0,0.9768539668037155,0.9997802049527076
consensus_DB,1,BraTS-GLI-01009-000,ET,0.8859917418565529,0.8859917418565529,1.0,1.0,1.0,0.0,0.0,0.9564966154862143,0.9997246487898118
consensus_DB,1,BraTS-GLI-01029-000,WT,0.9845820756252013,0.9845820756252013,1.0,1.0,1.0,0.0,0.0,0.9942057754469734,0.9995695353601812
consensus_DB,1,BraTS-GLI-01029-000,TC,0.975677440417891,0.975677440417891,1.0,1.0,1.0,0.0,0.0,0.9791939711664482,0.9999231770037773
consensus_DB,1,BraTS-GLI-01029-000,ET,0.9716063609126527,0.9716063609126527,1.0,1.0,1.0,0.0,0.0,0.9567013116688603,0.9999687849730411
consensus_DB,1,BraTS-GLI-01002-000,WT,0.9391561231797565,0.9391561231797565,2.8284271247461903,2.8284271247461903,1.0,0.0,0.0,0.94227717733002,0.9995147383006225
consensus_DB,1,BraTS-GLI-01002-000,TC,0.9285232636547539,0.9285232636547539,3.0,3.0,1.0,0.0,0.0,0.9759568204121688,0.9994792671860948
consensus_DB,1,BraTS-GLI-01002-000,ET,0.9051127297953521,0.9051127297953521,3.0,3.0,1.0,0.0,0.0,0.9314372197949684,0.9995009547417227
consensus_DB,1,BraTS-GLI-01019-000,WT,0.984557666104637,0.984557666104637,1.0,1.0,1.0,0.0,0.0,0.9814069447976036,0.9997757437556442
consensus_DB,1,BraTS-GLI-01019-000,TC,0.9749556216181534,0.9749556216181534,4.358898943540674,4.358898943540674,1.0,0.0,0.0,0.9947917424385702,0.9996438755684305
consensus_DB,1,BraTS-GLI-01019-000,ET,0.9725801123224315,0.9725801123224315,1.0,1.0,1.0,0.0,0.0,0.9810379670636797,0.9998096039333958
consensus_DB,1,BraTS-GLI-01004-000,WT,0.9447305098058772,0.3160759873854933,7.3484692283495345,252.08207041707843,1.0,2.0,0.0,0.9743220480641884,0.9992238618910313
consensus_DB,1,BraTS-GLI-01004-000,TC,0.9850995838287753,0.9850995838287753,1.0,1.0,1.0,0.0,0.0,0.973917196282282,0.9999896638260539
consensus_DB,1,BraTS-GLI-01004-000,ET,0.9517678384846135,0.9517678384846135,1.0,1.0,1.0,0.0,0.0,0.9107857050703135,0.9999946143045417
consensus_DB,1,BraTS-GLI-01049-000,WT,0.8827774424646391,0.29548898153908926,5.0,151.4972404668097,2.0,1.0,0.0,0.8733125649013499,0.9993144476687162
consensus_DB,1,BraTS-GLI-01049-000,TC,0.8983774551665243,0.9007951070336392,2.23606797749979,2.0,1.0,0.0,0.0,0.9002444987775061,0.9999047065972183
consensus_DB,1,BraTS-GLI-01049-000,ET,0.8908625834872815,0.8936564504632929,1.4142135623730951,1.0,1.0,0.0,0.0,0.9178623718887262,0.9998907094024663
consensus_DB,1,BraTS-GLI-01083-000,WT,0.981253083374445,0.981253083374445,1.0,1.0,1.0,0.0,0.0,0.9655016571256403,0.9999675314207297
consensus_DB,1,BraTS-GLI-01083-000,TC,0.9903846153846154,0.9903846153846154,0.0,0.0,1.0,0.0,0.0,0.9843003412969283,0.9999876345723866
consensus_DB,1,BraTS-GLI-01083-000,ET,0.968406887482032,0.968406887482032,0.0,0.0,1.0,0.0,0.0,0.9523580365736285,0.9999729559161233
consensus_DB,1,BraTS-GLI-01057-000,WT,0.9260688134792536,0.6260637760319335,4.47213595499958,126.0,2.0,0.0,1.0,0.9100193423597679,0.9997586966242838
consensus_DB,1,BraTS-GLI-01057-000,TC,0.9753628978559062,0.8191841292440457,1.0,1.5,2.0,0.0,0.0,0.987381363244176,0.9999224419538073
consensus_DB,1,BraTS-GLI-01057-000,ET,0.9361350782314329,0.7599968287498018,1.0,1.5,2.0,0.0,0.0,0.9845432441820077,0.9998464641443869
consensus_DB,1,BraTS-GLI-01061-000,WT,0.9802788501733593,0.9802788501733593,2.0,2.0,1.0,0.0,0.0,0.9683550837730991,0.9998624951773464
consensus_DB,1,BraTS-GLI-01061-000,TC,0.9880864190034369,0.9880864190034369,1.0,1.0,1.0,0.0,0.0,0.9862060606060606,0.999953638844347
consensus_DB,1,BraTS-GLI-01061-000,ET,0.9696746017100326,0.9696746017100326,0.0,0.0,1.0,0.0,0.0,0.9567469148290512,0.9999539495815308
consensus_DB,1,BraTS-GLI-01088-000,WT,0.9833825606780532,0.9833825606780532,1.0,1.0,1.0,0.0,0.0,0.9966161695038784,0.9999346712702094
consensus_DB,1,BraTS-GLI-01088-000,TC,0.9650436953807741,0.9650436953807741,1.0,1.0,1.0,0.0,0.0,0.9944253859348199,0.9999826343529694
consensus_DB,1,BraTS-GLI-01088-000,ET,0.9459034792368126,0.9459034792368126,1.0,1.0,1.0,0.0,0.0,0.9919962335216572,0.9999749044239468
consensus_DB,1,BraTS-GLI-01074-000,WT,0.9556134161184464,0.9556134161184464,3.7416573867739413,3.7416573867739413,1.0,0.0,0.0,0.9755378937214276,0.9992856033334586
consensus_DB,1,BraTS-GLI-01074-000,TC,0.9347015952857379,0.9347015952857379,3.0,3.0,1.0,0.0,0.0,0.9846451363372655,0.9996450293721345
consensus_DB,1,BraTS-GLI-01074-000,ET,0.9099293383500046,0.9099293383500046,2.0,2.0,1.0,0.0,0.0,0.9846085100044685,0.9995940663182926
consensus_DB,1,BraTS-GLI-01102-000,WT,0.7886686577970857,0.24106984773371104,31.96873472629156,280.75,1.0,2.0,1.0,0.9615978812624145,0.9987866837275816
consensus_DB,1,BraTS-GLI-01102-000,TC,0.9384052670080468,0.4873119586688953,22.737634001804146,187.5,1.0,0.0,1.0,0.9226121979286537,0.9999659232861431
consensus_DB,1,BraTS-GLI-01102-000,ET,0.9152348224513173,0.4795438631589477,21.77154105707724,187.5,1.0,0.0,1.0,0.8972487366647951,0.9999620068327181
consensus_DB,1,BraTS-GLI-01090-000,WT,0.9512714302151651,0.4756402757668447,1.4142135623730951,187.70710678118655,1.0,1.0,0.0,0.9862613329091777,0.9995053901324036
consensus_DB,1,BraTS-GLI-01090-000,TC,0.9618038632224303,0.9618038632224303,5.0990195135927845,5.0990195135927845,1.0,0.0,0.0,0.9793135872120358,0.9998773131053736
consensus_DB,1,BraTS-GLI-01090-000,ET,0.9552503069937459,0.9552503069937459,3.0,3.0,1.0,0.0,0.0,0.9747071507663617,0.9998728515075064
consensus_DB,1,BraTS-GLI-01084-000,WT,0.9836395045558729,0.9836395045558729,1.0,1.0,1.0,0.0,0.0,0.9847625076300499,0.9999127622325079
consensus_DB,1,BraTS-GLI-01084-000,TC,0.9803411860276198,0.9803411860276198,1.0,1.0,1.0,0.0,0.0,0.9837890715982671,0.9999439737100845
consensus_DB,1,BraTS-GLI-01084-000,ET,0.9653450807635829,0.9653450807635829,1.0,1.0,1.0,0.0,0.0,0.9800822947104777,0.9999050636214009
consensus_DB,1,BraTS-GLI-01072-000,WT,0.9466705432503392,0.4768157552574474,5.656854249492381,188.0,1.0,0.0,1.0,0.9540337044732122,0.9992139868370871
consensus_DB,1,BraTS-GLI-01072-000,TC,0.978648818748435,0.978648818748435,1.0,1.0,1.0,0.0,0.0,0.9917294161214665,0.9997118042039319
consensus_DB,1,BraTS-GLI-01072-000,ET,0.9435602608146954,0.9435602608146954,1.0,1.0,1.0,0.0,0.0,0.9810181945416375,0.9996206305044557
consensus_DB,1,BraTS-GLI-01085-000,WT,0.9407127196719263,0.47616948359867056,44.395945760846224,188.1180339887499,1.0,0.0,1.0,0.8968009299034719,0.9998449284492128
consensus_DB,1,BraTS-GLI-01085-000,TC,0.9777336706596033,0.9777336706596033,1.0,1.0,1.0,0.0,0.0,0.9926773195583686,0.9998498779963537
consensus_DB,1,BraTS-GLI-01085-000,ET,0.966940352168024,0.966940352168024,1.0,1.0,1.0,0.0,0.0,0.9895947426067908,0.9998119967851787
consensus_DB,1,BraTS-GLI-01082-000,WT,0.9840484347526601,0.9840484347526601,1.0,1.0,1.0,0.0,0.0,0.9737578475336323,0.9999326263256394
consensus_DB,1,BraTS-GLI-01082-000,TC,0.9763344635928269,0.9763344635928269,1.0,1.0,1.0,0.0,0.0,0.9646525948074247,0.9998689198851254
consensus_DB,1,BraTS-GLI-01082-000,ET,0.9314652707517705,0.9314652707517705,1.0,1.0,1.0,0.0,0.0,0.928280215685415,0.999666755907033
consensus_DB,1,BraTS-GLI-01062-000,WT,0.9751087915265217,0.9751087915265217,1.0,1.0,1.0,0.0,0.0,0.975933889625565,0.99960006829323
consensus_DB,1,BraTS-GLI-01062-000,TC,0.9749220015007306,0.9749893855465703,1.0,1.0,1.0,0.0,0.0,0.9985438071353451,0.9997220268701352
consensus_DB,1,BraTS-GLI-01062-000,ET,0.9337536003478072,0.9338720197115733,1.0,1.0,1.0,0.0,0.0,0.9965586574897533,0.999599197406286
consensus_DB,1,BraTS-GLI-01105-000,WT,0.9541916144473792,0.9541916144473792,2.23606797749979,2.23606797749979,1.0,0.0,0.0,0.9192660139693153,0.9998852625747214
consensus_DB,1,BraTS-GLI-01105-000,TC,0.9789349968357292,0.9789349968357292,1.0,1.0,1.0,0.0,0.0,0.9928934941084774,0.9999127572972009
consensus_DB,1,BraTS-GLI-01105-000,ET,0.948245655570813,0.948245655570813,1.0,1.0,1.0,0.0,0.0,0.9785009283690023,0.9999021055383035
consensus_DB,1,BraTS-GLI-01138-000,WT,0.8349538945791075,0.4179055073241042,13.038404810405298,193.5,1.0,0.0,1.0,0.7437935791789403,0.9994228957442683
consensus_DB,1,BraTS-GLI-01138-000,TC,0.9752345093966049,0.4956613547131215,51.07837115648854,187.0,1.0,0.0,1.0,0.9559048103843217,0.9999921456721981
consensus_DB,1,BraTS-GLI-01138-000,ET,0.9571464582808168,0.48875825967562003,46.9148164229596,187.0,1.0,0.0,1.0,0.9411716103445427,0.999965454962075
consensus_DB,1,BraTS-GLI-01109-000,WT,0.9805400487946078,0.9805400487946078,1.0,1.0,1.0,0.0,0.0,0.9858805920505571,0.999830398957134
consensus_DB,1,BraTS-GLI-01109-000,TC,0.9828434546160818,0.9828434546160818,1.0,1.0,1.0,0.0,0.0,0.9877033181522447,0.9999233471877859
consensus_DB,1,BraTS-GLI-01109-000,ET,0.9583783950808021,0.9583783950808021,1.0,1.0,1.0,0.0,0.0,0.9616171637626341,0.99991831122369
consensus_DB,1,BraTS-GLI-01160-001,WT,0.9801990754491383,0.9801990754491383,1.0,1.0,1.0,0.0,0.0,0.966573544210637,0.9999148364461806
consensus_DB,1,BraTS-GLI-01160-001,TC,0.9868203449323298,0.9868203449323298,1.0,1.0,1.0,0.0,0.0,0.9887558756890197,0.9998988595825979
consensus_DB,1,BraTS-GLI-01160-001,ET,0.9704617487304561,0.9704617487304561,1.0,1.0,1.0,0.0,0.0,0.9666236357235066,0.9998778895029428
consensus_DB,1,BraTS-GLI-01158-000,WT,0.9662540668235381,0.9662540668235381,1.4142135623730951,1.4142135623730951,1.0,0.0,0.0,0.960800420885521,0.999657129523291
consensus_DB,1,BraTS-GLI-01158-000,TC,0.9298297762717238,0.4651822183447674,2.0,188.0,1.0,1.0,0.0,0.8903605313092979,0.9999267551521347
consensus_DB,1,BraTS-GLI-01158-000,ET,0.8813900917830978,0.4409712759579223,1.4142135623730951,187.70710678118655,1.0,1.0,0.0,0.8152047962113961,0.9999228796189018
consensus_DB,1,BraTS-GLI-01160-000,WT,0.9779193205944798,0.9779193205944798,1.0,1.0,1.0,0.0,0.0,0.9815547084033812,0.9996274414430321
consensus_DB,1,BraTS-GLI-01160-000,TC,0.9778833910511675,0.9778833910511675,1.4142135623730951,1.4142135623730951,1.0,0.0,0.0,0.9743196069558472,0.9998716462797046
consensus_DB,1,BraTS-GLI-01160-000,ET,0.9543459605247027,0.9543459605247027,1.0,1.0,1.0,0.0,0.0,0.9425596319166969,0.9998478626217479
consensus_DB,1,BraTS-GLI-01130-000,WT,0.9386271870794078,0.9386271870794078,6.4031242374328485,6.4031242374328485,1.0,0.0,0.0,0.905667238065555,0.9998956071535198
consensus_DB,1,BraTS-GLI-01130-000,TC,0.9824841706609858,0.9824841706609858,1.0,1.0,1.0,0.0,0.0,0.9659084298097621,0.9999993266606149
consensus_DB,1,BraTS-GLI-01130-000,ET,0.9575237094930648,0.9575237094930648,2.23606797749979,2.23606797749979,1.0,0.0,0.0,0.9533124192655471,0.9999308777194316
consensus_DB,1,BraTS-GLI-01148-000,WT,0.9830343517761725,0.9830343517761725,1.0,1.0,1.0,0.0,0.0,0.9837640539748281,0.9997875824605682
consensus_DB,1,BraTS-GLI-01148-000,TC,0.9916098151408451,0.9916098151408451,0.0,0.0,1.0,0.0,0.0,0.9956359618837177,0.9999491666193384
consensus_DB,1,BraTS-GLI-01148-000,ET,0.9893624555588606,0.9893624555588606,0.0,0.0,1.0,0.0,0.0,0.9920463583683672,0.9999470357804228
consensus_DB,1,BraTS-GLI-01137-000,WT,0.9680642370630308,0.9680642370630308,1.0,1.0,1.0,0.0,0.0,0.9970884264953189,0.9997181643577708
consensus_DB,1,BraTS-GLI-01137-000,TC,0.8660509640016179,0.8660509640016179,3.0,3.0,1.0,0.0,0.0,0.8600789984601995,0.9997886248532071
consensus_DB,1,BraTS-GLI-01137-000,ET,0.7472060589267572,0.7472060589267572,5.477225575051661,5.477225575051661,1.0,0.0,0.0,0.5969158119973438,0.9999987660479669
consensus_DB,1,BraTS-GLI-01145-000,WT,0.9467606528864807,0.9467606528864807,2.8284271247461903,2.8284271247461903,1.0,0.0,0.0,0.9225235061189239,0.9996337418994498
consensus_DB,1,BraTS-GLI-01145-000,TC,0.9398802040967241,0.9398802040967241,2.23606797749979,2.23606797749979,1.0,0.0,0.0,0.8957853686040502,0.9999252043427509
consensus_DB,1,BraTS-GLI-01145-000,ET,0.881255033792065,0.4406583785676764,1.0,187.5,1.0,1.0,0.0,0.9583761757873491,0.9993609115340472
consensus_DB,1,BraTS-GLI-01123-000,WT,0.970934593459346,0.970934593459346,1.0,1.0,1.0,0.0,0.0,0.9885322268608084,0.9995763569910475
consensus_DB,1,BraTS-GLI-01123-000,TC,0.9661779536110464,0.4843099895011082,5.385164807134504,188.73205080756887,1.0,0.0,1.0,0.9437035914532504,0.9999855296842263
consensus_DB,1,BraTS-GLI-01123-000,ET,0.8917374265186153,0.44824755807272426,3.1622776601683795,187.70710678118655,1.0,0.0,1.0,0.8719463515886955,0.9999412670425053
consensus_DB,1,BraTS-GLI-01118-000,WT,0.9606075506747528,0.9606075506747528,1.4142135623730951,1.4142135623730951,1.0,0.0,0.0,0.9493930623353061,0.9998579101167772
consensus_DB,1,BraTS-GLI-01118-000,TC,0.9703670140462166,0.9726813052626555,1.0,0.5,2.0,0.0,0.0,0.9916651231709576,0.9999367514608282
consensus_DB,1,BraTS-GLI-01118-000,ET,0.957936935319811,0.9593504880839583,1.0,0.5,2.0,0.0,0.0,0.9875400937577103,0.999932510408756
consensus_DB,1,BraTS-GLI-01161-000,WT,0.9672506792303976,0.9672506792303976,1.0,1.0,1.0,0.0,0.0,0.9925231264610375,0.9992552784563409
consensus_DB,1,BraTS-GLI-01161-000,TC,0.9902112173055339,0.9509649350120264,1.0,1.0,2.0,0.0,0.0,0.9839928616815607,0.9999711995652151
consensus_DB,1,BraTS-GLI-01161-000,ET,0.9736490157562586,0.9419884505766427,1.0,1.0,2.0,0.0,0.0,0.9588812743100574,0.9999409870634408
consensus_DB,1,BraTS-GLI-01175-000,WT,0.9807224576783636,0.9807224576783636,1.0,1.0,1.0,0.0,0.0,0.9826159074140893,0.9995487464244303
consensus_DB,1,BraTS-GLI-01175-000,TC,0.9770120763716558,0.9727571451877006,1.4142135623730951,1.2071067811865475,2.0,0.0,0.0,0.9584564103953822,0.9999553151039372
consensus_DB,1,BraTS-GLI-01175-000,ET,0.9674992218274711,0.9635754145483048,2.0,1.5,2.0,0.0,0.0,0.9434588291937492,0.9999259549350866
consensus_DB,1,BraTS-GLI-01167-000,WT,0.931065583108647,0.931065583108647,2.449489742783178,2.449489742783178,1.0,0.0,0.0,0.9782350652848294,0.9986021348368955
consensus_DB,1,BraTS-GLI-01167-000,TC,0.7609192816706032,0.7609192816706032,7.0710678118654755,7.0710678118654755,1.0,0.0,0.0,0.6348848848848849,0.9998783727396664
consensus_DB,1,BraTS-GLI-01167-000,ET,0.5048662628462534,0.5048662628462534,24.0,24.0,1.0,0.0,0.0,0.38056638620972705,0.9998611835904203
consensus_DB,1,BraTS-GLI-01200-000,WT,0.9871008617879178,0.9871008617879178,1.0,1.0,1.0,0.0,0.0,0.981456111165476,0.9999343224381682
consensus_DB,1,BraTS-GLI-01200-000,TC,0.988917788080968,0.988917788080968,1.0,1.0,1.0,0.0,0.0,0.9865378107020645,0.9999481679278011
consensus_DB,1,BraTS-GLI-01200-000,ET,0.9614210141499291,0.9614210141499291,1.0,1.0,1.0,0.0,0.0,0.9455206835293123,0.9999431738930533
consensus_DB,1,BraTS-GLI-01199-000,WT,0.9835592194122305,0.9835592194122305,1.0,1.0,1.0,0.0,0.0,0.9848763458053512,0.9996955993139137
consensus_DB,1,BraTS-GLI-01199-000,TC,0.9906833228483269,0.9906833228483269,1.0,1.0,1.0,0.0,0.0,0.9876801314119316,0.9999527143273895
consensus_DB,1,BraTS-GLI-01199-000,ET,0.9538159187684245,0.9538159187684245,1.0,1.0,1.0,0.0,0.0,0.934331550802139,0.999908715582149
consensus_DB,1,BraTS-GLI-01173-000,WT,0.9676404757376713,0.9676404757376713,1.0,1.0,1.0,0.0,0.0,0.9968051599680516,0.999524693107136
consensus_DB,1,BraTS-GLI-01173-000,TC,0.7891685455298394,0.7891685455298394,9.16515138991168,9.16515138991168,1.0,0.0,0.0,0.99825388510564,0.9989749539295996
consensus_DB,1,BraTS-GLI-01173-000,ET,0.12826603325415678,1.0,7.0,0.0,0.0,0.0,0.0,0.675,0.999960349284719
consensus_DB,1,BraTS-GLI-01169-000,WT,0.9390534167126562,0.9390534167126562,2.8284271247461903,2.8284271247461903,1.0,0.0,0.0,0.9887350454163042,0.9981313743621513
consensus_DB,1,BraTS-GLI-01169-000,TC,0.886753339816758,0.886753339816758,3.3166247903554,3.3166247903554,1.0,0.0,0.0,0.9200966594083595,0.9993429949039081
consensus_DB,1,BraTS-GLI-01169-000,ET,0.0,0.0,23.790754506740637,374.0,0.0,5.0,1.0,0.0,0.9998958323415937
consensus_DB,1,BraTS-GLI-01189-000,WT,0.9599083517181816,0.9599083517181816,3.1622776601683795,3.1622776601683795,1.0,0.0,0.0,0.9349757215960108,0.9998298024721531
consensus_DB,1,BraTS-GLI-01189-000,TC,0.8991387002203325,0.8991387002203325,5.0,5.0,1.0,0.0,0.0,0.8246801687951633,0.999901450376644
consensus_DB,1,BraTS-GLI-01189-000,ET,0.6937982689229717,0.6937982689229717,12.083045973594572,12.083045973594572,1.0,0.0,0.0,0.5637373737373738,0.9997267224697358
consensus_DB,1,BraTS-GLI-01185-000,WT,0.9297349912681675,0.9297349912681675,2.449489742783178,2.449489742783178,1.0,0.0,0.0,0.9146778827196425,0.9993608786546847
consensus_DB,1,BraTS-GLI-01185-000,TC,0.9499352892431169,0.9499352892431169,2.449489742783178,2.449489742783178,1.0,0.0,0.0,0.9163448238696582,0.9999188488346523
consensus_DB,1,BraTS-GLI-01185-000,ET,0.901134475448347,0.901134475448347,2.449489742783178,2.449489742783178,1.0,0.0,0.0,0.8547554347826087,0.9998248830304121
consensus_DB,1,BraTS-GLI-01172-000,WT,0.9028585126146101,0.3012103594291678,11.090536506409418,252.63316497887055,1.0,2.0,0.0,0.9885826771653543,0.9973892916709214
consensus_DB,1,BraTS-GLI-01172-000,TC,0.9587951380533143,0.9587951380533143,5.830951894845301,5.830951894845301,1.0,0.0,0.0,0.9871814050900387,0.9991266341882811
consensus_DB,1,BraTS-GLI-01172-000,ET,0.9255114797085099,0.46276420582746886,1.7320508075688772,187.86602540378445,1.0,1.0,0.0,0.9760505228497562,0.9988302029331817
consensus_DB,1,BraTS-GLI-01170-000,WT,0.9265654155939249,0.9265654155939249,2.0,2.0,1.0,0.0,0.0,0.959298060275259,0.9987101407254144
consensus_DB,1,BraTS-GLI-01170-000,TC,0.8612944890929966,0.8572844668860988,4.47213595499958,4.192582403567252,2.0,0.0,0.0,0.7783037219556478,0.9999498461612342
consensus_DB,1,BraTS-GLI-01170-000,ET,0.8679795224393707,0.8634291614929428,4.0,3.73606797749979,2.0,0.0,0.0,0.7849949307198378,0.9999605080327447
consensus_DB,1,BraTS-GLI-01190-000,WT,0.9794921016878122,0.9794921016878122,1.0,1.0,1.0,0.0,0.0,0.9842556052897906,0.99957293053812
consensus_DB,1,BraTS-GLI-01190-000,TC,0.976498788290995,0.9765181330727172,1.4142135623730951,1.4142135623730951,1.0,0.0,0.0,0.9825521906103412,0.9997462934386355
consensus_DB,1,BraTS-GLI-01190-000,ET,0.9594064780746728,0.9594281793574557,2.23606797749979,2.23606797749979,1.0,0.0,0.0,0.9774322891862413,0.9995582713437025
consensus_DB,1,BraTS-GLI-01201-000,WT,0.9737575180407515,0.9737575180407515,1.0,1.0,1.0,0.0,0.0,0.9623627230907059,0.9998398397400646
consensus_DB,1,BraTS-GLI-01201-000,TC,0.9537909580144872,0.9537909580144872,1.0,1.0,1.0,0.0,0.0,0.9537259888288452,0.9998859193357631
consensus_DB,1,BraTS-GLI-01201-000,ET,0.8293290621106959,0.8293290621106959,5.0,5.0,1.0,0.0,0.0,0.7893622427373592,0.9998487022432108
consensus_DB,1,BraTS-GLI-01220-000,WT,0.9513387297633873,0.9513535391273215,1.4142135623730951,1.4142135623730951,1.0,0.0,0.0,0.9531488817492748,0.9998174448324242
consensus_DB,1,BraTS-GLI-01220-000,TC,0.9766494576801024,0.9766494576801024,1.0,1.0,1.0,0.0,0.0,0.980457419999049,0.9999354438081013
consensus_DB,1,BraTS-GLI-01220-000,ET,0.9436613375365909,0.9436613375365909,1.0,1.0,1.0,0.0,0.0,0.9555819044144472,0.9999143213058689
consensus_DB,1,BraTS-GLI-01215-000,WT,0.9516367137355584,0.9516367137355584,1.4142135623730951,1.4142135623730951,1.0,0.0,0.0,0.9467223255405589,0.9993887111848359
consensus_DB,1,BraTS-GLI-01215-000,TC,0.7884654437148853,0.7884654437148853,8.602325267042627,8.602325267042627,1.0,0.0,0.0,0.6589353397069638,0.9999751973076622
consensus_DB,1,BraTS-GLI-01215-000,ET,0.8801596470958933,0.8801596470958933,1.7320508075688772,1.7320508075688772,1.0,0.0,0.0,0.9309042435014441,0.9998138804381389
consensus_DB,1,BraTS-GLI-01233-000,WT,0.9122027454136198,0.9122027454136198,8.306623862918075,8.306623862918075,1.0,0.0,0.0,0.8927735734913079,0.9993595305908981
consensus_DB,1,BraTS-GLI-01233-000,TC,0.9321880168596276,0.9321880168596276,1.4142135623730951,1.4142135623730951,1.0,0.0,0.0,0.9123124586625823,0.9998545948640973
consensus_DB,1,BraTS-GLI-01233-000,ET,0.8951432588802065,0.8951432588802065,1.0,1.0,1.0,0.0,0.0,0.8782793558892709,0.99979137407011
consensus_DB,1,BraTS-GLI-01224-000,WT,0.9199199581947259,0.9199434084912754,1.7320508075688772,1.7320508075688772,1.0,0.0,0.0,0.8775410952242,0.9998596807247001
consensus_DB,1,BraTS-GLI-01224-000,TC,0.9578290302728365,0.9578290302728365,1.0,1.0,1.0,0.0,0.0,0.932443227205295,0.9999713819938199
consensus_DB,1,BraTS-GLI-01224-000,ET,0.8819830822816302,0.8819830822816302,1.4142135623730951,1.4142135623730951,1.0,0.0,0.0,0.8913778915607571,0.9998406425972318
consensus_DB,1,BraTS-GLI-01205-000,WT,0.8644594933533986,0.8644594933533986,3.0,3.0,1.0,0.0,0.0,0.7846377999362565,0.9999243209970945
consensus_DB,1,BraTS-GLI-01205-000,TC,0.9387812313838175,0.927183992793076,1.0,1.2071067811865475,2.0,0.0,0.0,0.9295628036086051,0.9999178782061997
consensus_DB,1,BraTS-GLI-01205-000,ET,0.8472306755934267,0.8332047761495114,1.4142135623730951,1.4142135623730951,2.0,0.0,0.0,0.9033932875950306,0.9997227833715777
consensus_DB,1,BraTS-GLI-01223-000,WT,0.952166375280718,0.952166375280718,2.0,2.0,1.0,0.0,0.0,0.955430282744649,0.9996046222737504
consensus_DB,1,BraTS-GLI-01223-000,TC,0.9339538090313685,0.9339538090313685,2.449489742783178,2.449489742783178,1.0,0.0,0.0,0.8843555178379084,0.9999675184658645
consensus_DB,1,BraTS-GLI-01223-000,ET,0.8842093472599479,0.8842093472599479,1.4142135623730951,1.4142135623730951,1.0,0.0,0.0,0.8664727512211184,0.9998089739375129
consensus_DB,1,BraTS-GLI-01210-000,WT,0.833819178794742,0.2781024667931689,4.47213595499958,250.74754689570645,1.0,2.0,0.0,0.8629491723116953,0.9989615483589762
consensus_DB,1,BraTS-GLI-01210-000,TC,0.9103969194312796,0.9103969194312796,2.23606797749979,2.23606797749979,1.0,0.0,0.0,0.8788961967400629,0.9999593095218186
consensus_DB,1,BraTS-GLI-01210-000,ET,0.8998323888578498,0.8998323888578498,2.23606797749979,2.23606797749979,1.0,0.0,0.0,0.870848138421134,0.9999530349456993
consensus_DB,1,BraTS-GLI-01227-000,WT,0.928491863139925,0.31117914869082886,2.23606797749979,249.80473785412437,1.0,1.0,1.0,0.9591078066914498,0.9991139031931898
consensus_DB,1,BraTS-GLI-01227-000,TC,0.9698691528950422,0.9698691528950422,1.0,1.0,1.0,0.0,0.0,0.9850442981386653,0.999808010063107
consensus_DB,1,BraTS-GLI-01227-000,ET,0.906602654305659,0.906602654305659,1.0,1.0,1.0,0.0,0.0,0.9424080766362646,0.9997327891704311
consensus_DB,1,BraTS-GLI-01219-000,WT,0.9087811921844682,0.9094367087991109,3.7416573867739413,3.5355339059327378,2.0,0.0,0.0,0.9270906858984195,0.9983228494849767
consensus_DB,1,BraTS-GLI-01219-000,TC,0.9698496590629022,0.48940109996407155,63.324560795950255,187.5,1.0,0.0,1.0,0.9474585339753879,0.9999866431856115
consensus_DB,1,BraTS-GLI-01219-000,ET,0.9662229617304493,0.487628057996977,63.095166217389426,187.5,1.0,0.0,1.0,0.9375706366718691,0.9999934900356577
consensus_DB,1,BraTS-GLI-01209-000,WT,0.9093680805926201,0.909373351649944,3.605551275463989,3.605551275463989,1.0,0.0,0.0,0.8568604104995249,0.9994209200190374
consensus_DB,1,BraTS-GLI-01209-000,TC,0.8725869276756032,0.8726118284939716,8.06225774829855,8.0,1.0,0.0,0.0,0.8019538421190664,0.9996885358132978
consensus_DB,1,BraTS-GLI-01209-000,ET,0.7945779670756854,0.7945779670756854,4.242640687119285,4.242640687119285,1.0,0.0,0.0,0.6926975894383215,0.9997083506672619
consensus_DB,1,BraTS-GLI-01226-000,WT,0.9034055571005992,0.9034055571005992,2.23606797749979,2.23606797749979,1.0,0.0,0.0,0.9341608541520701,0.9985499933030455
consensus_DB,1,BraTS-GLI-01226-000,TC,0.8998756813617672,0.8694421800010491,2.0,2.414213562373095,2.0,0.0,0.0,0.8262503512222534,0.9999676387332003
consensus_DB,1,BraTS-GLI-01226-000,ET,0.869053013140009,0.8391833423472148,1.4142135623730951,1.4142135623730951,2.0,0.0,0.0,0.7829580611894121,0.9999505880471588
consensus_DB,1,BraTS-GLI-01265-000,WT,0.9396963048096681,0.9397044866827454,5.744562646538029,5.744562646538029,1.0,0.0,0.0,0.9270718801539307,0.9996977381205783
consensus_DB,1,BraTS-GLI-01265-000,TC,0.9722260415234428,0.9722260415234428,1.0,1.0,1.0,0.0,0.0,0.9662098852190208,0.9998764190406152
consensus_DB,1,BraTS-GLI-01265-000,ET,0.9315929023047114,0.9315929023047114,1.0,1.0,1.0,0.0,0.0,0.9191328378632181,0.9997731344640017
consensus_DB,1,BraTS-GLI-01241-000,WT,0.8982491075548217,0.8982491075548217,11.045361017187261,11.045361017187261,1.0,0.0,0.0,0.8363380111846369,0.9996105882698044
consensus_DB,1,BraTS-GLI-01241-000,TC,0.9531427656337577,0.8646910251422814,1.7320508075688772,1.9318516525781364,2.0,0.0,0.0,0.9561899559811072,0.9996475201094007
consensus_DB,1,BraTS-GLI-01241-000,ET,0.8705548485247436,0.8669475254354164,1.0,1.0,2.0,0.0,0.0,0.9298459423143027,0.9992576438014438
consensus_DB,1,BraTS-GLI-01300-000,WT,0.9282367131710129,0.9282367131710129,3.7416573867739413,3.7416573867739413,1.0,0.0,0.0,0.9602261434155606,0.9994458903855903
consensus_DB,1,BraTS-GLI-01300-000,TC,0.8671732230451091,0.43383697430468676,2.23606797749979,188.1180339887499,1.0,1.0,0.0,0.8931154036651808,0.999811278545802
consensus_DB,1,BraTS-GLI-01300-000,ET,0.8730119407422088,0.43674400158635734,2.0,188.0,1.0,1.0,0.0,0.901832326747876,0.9998201437033869
consensus_DB,1,BraTS-GLI-01247-000,WT,0.8177458531420623,0.8177628300946687,6.164414002968976,6.164414002968976,1.0,0.0,0.0,0.759896596959642,0.9997128761563868
consensus_DB,1,BraTS-GLI-01247-000,TC,0.89599609375,0.89599609375,1.4142135623730951,1.4142135623730951,1.0,0.0,0.0,0.8851905451037144,0.9999789377618705
consensus_DB,1,BraTS-GLI-01247-000,ET,0.7923997185080929,0.7923997185080929,2.0,2.0,1.0,0.0,0.0,0.9607508532423208,0.9999390601006315
consensus_DB,1,BraTS-GLI-01246-000,WT,0.9767108804306036,0.9767108804306036,1.0,1.0,1.0,0.0,0.0,0.979271066224655,0.9996945909853685
consensus_DB,1,BraTS-GLI-01246-000,TC,0.8562822573821812,0.8562822573821812,3.0,3.0,1.0,0.0,0.0,0.7580142608904069,0.9999532301653741
consensus_DB,1,BraTS-GLI-01246-000,ET,0.8674335010783609,0.8674335010783609,1.4142135623730951,1.4142135623730951,1.0,0.0,0.0,0.9757399320718098,0.9994295944834312
consensus_DB,1,BraTS-GLI-01293-000,WT,0.8917090114321669,0.8917188546365731,5.744562646538029,5.744562646538029,1.0,0.0,0.0,0.9355471313532169,0.9976037903824059
consensus_DB,1,BraTS-GLI-01293-000,TC,0.9004543076626559,0.9004543076626559,7.0,7.0,1.0,0.0,0.0,0.8702765418431865,0.9993332619429313
consensus_DB,1,BraTS-GLI-01293-000,ET,0.4742857142857143,0.4742857142857143,20.688160865577203,20.688160865577203,1.0,0.0,0.0,0.34636348151933233,0.9998496005835632
consensus_DB,1,BraTS-GLI-01255-000,WT,0.8487256280178473,0.8487775061124695,1.4142135623730951,1.4142135623730951,1.0,0.0,0.0,0.9241315053906562,0.999786446636826
consensus_DB,1,BraTS-GLI-01255-000,TC,0.948626045400239,0.948626045400239,1.0,1.0,1.0,0.0,0.0,0.9620355411954766,0.99999081413843
consensus_DB,1,BraTS-GLI-01255-000,ET,0.9534883720930233,0.9534883720930233,1.0,1.0,1.0,0.0,0.0,0.9604200323101777,0.9999924944789611
consensus_DB,1,BraTS-GLI-01284-000,WT,0.9376600009469847,0.4688329603242496,4.123105625617661,189.06155281280883,1.0,1.0,0.0,0.9090758853701233,0.9994416188171036
consensus_DB,1,BraTS-GLI-01284-000,TC,0.9505921483646625,0.9505921483646625,2.0,2.0,1.0,0.0,0.0,0.9287071775329139,0.9997095093869595
consensus_DB,1,BraTS-GLI-01284-000,ET,0.9034424046026885,0.9034424046026885,2.0,2.0,1.0,0.0,0.0,0.8826922818927004,0.999399105050556
consensus_DB,1,BraTS-GLI-01281-000,WT,0.9698322394346608,0.9698322394346608,1.0,1.0,1.0,0.0,0.0,0.9477438061459601,0.9998819170291601
consensus_DB,1,BraTS-GLI-01281-000,TC,0.9437616228117051,0.9437616228117051,2.8284271247461903,2.8284271247461903,1.0,0.0,0.0,0.9393376356286788,0.999591758166389
consensus_DB,1,BraTS-GLI-01281-000,ET,0.869206047926148,0.869206047926148,2.23606797749979,2.23606797749979,1.0,0.0,0.0,0.8933297865265678,0.9991763940762965
consensus_DB,1,BraTS-GLI-01249-000,WT,0.9278802176110924,0.927991910826492,3.1622776601683795,3.1622776601683795,1.0,0.0,0.0,0.9232132592450661,0.9998436083296921
consensus_DB,1,BraTS-GLI-01249-000,TC,0.9330656990658535,0.9330656990658535,1.4142135623730951,1.4142135623730951,1.0,0.0,0.0,0.9012677106636838,0.9999540079801763
consensus_DB,1,BraTS-GLI-01249-000,ET,0.8207607536437966,0.8207607536437966,1.0,1.0,1.0,0.0,0.0,0.8836497244335578,0.9998026109604383
consensus_DB,1,BraTS-GLI-01266-000,WT,0.913527397260274,0.913527397260274,10.344080432788601,10.344080432788601,1.0,0.0,0.0,0.9682458403282365,0.9973351101545171
consensus_DB,1,BraTS-GLI-01266-000,TC,0.7672783070136181,0.8016728200906065,12.806248474865697,7.300735254367722,2.0,0.0,0.0,0.6310669401062208,0.9999703669880164
consensus_DB,1,BraTS-GLI-01266-000,ET,0.8492833233198867,0.8428582403280283,3.0,2.0,2.0,0.0,0.0,0.7587608312245994,0.9999589454084983
consensus_DB,1,BraTS-GLI-01263-000,WT,0.9358038072135773,0.8844498436122649,2.449489742783178,3.4372472994313576,3.0,0.0,0.0,0.9406017637904202,0.9995458937089142
consensus_DB,1,BraTS-GLI-01263-000,TC,0.9067921116573431,0.8959549542111449,2.23606797749979,2.802775637731995,2.0,0.0,0.0,0.9095675338661225,0.9996168773672469
consensus_DB,1,BraTS-GLI-01263-000,ET,0.7522246137042629,0.7684100938881673,1.4142135623730951,1.2071067811865475,2.0,0.0,0.0,0.9187789374558581,0.9992509470001818
consensus_DB,1,BraTS-GLI-01307-000,WT,0.9862721486323757,0.9862721486323757,1.0,1.0,1.0,0.0,0.0,0.9771389614816498,0.9999127054677913
consensus_DB,1,BraTS-GLI-01307-000,TC,0.9869091407552946,0.9869091407552946,1.0,1.0,1.0,0.0,0.0,0.9817950407963817,0.9999611661457489
consensus_DB,1,BraTS-GLI-01307-000,ET,0.9774106442902355,0.9774106442902355,1.0,1.0,1.0,0.0,0.0,0.9674943955854458,0.9999522107100633
consensus_DB,1,BraTS-GLI-01333-000,WT,0.9647378884587213,0.9652428810720268,1.0,1.0,1.0,0.0,0.0,0.9544513457556936,0.9999868880678054
consensus_DB,1,BraTS-GLI-01333-000,TC,0.9797205948625507,0.9797205948625507,0.0,0.0,1.0,0.0,0.0,0.9792792792792793,0.9999975355358921
consensus_DB,1,BraTS-GLI-01333-000,ET,0.9706019598693421,0.9706019598693421,0.0,0.0,1.0,0.0,0.0,0.9602954755309326,0.99999775958486
consensus_DB,1,BraTS-GLI-01358-000,WT,0.984568226069568,0.984568226069568,1.0,1.0,1.0,0.0,0.0,0.9718214754119648,0.9999598813856696
consensus_DB,1,BraTS-GLI-01358-000,TC,0.987167520891669,0.987167520891669,1.0,1.0,1.0,0.0,0.0,0.9806426425775108,0.9999359423218328
consensus_DB,1,BraTS-GLI-01358-000,ET,0.9757394008631632,0.9757394008631632,0.0,0.0,1.0,0.0,0.0,0.9605892092848887,0.9999396433792397
consensus_DB,1,BraTS-GLI-01356-000,WT,0.9704540486415209,0.9704540486415209,1.7320508075688772,1.7320508075688772,1.0,0.0,0.0,0.9867499336779689,0.9992567584404626
consensus_DB,1,BraTS-GLI-01356-000,TC,0.9878181638110329,0.9878181638110329,1.0,1.0,1.0,0.0,0.0,0.9895461286212587,0.9998487360972509
consensus_DB,1,BraTS-GLI-01356-000,ET,0.9623921459170176,0.9623921459170176,1.0,1.0,1.0,0.0,0.0,0.9553317592637209,0.9998598997534911
consensus_DB,1,BraTS-GLI-01320-000,WT,0.9830825253028425,0.4915422117101897,1.0,187.5,1.0,1.0,0.0,0.9740179743125724,0.9997725758821743
consensus_DB,1,BraTS-GLI-01320-000,TC,0.9855423034438401,0.9855423034438401,1.0,1.0,1.0,0.0,0.0,0.9775327647181195,0.9999494122276743
consensus_DB,1,BraTS-GLI-01320-000,ET,0.9744270041540384,0.9744270041540384,1.0,1.0,1.0,0.0,0.0,0.958162740654695,0.999949974576043
consensus_DB,1,BraTS-GLI-01344-000,WT,0.9672037372485461,0.9672037372485461,1.0,1.0,1.0,0.0,0.0,0.9410946196660482,0.9999940564436002
consensus_DB,1,BraTS-GLI-01344-000,TC,0.96050753370341,0.96050753370341,1.4142135623730951,1.4142135623730951,1.0,0.0,0.0,0.9957250904307794,0.9999735573014957
consensus_DB,1,BraTS-GLI-01344-000,ET,0.9720616570327553,0.9720616570327553,0.0,0.0,1.0,0.0,0.0,0.9957236842105263,0.9999819607034653
consensus_DB,1,BraTS-GLI-01341-000,WT,0.7733333333333333,0.4901901599758527,25.495097567963924,187.0,1.0,1.0,0.0,0.9724550898203593,0.9997969670553276
consensus_DB,1,BraTS-GLI-01341-000,TC,0.9565760699781318,0.9565760699781318,1.0,1.0,1.0,0.0,0.0,0.9173157579388855,0.9999997759018773
consensus_DB,1,BraTS-GLI-01341-000,ET,0.9173066619039114,0.9173066619039114,1.4142135623730951,1.4142135623730951,1.0,0.0,0.0,0.8994746059544658,0.9999802804324187
consensus_DB,1,BraTS-GLI-01336-000,WT,0.9796485674864053,0.9796485674864053,1.0,1.0,1.0,0.0,0.0,0.9653497020834166,0.9999692497825521
consensus_DB,1,BraTS-GLI-01336-000,TC,0.9763592679381841,0.9763592679381841,1.0,1.0,1.0,0.0,0.0,0.96211855489302,0.9999832788943511
consensus_DB,1,BraTS-GLI-01336-000,ET,0.9521044992743106,0.9521044992743106,1.0,1.0,1.0,0.0,0.0,0.9282045907137617,0.9999769018392078
consensus_DB,1,BraTS-GLI-01332-000,WT,0.9820494244546406,0.9820494244546406,1.0,1.0,1.0,0.0,0.0,0.982471210372319,0.9998452588322757
consensus_DB,1,BraTS-GLI-01332-000,TC,0.9808014837907697,0.9808014837907697,1.0,1.0,1.0,0.0,0.0,0.975163809000667,0.9999618085365335
consensus_DB,1,BraTS-GLI-01332-000,ET,0.9648005854372484,0.9648005854372484,1.0,1.0,1.0,0.0,0.0,0.9767372944139873,0.9998908815724908
consensus_DB,1,BraTS-GLI-01325-000,WT,0.9602712469740645,0.9602712469740645,2.0,2.0,1.0,0.0,0.0,0.9526416664757672,0.9995315470281427
consensus_DB,1,BraTS-GLI-01325-000,TC,0.9118442978071053,0.9118442978071053,4.358898943540674,4.358898943540674,1.0,0.0,0.0,0.8525525974673447,0.999921466121745
consensus_DB,1,BraTS-GLI-01325-000,ET,0.9250306433682051,0.9250306433682051,4.123105625617661,4.123105625617661,1.0,0.0,0.0,0.8737950347353115,0.9999355518058879
consensus_DB,1,BraTS-GLI-01311-000,WT,0.8998303537935244,0.32977531548168665,65.03076195155643,249.66666666666666,1.0,0.0,2.0,0.824362170313606,0.9999128024269462
consensus_DB,1,BraTS-GLI-01311-000,TC,0.9821470611316017,0.4921549351160047,1.4142135623730951,187.5,1.0,0.0,1.0,0.9753921091086215,0.999937251279336
consensus_DB,1,BraTS-GLI-01311-000,ET,0.980756242376589,0.4914879214362933,1.0,187.5,1.0,0.0,1.0,0.9702614835351138,0.9999529165971586
consensus_DB,1,BraTS-GLI-01322-000,WT,0.9647221872243921,0.48781575510464115,11.045361017187261,187.5,1.0,0.0,1.0,0.9381853825889849,0.9999875444318729
consensus_DB,1,BraTS-GLI-01322-000,TC,0.9336332958380202,0.4844015280135823,22.315913604421397,187.5,1.0,0.0,1.0,0.8903842402964697,0.9999902497771738
consensus_DB,1,BraTS-GLI-01322-000,ET,0.8936170212765957,0.4614245154919146,21.840329667841555,187.70710678118655,1.0,0.0,1.0,0.8693023255813953,0.9999632439458969
consensus_DB,1,BraTS-GLI-01374-000,WT,0.987820911558471,0.987820911558471,1.0,1.0,1.0,0.0,0.0,0.9949451441345873,0.9996886501013196
consensus_DB,1,BraTS-GLI-01374-000,TC,0.9921336469061715,0.9921336469061715,0.0,0.0,1.0,0.0,0.0,0.9864393361871812,0.9999839725284623
consensus_DB,1,BraTS-GLI-01374-000,ET,0.981107167797048,0.981107167797048,0.0,0.0,1.0,0.0,0.0,0.9658166340213952,0.9999819716359749
consensus_DB,1,BraTS-GLI-01375-000,WT,0.9636059800589931,0.9636059800589931,2.23606797749979,2.23606797749979,1.0,0.0,0.0,0.9609869583696844,0.9998310312038424
consensus_DB,1,BraTS-GLI-01375-000,TC,0.6419561420531729,0.3256546564284308,48.25971404805462,249.33333333333334,1.0,2.0,0.0,0.9740871613663133,0.9997982367166157
consensus_DB,1,BraTS-GLI-01375-000,ET,0.8677871148459384,0.1930819569959489,48.425200051213004,299.2,1.0,4.0,0.0,0.9615145872129113,0.9999540687729384
consensus_DB,1,BraTS-GLI-01397-000,WT,0.9690969510420974,0.9690969510420974,1.4142135623730951,1.4142135623730951,1.0,0.0,0.0,0.9890595939546442,0.9996236469311826
consensus_DB,1,BraTS-GLI-01397-000,TC,0.968308048341476,0.968308048341476,1.4142135623730951,1.4142135623730951,1.0,0.0,0.0,0.9497477931904161,0.9999575103301604
consensus_DB,1,BraTS-GLI-01397-000,ET,0.9587143370008236,0.9587143370008236,1.0,1.0,1.0,0.0,0.0,0.9502260549229739,0.999913972330986
consensus_DB,1,BraTS-GLI-01390-000,WT,0.9725928947419537,0.9725928947419537,1.0,1.0,1.0,0.0,0.0,0.9497003262271452,0.9999808456660954
consensus_DB,1,BraTS-GLI-01390-000,TC,0.9816055385029014,0.9816055385029014,1.0,1.0,1.0,0.0,0.0,0.9720878633237187,0.9999784402049753
consensus_DB,1,BraTS-GLI-01390-000,ET,0.9633335617846618,0.9633335617846618,1.0,1.0,1.0,0.0,0.0,0.9614884739038237,0.9999431192271485
consensus_DB,1,BraTS-GLI-01395-000,WT,0.9825747497437464,0.9825747497437464,1.0,1.0,1.0,0.0,0.0,0.9858643326039387,0.9999465477841474
consensus_DB,1,BraTS-GLI-01395-000,TC,0.8466474883823855,0.8466474883823855,3.0,3.0,1.0,0.0,0.0,0.7582243361078082,0.9999907007771125
consensus_DB,1,BraTS-GLI-01395-000,ET,0.8194156889809063,0.8194156889809063,3.3166247903554,3.3166247903554,1.0,0.0,0.0,0.7059056678557273,0.9999951823303113
consensus_DB,1,BraTS-GLI-01396-000,WT,0.9907809848202618,0.9907809848202618,0.0,0.0,1.0,0.0,0.0,0.9972976512184378,0.999849389399524
consensus_DB,1,BraTS-GLI-01396-000,TC,0.9408788282290279,0.9408788282290279,2.449489742783178,2.449489742783178,1.0,0.0,0.0,0.9311253623825002,0.9999385417137464
consensus_DB,1,BraTS-GLI-01396-000,ET,0.9512916077624984,0.9512916077624984,1.4142135623730951,1.4142135623730951,1.0,0.0,0.0,0.9447351627313337,0.9999635656963745
consensus_DB,1,BraTS-GLI-01389-000,WT,0.9765751608309188,0.9766231215008349,1.0,1.0,1.0,0.0,0.0,0.9628625381300537,0.9999790060946318
consensus_DB,1,BraTS-GLI-01389-000,TC,0.9916198844683102,0.9916198844683102,0.0,0.0,1.0,0.0,0.0,0.9910554561717353,0.9999946199505013
consensus_DB,1,BraTS-GLI-01389-000,ET,0.9838926174496644,0.9838926174496644,0.0,0.0,1.0,0.0,0.0,0.9836725564750615,0.9999920435065545
consensus_DB,1,BraTS-GLI-01378-000,WT,0.9861098152640418,0.9861098152640418,1.0,1.0,1.0,0.0,0.0,0.9813657387257206,0.9998226294853297
consensus_DB,1,BraTS-GLI-01378-000,TC,0.9883181257207599,0.9883181257207599,1.0,1.0,1.0,0.0,0.0,0.97879297908151,0.9999726236847157
consensus_DB,1,BraTS-GLI-01378-000,ET,0.9400052962465305,0.9400052962465305,1.0,1.0,1.0,0.0,0.0,0.8935483870967742,0.99995402490543
consensus_DB,1,BraTS-GLI-01407-000,WT,0.9271856173805797,0.48653357893164734,24.24871130596428,187.5,1.0,1.0,0.0,0.9594541527586884,0.9998741844133551
consensus_DB,1,BraTS-GLI-01407-000,TC,0.983779705771407,0.983779705771407,0.0,0.0,1.0,0.0,0.0,0.9778777652793401,0.9999939479971569
consensus_DB,1,BraTS-GLI-01407-000,ET,0.9751799720640378,0.9751799720640378,0.0,0.0,1.0,0.0,0.0,0.9598138747884941,0.999995405272864
consensus_DB,1,BraTS-GLI-01385-000,WT,0.98311286625611,0.98311286625611,1.0,1.0,1.0,0.0,0.0,0.9730161875542376,0.9998926170277965
consensus_DB,1,BraTS-GLI-01385-000,TC,0.9908116385911179,0.9908116385911179,1.0,1.0,1.0,0.0,0.0,0.9925554342506494,0.999867940004634
consensus_DB,1,BraTS-GLI-01385-000,ET,0.9797893702778059,0.9797893702778059,0.0,0.0,1.0,0.0,0.0,0.9662767670147744,0.9999513423801886
consensus_DB,1,BraTS-GLI-01377-000,WT,0.9698787058861816,0.485745552761479,2.23606797749979,187.5,1.0,1.0,0.0,0.9571301419513493,0.9997951019268696
consensus_DB,1,BraTS-GLI-01377-000,TC,0.9850191477901615,0.9850855847054714,1.0,1.0,1.0,0.0,0.0,0.9741389402702006,0.9999635852966927
consensus_DB,1,BraTS-GLI-01377-000,ET,0.981417854552804,0.9814834635556031,1.0,1.0,1.0,0.0,0.0,0.9691242075604602,0.9999439092959034
consensus_DB,1,BraTS-GLI-01387-000,WT,0.9047533319782805,0.9047533319782805,5.385164807134504,5.385164807134504,1.0,0.0,0.0,0.8439819279066492,0.9997735324512379
consensus_DB,1,BraTS-GLI-01387-000,TC,0.9634709789200115,0.9618239060225624,1.0,0.5,2.0,0.0,0.0,0.9882997630331753,0.9999521367414066
consensus_DB,1,BraTS-GLI-01387-000,ET,0.9412205166604268,0.9258622335628157,1.0,0.5,2.0,0.0,0.0,0.9401645474943904,0.9999654811148075
consensus_DB,1,BraTS-GLI-01451-000,WT,0.7953703991786192,0.7953703991786192,4.123105625617661,4.123105625617661,1.0,0.0,0.0,0.670091743119266,0.9999681218553305
consensus_DB,1,BraTS-GLI-01451-000,TC,0.9436288243864172,0.9436288243864172,2.0,2.0,1.0,0.0,0.0,0.9036273878514702,0.9999878905874209
consensus_DB,1,BraTS-GLI-01451-000,ET,0.9335316869979173,0.9335316869979173,1.4142135623730951,1.4142135623730951,1.0,0.0,0.0,0.8855272070444795,0.9999884518039964
consensus_DB,1,BraTS-GLI-01409-000,WT,0.9548712135524907,0.31843479210507525,1.4142135623730951,249.80473785412437,1.0,2.0,0.0,0.9795844531734547,0.9996858021730385
consensus_DB,1,BraTS-GLI-01409-000,TC,0.9776120734252636,0.6487692867958522,1.0,125.33333333333333,2.0,0.0,1.0,0.9748817020671007,0.9999383138651218
consensus_DB,1,BraTS-GLI-01409-000,ET,0.973513418698474,0.6458568505423307,1.0,125.33333333333333,2.0,0.0,1.0,0.9699782507379214,0.9999341739595778
consensus_DB,1,BraTS-GLI-01411-000,WT,0.8867829540099802,0.8867829540099802,4.358898943540674,4.358898943540674,1.0,0.0,0.0,0.9853836239303999,0.9969966911199241
consensus_DB,1,BraTS-GLI-01411-000,TC,0.9657539419470156,0.9657539419470156,1.0,1.0,1.0,0.0,0.0,0.9807240004090397,0.9996673929901776
consensus_DB,1,BraTS-GLI-01411-000,ET,0.8897956769863095,0.4449109941451298,1.4142135623730951,187.70710678118655,1.0,1.0,0.0,0.9557567095442274,0.9993187219939493
consensus_DB,1,BraTS-GLI-01479-000,WT,0.8828609523920186,0.8829712439643702,9.1104335791443,9.0,1.0,0.0,0.0,0.7987448160587854,0.9997669880423437
consensus_DB,1,BraTS-GLI-01479-000,TC,0.7112400371757681,0.7112400371757681,14.177446878757825,14.177446878757825,1.0,0.0,0.0,0.5524709588501674,0.9999775875924912
consensus_DB,1,BraTS-GLI-01479-000,ET,0.8231672440054242,0.4115994935504811,7.0710678118654755,190.64005494464027,1.0,1.0,0.0,0.7151854912558908,0.9997724715204718
consensus_DB,1,BraTS-GLI-01417-000,WT,0.8833553950304451,0.8833553950304451,2.449489742783178,2.449489742783178,1.0,0.0,0.0,0.955913890480478,0.9985645514815469
consensus_DB,1,BraTS-GLI-01417-000,TC,0.945108674892089,0.945108674892089,1.0,1.0,1.0,0.0,0.0,0.9446756519415066,0.9998399201780223
consensus_DB,1,BraTS-GLI-01417-000,ET,0.8995090896864002,0.8995090896864002,1.4142135623730951,1.4142135623730951,1.0,0.0,0.0,0.9255893343174794,0.9996777570272266
consensus_DB,1,BraTS-GLI-01471-000,WT,0.9662667835091007,0.9662667835091007,2.8284271247461903,2.8284271247461903,1.0,0.0,0.0,0.9563305935071603,0.9994689127170941
consensus_DB,1,BraTS-GLI-01471-000,TC,0.9689413240645663,0.9689413240645663,1.4142135623730951,1.4142135623730951,1.0,0.0,0.0,0.9629218472468917,0.9996723375239023
consensus_DB,1,BraTS-GLI-01471-000,ET,0.9196886719914635,0.9196886719914635,1.0,1.0,1.0,0.0,0.0,0.9004025072205494,0.9995765498186374
consensus_DB,1,BraTS-GLI-01452-000,WT,0.9220442593230751,0.9220442593230751,1.4142135623730951,1.4142135623730951,1.0,0.0,0.0,0.9891028319778842,0.9994532921668929
consensus_DB,1,BraTS-GLI-01452-000,TC,0.9024445967557688,0.9024445967557688,1.0,1.0,1.0,0.0,0.0,0.8260142199916353,0.9999975345217387
consensus_DB,1,BraTS-GLI-01452-000,ET,0.8835181263236577,0.8835181263236577,1.0,1.0,1.0,0.0,0.0,0.7988285649921153,0.9999952933587836
consensus_DB,1,BraTS-GLI-01466-000,WT,0.9680636619201235,0.9680636619201235,1.4142135623730951,1.4142135623730951,1.0,0.0,0.0,0.9619131257177599,0.9995720942098891
consensus_DB,1,BraTS-GLI-01466-000,TC,0.9558634038434951,0.9558634038434951,1.7320508075688772,1.7320508075688772,1.0,0.0,0.0,0.9219133366047236,0.9999251776436685
consensus_DB,1,BraTS-GLI-01466-000,ET,0.9180981511319879,0.9180981511319879,1.0,1.0,1.0,0.0,0.0,0.8632395234182416,0.9998863531818403
consensus_DB,1,BraTS-GLI-01419-000,WT,0.9393131772107655,0.9393131772107655,3.0,3.0,1.0,0.0,0.0,0.9202463616474841,0.9990556038606336
consensus_DB,1,BraTS-GLI-01419-000,TC,0.7763248999212103,0.7763248999212103,11.224972160321824,11.224972160321824,1.0,0.0,0.0,0.63637431173508,0.9999733374246076
consensus_DB,1,BraTS-GLI-01419-000,ET,0.9160649042305847,0.9160649042305847,2.23606797749979,2.23606797749979,1.0,0.0,0.0,0.8788415238634755,0.999809805355476
consensus_DB,1,BraTS-GLI-01444-000,WT,0.9321024662332893,0.9321024662332893,2.23606797749979,2.23606797749979,1.0,0.0,0.0,0.8828030703918852,0.9997808172389068
consensus_DB,1,BraTS-GLI-01444-000,TC,0.9573753036302532,0.9573753036302532,1.4142135623730951,1.4142135623730951,1.0,0.0,0.0,0.9564311674496941,0.9997886945624368
consensus_DB,1,BraTS-GLI-01444-000,ET,0.9486605995166847,0.9486605995166847,1.0,1.0,1.0,0.0,0.0,0.9500772399588053,0.9997688195510037
consensus_DB,1,BraTS-GLI-01458-000,WT,0.9553638119768191,0.9553638119768191,9.9498743710662,9.9498743710662,1.0,0.0,0.0,0.9218304725296573,0.9999457578585699
consensus_DB,1,BraTS-GLI-01458-000,TC,0.9001982496010831,0.9001982496010831,2.8284271247461903,2.8284271247461903,1.0,0.0,0.0,0.9524467295935334,0.9992803389663094
consensus_DB,1,BraTS-GLI-01458-000,ET,0.761437298263398,0.2538598363571683,2.23606797749979,250.07868932583327,1.0,2.0,0.0,0.8347663332748435,0.9993134253621658
consensus_DB,1,BraTS-GLI-01427-000,WT,0.9307518413906024,0.9307518413906024,2.0,2.0,1.0,0.0,0.0,0.9326479831074718,0.9991837661336469
consensus_DB,1,BraTS-GLI-01427-000,TC,0.955281626777038,0.955281626777038,1.0,1.0,1.0,0.0,0.0,0.9474952403617325,0.9998631720870158
consensus_DB,1,BraTS-GLI-01427-000,ET,0.890014040760754,0.890014040760754,1.0,1.0,1.0,0.0,0.0,0.9021434424461983,0.9996742211206456
consensus_DB,1,BraTS-GLI-01480-000,WT,0.8136401999610465,0.4075013412671316,5.916079783099616,189.95803989154982,1.0,1.0,0.0,0.7223342939481268,0.9997923155634016
consensus_DB,1,BraTS-GLI-01480-000,TC,0.040653357531760435,0.013581931180839774,12.84523257866513,253.80546928833292,1.0,2.0,0.0,0.021218149095386947,0.9999731985951579
consensus_DB,1,BraTS-GLI-01480-000,ET,0.0,0.0,374.0,374.0,0.0,8.0,0.0,0.0,0.9999857750896057
consensus_DB,1,BraTS-GLI-01517-000,WT,0.9146315584978406,0.9146315584978406,4.123105625617661,4.123105625617661,1.0,0.0,0.0,0.965131607995509,0.9973732707175503
consensus_DB,1,BraTS-GLI-01517-000,TC,0.784174447098235,0.3933959401526527,15.0,193.83739716558867,1.0,0.0,1.0,0.7739476503903261,0.9985259521114969
consensus_DB,1,BraTS-GLI-01517-000,ET,0.0,0.0,374.0,374.0,0.0,11.0,0.0,0.0,0.9998883288530466
consensus_DB,1,BraTS-GLI-01494-000,WT,0.9646774201976184,0.9646774201976184,4.242640687119285,4.242640687119285,1.0,0.0,0.0,0.9638313312137491,0.9992454603716177
consensus_DB,1,BraTS-GLI-01494-000,TC,0.642213289481698,0.321131092872044,10.04987562112089,192.02493781056046,1.0,1.0,0.0,0.9979651713041833,0.9947207524508943
consensus_DB,1,BraTS-GLI-01494-000,ET,0.0,0.0,374.0,374.0,0.0,7.0,0.0,0.0,0.9999187948028674
consensus_DB,1,BraTS-GLI-01534-000,WT,0.9089233038348082,0.9089233038348082,3.605551275463989,3.605551275463989,1.0,0.0,0.0,0.8616826884881227,0.9997560085571848
consensus_DB,1,BraTS-GLI-01534-000,TC,0.8048789707790981,0.8048789707790981,7.874007874011811,7.874007874011811,1.0,0.0,0.0,0.6976104145734131,0.9998152488488798
consensus_DB,1,BraTS-GLI-01534-000,ET,0.0,0.0,374.0,374.0,0.0,9.0,0.0,0.0,0.9999756944444445
consensus_DB,1,BraTS-GLI-01493-000,WT,0.9401391329153727,0.9401391329153727,4.242640687119285,4.242640687119285,1.0,0.0,0.0,0.9415981610628433,0.9994649191577132
consensus_DB,1,BraTS-GLI-01493-000,TC,0.7835831928797422,0.7835831928797422,7.810249675906654,7.810249675906654,1.0,0.0,0.0,0.7132091721390893,0.9995521235104339
consensus_DB,1,BraTS-GLI-01493-000,ET,0.8993125986026594,0.8993125986026594,1.4142135623730951,1.4142135623730951,1.0,0.0,0.0,0.872996772958486,0.9998594792629216
consensus_DB,1,BraTS-GLI-01536-000,WT,0.8661843226603128,0.4331147598010227,3.0,188.5,1.0,1.0,0.0,0.9988968671025713,0.998272949452712
consensus_DB,1,BraTS-GLI-01536-000,TC,0.4916752312435766,0.1639816274765202,10.0,252.66666666666666,1.0,2.0,0.0,0.33290035257005013,0.9999743193564095
consensus_DB,1,BraTS-GLI-01536-000,ET,0.8202614379084967,0.8202614379084967,1.4142135623730951,1.4142135623730951,1.0,0.0,0.0,0.7195413282369804,0.9999918215594225
consensus_DB,1,BraTS-GLI-01524-000,WT,0.9575994032933617,0.9575994032933617,5.196152422706632,5.196152422706632,1.0,0.0,0.0,0.9272697745183514,0.9998753831287823
consensus_DB,1,BraTS-GLI-01524-000,TC,0.9313734542253738,0.9313734542253738,4.898979485566356,4.898979485566356,1.0,0.0,0.0,0.9049316412090476,0.9996380759479703
consensus_DB,1,BraTS-GLI-01524-000,ET,0.0,0.0,374.0,374.0,0.0,13.0,0.0,0.0,0.9999537410394265
consensus_DB,1,BraTS-GLI-01510-000,WT,0.9494974394859887,0.9494974394859887,5.0,5.0,1.0,0.0,0.0,0.9520335510002312,0.9992404498727021
consensus_DB,1,BraTS-GLI-01510-000,TC,0.8786446177681142,0.439325230065429,3.605551275463989,188.802775637732,1.0,1.0,0.0,0.9224314853337429,0.9985665689554855
consensus_DB,1,BraTS-GLI-01510-000,ET,0.0,0.0,374.0,374.0,0.0,33.0,0.0,0.0,0.9999676299283154
consensus_DB,1,BraTS-GLI-01525-000,WT,0.8352690430592451,0.8352690430592451,13.601470508735444,13.601470508735444,1.0,0.0,0.0,0.7217477179309241,0.9999728925169175
consensus_DB,1,BraTS-GLI-01525-000,TC,0.7997938380483335,0.7997938380483335,4.123105625617661,4.123105625617661,1.0,0.0,0.0,0.6759922555663117,0.9999832915997116
consensus_DB,1,BraTS-GLI-01525-000,ET,0.8500134156157768,0.8500134156157768,4.47213595499958,4.47213595499958,1.0,0.0,0.0,0.7580760947595119,0.9999760080057025
consensus_DB,1,BraTS-GLI-01527-000,WT,0.9684444494336615,0.9684444494336615,1.7320508075688772,1.7320508075688772,1.0,0.0,0.0,0.9856387171958367,0.9995062481385328
consensus_DB,1,BraTS-GLI-01527-000,TC,0.9351061456207185,0.9351061456207185,2.449489742783178,2.449489742783178,1.0,0.0,0.0,0.9108177720540889,0.9997391121919088
consensus_DB,1,BraTS-GLI-01527-000,ET,0.3310810810810811,0.04392764857881137,16.911534525287763,332.9887754983963,1.0,8.0,0.0,0.4117647058823529,0.99998566289134
consensus_DB,1,BraTS-GLI-01498-000,WT,0.8803276909722222,0.8803452036263743,6.4031242374328485,6.4031242374328485,1.0,0.0,0.0,0.816549526125975,0.9986683545917259
consensus_DB,1,BraTS-GLI-01498-000,TC,0.634428044485738,0.2410967380765884,22.67156809750927,133.95287762235827,2.0,1.0,0.0,0.47743734456511727,0.9996250245641265
consensus_DB,1,BraTS-GLI-01498-000,ET,0.8628928030722647,0.4646404744255004,16.34013463836819,10.216306027958876,2.0,0.0,0.0,0.8918857026538765,0.9992248584410385
consensus_DB,1,BraTS-GLI-01512-000,WT,0.9241376837576192,0.9241476243918005,13.341664064126334,13.30413469565007,1.0,0.0,0.0,0.8720049801403371,0.999744653119463
consensus_DB,1,BraTS-GLI-01512-000,TC,0.9120699243465579,0.9120747094777157,4.242640687119285,4.242640687119285,1.0,0.0,0.0,0.9227004936043735,0.9989270749434417
consensus_DB,1,BraTS-GLI-01512-000,ET,0.0,0.0,25.39685019840059,374.0,0.0,10.0,0.0,0.0,0.9999867831067495
consensus_DB,2,BraTS-GLI-00000-000,WT,0.9580775669642857,0.3195458656499827,2.23606797749979,250.07868932583327,1.0,2.0,0.0,0.9587296047465317,0.9997245988053923
consensus_DB,2,BraTS-GLI-00000-000,TC,0.9791158062941098,0.9791158062941098,1.0,1.0,1.0,0.0,0.0,0.9920843733837055,0.9998277711869301
consensus_DB,2,BraTS-GLI-00000-000,ET,0.9543130707172198,0.9543130707172198,1.0,1.0,1.0,0.0,0.0,0.9866181907060585,0.999701639152228
consensus_DB,2,BraTS-GLI-00036-001,WT,0.9809183183575606,0.9809183183575606,1.0,1.0,1.0,0.0,0.0,0.9766760384904764,0.9997035844908184
consensus_DB,2,BraTS-GLI-00036-001,TC,0.9728242120119178,0.9728242120119178,2.449489742783178,2.449489742783178,1.0,0.0,0.0,0.9804656014413731,0.9997484412097518
consensus_DB,2,BraTS-GLI-00036-001,ET,0.9555429908876938,0.9555429908876938,1.0,1.0,1.0,0.0,0.0,0.9633586976694859,0.9997751477652623
consensus_DB,2,BraTS-GLI-00017-001,WT,0.961531648559282,0.9617020020079136,1.4142135623730951,1.4142135623730951,1.0,0.0,0.0,0.9818368177501771,0.9995478272291514
consensus_DB,2,BraTS-GLI-00017-001,TC,0.0,0.0,374.0,374.0,0.0,1.0,0.0,0.0,0.9973798163082437
consensus_DB,2,BraTS-GLI-00017-001,ET,0.0,0.0,374.0,374.0,0.0,2.0,0.0,0.0,0.9999993279569892
consensus_DB,2,BraTS-GLI-00066-000,WT,0.9806475044100861,0.9806475044100861,1.0,1.0,1.0,0.0,0.0,0.9764426305729194,0.9999347529149135
consensus_DB,2,BraTS-GLI-00066-000,TC,0.9816025338634679,0.9816025338634679,1.0,1.0,1.0,0.0,0.0,0.9664278131634819,0.9999977579641597
consensus_DB,2,BraTS-GLI-00066-000,ET,0.952807755624657,0.952807755624657,1.0,1.0,1.0,0.0,0.0,0.9195057369814651,0.9999932753029336
consensus_DB,2,BraTS-GLI-00059-001,WT,0.968932379656852,0.968932379656852,1.0,1.0,1.0,0.0,0.0,0.9773813739376771,0.9997962357882906
consensus_DB,2,BraTS-GLI-00059-001,TC,0.979939573749966,0.9799662474821711,1.0,1.0,1.0,0.0,0.0,0.9709277238403452,0.9999777764308948
consensus_DB,2,BraTS-GLI-00059-001,ET,0.9657033979040965,0.96573406586427,1.0,1.0,1.0,0.0,0.0,0.9555080751586753,0.9999582589353089
consensus_DB,2,BraTS-GLI-00045-001,WT,0.9698039040514584,0.9698255645143279,1.0,1.0,1.0,0.0,0.0,0.9588393764077199,0.9999528373764242
consensus_DB,2,BraTS-GLI-00045-001,TC,0.9819211220485106,0.9819211220485106,1.0,1.0,1.0,0.0,0.0,0.9918118014036912,0.9999755613764819
consensus_DB,2,BraTS-GLI-00045-001,ET,0.9645298222893733,0.9645298222893733,1.0,1.0,1.0,0.0,0.0,0.9927428909952607,0.9999502311784181
consensus_DB,2,BraTS-GLI-00026-000,WT,0.9091368784253069,0.9091368784253069,4.242640687119285,4.242640687119285,1.0,0.0,0.0,0.8542819609816088,0.9997976614541909
consensus_DB,2,BraTS-GLI-00026-000,TC,0.9488165325003004,0.9488165325003004,1.0,1.0,1.0,0.0,0.0,0.939923230279406,0.9998438341998156
consensus_DB,2,BraTS-GLI-00026-000,ET,0.9351061076604554,0.9351061076604554,1.0,1.0,1.0,0.0,0.0,0.9332945886607258,0.9997812752752941
consensus_DB,2,BraTS-GLI-00014-001,WT,0.9442253521126761,0.9442253521126761,2.449489742783178,2.449489742783178,1.0,0.0,0.0,0.9118134715025906,0.9999151798771571
consensus_DB,2,BraTS-GLI-00014-001,TC,0.2345737982543749,0.2346451220571627,11.74734012447073,11.661903789690601,1.0,0.0,0.0,0.13287091696182604,1.0
consensus_DB,2,BraTS-GLI-00014-001,ET,0.11243263333952797,0.11246921039178324,13.74772708486752,13.601470508735444,1.0,0.0,0.0,0.059564832135473075,1.0
consensus_DB,2,BraTS-GLI-00054-000,WT,0.9394408688656476,0.9394408688656476,2.8284271247461903,2.8284271247461903,1.0,0.0,0.0,0.9296618434408773,0.9994363078891747
consensus_DB,2,BraTS-GLI-00054-000,TC,0.9073769699313545,0.9073769699313545,4.0,4.0,1.0,0.0,0.0,0.8392765320038453,0.9998925162091213
consensus_DB,2,BraTS-GLI-00054-000,ET,0.782247355441332,0.782247355441332,2.8284271247461903,2.8284271247461903,1.0,0.0,0.0,0.7753899604219273,0.9986967098545665
consensus_DB,2,BraTS-GLI-00032-000,WT,0.9668007527234432,0.9668007527234432,1.4142135623730951,1.4142135623730951,1.0,0.0,0.0,0.9505165604879319,0.9998420747843773
consensus_DB,2,BraTS-GLI-00032-000,TC,0.9656086848429601,0.9656086848429601,1.0,1.0,1.0,0.0,0.0,0.964569536423841,0.9999549121122666
consensus_DB,2,BraTS-GLI-00032-000,ET,0.9395316322963999,0.9395316322963999,1.0,1.0,1.0,0.0,0.0,0.9413648188913348,0.9999299170689053
consensus_DB,2,BraTS-GLI-00043-000,WT,0.9823607172770115,0.9823607172770115,1.0,1.0,1.0,0.0,0.0,0.9861222257113625,0.9997592102913023
consensus_DB,2,BraTS-GLI-00043-000,TC,0.8375305623471883,0.8375817592762393,5.196152422706632,5.0990195135927845,1.0,0.0,0.0,0.7392500674399785,0.9999457879906369
consensus_DB,2,BraTS-GLI-00043-000,ET,0.427725531173807,0.42778513202814744,14.142135623730951,14.142135623730951,1.0,0.0,0.0,0.2726707522870592,0.9999970841364575
consensus_DB,2,BraTS-GLI-00030-000,WT,0.9432635872268462,0.47186454173353737,4.358898943540674,189.5,1.0,0.0,1.0,0.9643038747076172,0.9989244045746176
consensus_DB,2,BraTS-GLI-00030-000,TC,0.9514372633016701,0.9515554175721825,1.7320508075688772,1.7320508075688772,1.0,0.0,0.0,0.9722870774540656,0.9996828520499751
consensus_DB,2,BraTS-GLI-00030-000,ET,0.9062964972779947,0.9064551709648616,1.4142135623730951,1.4142135623730951,1.0,0.0,0.0,0.9522530807430568,0.9995444237409721
consensus_DB,2,BraTS-GLI-00097-000,WT,0.9660018625802784,0.9660018625802784,1.4142135623730951,1.4142135623730951,1.0,0.0,0.0,0.9526706266847969,0.99990693310133
consensus_DB,2,BraTS-GLI-00097-000,TC,0.9764497016106607,0.9764497016106607,1.0,1.0,1.0,0.0,0.0,0.9810874704491725,0.9999257698291976
consensus_DB,2,BraTS-GLI-00097-000,ET,0.9495180111618468,0.9495180111618468,1.0,1.0,1.0,0.0,0.0,0.9553343542623788,0.9998999139169923
consensus_DB,2,BraTS-GLI-00072-000,WT,0.945431892586849,0.32052232602238667,10.44030650891055,249.91068360252294,1.0,2.0,0.0,0.9600139971198234,0.9994055591905711
consensus_DB,2,BraTS-GLI-00072-000,TC,0.9767034042596576,0.9767034042596576,1.0,1.0,1.0,0.0,0.0,0.9624650873068499,0.999953031194383
consensus_DB,2,BraTS-GLI-00072-000,ET,0.9410574323814126,0.9410574323814126,1.0,1.0,1.0,0.0,0.0,0.9322581610364741,0.999815730457844
consensus_DB,2,BraTS-GLI-00090-000,WT,0.96417525907614,0.96417525907614,1.4142135623730951,1.4142135623730951,1.0,0.0,0.0,0.9467404107133712,0.9998109930903196
consensus_DB,2,BraTS-GLI-00090-000,TC,0.9560356057316544,0.9560356057316544,1.0,1.0,1.0,0.0,0.0,0.9723970409627912,0.999937212290739
consensus_DB,2,BraTS-GLI-00090-000,ET,0.9357960655322918,0.9357960655322918,1.0,1.0,1.0,0.0,0.0,0.9454243353783232,0.9999340820181126
consensus_DB,2,BraTS-GLI-00113-000,WT,0.8398864787004948,0.8398864787004948,6.324555320336759,6.324555320336759,1.0,0.0,0.0,0.7685441353030223,0.9997346362964901
consensus_DB,2,BraTS-GLI-00113-000,TC,0.842798353909465,0.842798353909465,1.7320508075688772,1.7320508075688772,1.0,0.0,0.0,0.750733137829912,0.9999929419309129
consensus_DB,2,BraTS-GLI-00113-000,ET,0.7828454731109599,0.7828454731109599,1.4142135623730951,1.4142135623730951,1.0,0.0,0.0,0.6919374247894103,0.9999858844690847
consensus_DB,2,BraTS-GLI-00077-000,WT,0.9637286542860884,0.9637286542860884,3.0,3.0,1.0,0.0,0.0,0.9516220628948676,0.9994747320457663
consensus_DB,2,BraTS-GLI-00077-000,TC,0.9827560432989509,0.9827560432989509,1.0,1.0,1.0,0.0,0.0,0.9711505039972194,0.999966067148716
consensus_DB,2,BraTS-GLI-00077-000,ET,0.9649656010830824,0.4824894660495959,1.0,187.5,1.0,1.0,0.0,0.9460411192675461,0.9999388151027271
consensus_DB,2,BraTS-GLI-00088-000,WT,0.9713751380458352,0.9713751380458352,1.7320508075688772,1.7320508075688772,1.0,0.0,0.0,0.9621302247594714,0.9997320157155345
consensus_DB,2,BraTS-GLI-00088-000,TC,0.9774019132122557,0.9774019132122557,1.0,1.0,1.0,0.0,0.0,0.9688293211323622,0.9999049192394396
consensus_DB,2,BraTS-GLI-00088-000,ET,0.9435574171608676,0.9435574171608676,1.0,1.0,1.0,0.0,0.0,0.9288047028086218,0.9998350064377857
consensus_DB,2,BraTS-GLI-00110-000,WT,0.9731642196875802,0.9731642196875802,1.0,1.0,1.0,0.0,0.0,0.9821247520387921,0.9996273731903328
consensus_DB,2,BraTS-GLI-00110-000,TC,0.9703009115561799,0.4851821597778141,1.0,187.5,1.0,1.0,0.0,0.9479698672114403,0.9999894528213479
consensus_DB,2,BraTS-GLI-00110-000,ET,0.9803777122957407,0.4902216864242181,1.0,187.5,1.0,1.0,0.0,0.9701126573889993,0.9999848534317075
consensus_DB,2,BraTS-GLI-00098-001,WT,0.9819355751483932,0.9819355751483932,1.0,1.0,1.0,0.0,0.0,0.9700146115240454,0.999897612361312
consensus_DB,2,BraTS-GLI-00098-001,TC,0.9785745092310475,0.9785745092310475,2.0,2.0,1.0,0.0,0.0,0.9706207048822896,0.999892609525298
consensus_DB,2,BraTS-GLI-00098-001,ET,0.9782265298184618,0.9782265298184618,1.0,1.0,1.0,0.0,0.0,0.976049421827974,0.9998611372755607
consensus_DB,2,BraTS-GLI-00074-000,WT,0.9742128015618463,0.9260805235359761,1.0,1.618033988749895,2.0,0.0,0.0,0.9616130026868696,0.999740006603878
consensus_DB,2,BraTS-GLI-00074-000,TC,0.9562070131920172,0.5880605380708844,2.0,125.60947570824874,2.0,1.0,0.0,0.9413893390759941,0.99985995654375
consensus_DB,2,BraTS-GLI-00074-000,ET,0.921428122446414,0.5390535703621744,1.0,125.47140452079104,2.0,1.0,0.0,0.910270740188773,0.9997628092023735
consensus_DB,2,BraTS-GLI-00095-001,WT,0.9862086075801579,0.9862086075801579,1.0,1.0,1.0,0.0,0.0,0.9759757033564691,0.9999087001082935
consensus_DB,2,BraTS-GLI-00095-001,TC,0.9893289669121934,0.9893289669121934,1.0,1.0,1.0,0.0,0.0,0.9819468064766084,0.9999647736845152
consensus_DB,2,BraTS-GLI-00095-001,ET,0.9631991404178784,0.9631991404178784,1.0,1.0,1.0,0.0,0.0,0.9359480684552182,0.9999629668901485
consensus_DB,2,BraTS-GLI-00094-000,WT,0.9738023790171797,0.9738023790171797,1.4142135623730951,1.4142135623730951,1.0,0.0,0.0,0.9701416256157636,0.9995861093364972
consensus_DB,2,BraTS-GLI-00094-000,TC,0.9595822610441338,0.9595822610441338,2.23606797749979,2.23606797749979,1.0,0.0,0.0,0.9472219587009455,0.9997098424103525
consensus_DB,2,BraTS-GLI-00094-000,ET,0.8197962247277141,0.8197962247277141,1.7320508075688772,1.7320508075688772,1.0,0.0,0.0,0.7481563529308888,0.9997027106737325
consensus_DB,2,BraTS-GLI-00111-000,WT,0.8909762331868031,0.8909762331868031,3.605551275463989,3.605551275463989,1.0,0.0,0.0,0.8035449729178765,0.9999962325558774
consensus_DB,2,BraTS-GLI-00111-000,TC,0.8280911559229995,0.8281543178801886,7.615773105863909,7.483314773547883,1.0,0.0,0.0,0.7237627986348123,0.9998976435060541
consensus_DB,2,BraTS-GLI-00111-000,ET,0.5742665742665742,0.14374096559699334,8.54400374531753,282.75,1.0,3.0,0.0,0.8428547211391761,0.9992776365118485
consensus_DB,2,BraTS-GLI-00124-000,WT,0.8756610299156878,0.8756610299156878,16.24807680927192,16.24807680927192,1.0,0.0,0.0,0.7801722179306584,0.9999651505996839
consensus_DB,2,BraTS-GLI-00124-000,TC,0.9567115012819768,0.9567115012819768,2.0,2.0,1.0,0.0,0.0,0.9953469902191835,0.9988771199255211
consensus_DB,2,BraTS-GLI-00124-000,ET,0.4769168466522678,0.4769168466522678,10.816653826391969,10.816653826391969,1.0,0.0,0.0,0.9963594410972952,0.99042546429602
consensus_DB,2,BraTS-GLI-00151-000,WT,0.9473675558380641,0.9473675558380641,12.24744871391589,12.24744871391589,1.0,0.0,0.0,0.9260695595348414,0.9993813284986657
consensus_DB,2,BraTS-GLI-00151-000,TC,0.9378985235009856,0.9378985235009856,5.196152422706632,5.196152422706632,1.0,0.0,0.0,0.9589568731451664,0.9990753967687908
consensus_DB,2,BraTS-GLI-00151-000,ET,0.9069241707889204,0.9069241707889204,3.0,3.0,1.0,0.0,0.0,0.9444367097419282,0.9987652829571191
consensus_DB,2,BraTS-GLI-00195-000,WT,0.9860479522448578,0.9860479522448578,1.0,1.0,1.0,0.0,0.0,0.9949568849175344,0.999816316077243
consensus_DB,2,BraTS-GLI-00195-000,TC,0.9846660491921375,0.9846660491921375,0.0,0.0,1.0,0.0,0.0,0.9908864954432477,0.9999882328840013
consensus_DB,2,BraTS-GLI-00195-000,ET,0.9403785143857346,0.9403785143857346,2.449489742783178,2.449489742783178,1.0,0.0,0.0,0.9844251030691709,0.9999465464406093
consensus_DB,2,BraTS-GLI-00137-000,WT,0.9602459626097162,0.9602459626097162,1.4142135623730951,1.4142135623730951,1.0,0.0,0.0,0.9356548069644209,0.9997203073667608
consensus_DB,2,BraTS-GLI-00137-000,TC,0.9714514500574453,0.9714514500574453,1.0,1.0,1.0,0.0,0.0,0.9800326642431906,0.9997584278852002
consensus_DB,2,BraTS-GLI-00137-000,ET,0.956117914923921,0.956117914923921,1.0,1.0,1.0,0.0,0.0,0.9580686660770282,0.9997421789784746
consensus_DB,2,BraTS-GLI-00194-000,WT,0.9769320696421862,0.9769320696421862,1.0,1.0,1.0,0.0,0.0,0.9851377807717407,0.9998306401094443
consensus_DB,2,BraTS-GLI-00194-000,TC,0.9809409697260164,0.9809409697260164,1.0,1.0,1.0,0.0,0.0,0.9865993958480622,0.9999127784318147
consensus_DB,2,BraTS-GLI-00194-000,ET,0.9523272381857041,0.9523272381857041,1.0,1.0,1.0,0.0,0.0,0.952044631728886,0.9999104492786622
consensus_DB,2,BraTS-GLI-00128-000,WT,0.9748103908066469,0.9748103908066469,1.0,1.0,1.0,0.0,0.0,0.9928653032813552,0.9993361626289006
consensus_DB,2,BraTS-GLI-00128-000,TC,0.9454566249213702,0.3154011095086571,2.0,250.0,1.0,2.0,0.0,0.9183886592898725,0.9998766181762591
consensus_DB,2,BraTS-GLI-00128-000,ET,0.9259307235938755,0.3089196886601235,2.0,249.91068360252294,1.0,2.0,0.0,0.8835599505562423,0.9998865829165519
consensus_DB,2,BraTS-GLI-00120-000,WT,0.971590755507501,0.32396166249366837,1.0,249.66666666666666,1.0,2.0,0.0,0.9814329401485364,0.9995976886619499
consensus_DB,2,BraTS-GLI-00120-000,TC,0.967946018119416,0.967946018119416,1.4142135623730951,1.4142135623730951,1.0,0.0,0.0,0.9537836644591612,0.9998917867861521
consensus_DB,2,BraTS-GLI-00120-000,ET,0.9082240167750472,0.9082240167750472,2.23606797749979,2.23606797749979,1.0,0.0,0.0,0.9207622614769448,0.9995250034707823
consensus_DB,2,BraTS-GLI-00171-000,WT,0.9203391199031086,0.9203391199031086,4.123105625617661,4.123105625617661,1.0,0.0,0.0,0.9054829125689138,0.9995581529688635
consensus_DB,2,BraTS-GLI-00171-000,TC,0.9414619465031413,0.9414619465031413,5.744562646538029,5.744562646538029,1.0,0.0,0.0,0.9194958847736625,0.9998965259689484
consensus_DB,2,BraTS-GLI-00171-000,ET,0.9143828257769617,0.9143828257769617,5.830951894845301,5.830951894845301,1.0,0.0,0.0,0.859972075249853,0.9999357359980874
consensus_DB,2,BraTS-GLI-00199-000,WT,0.9807247289725823,0.4918331515522332,1.4142135623730951,187.5,1.0,0.0,1.0,0.980627196181131,0.9998366578801559
consensus_DB,2,BraTS-GLI-00199-000,TC,0.9880701423810253,0.9882325225278284,1.0,1.0,1.0,0.0,0.0,0.989106856550033,0.9999379894723905
consensus_DB,2,BraTS-GLI-00199-000,ET,0.9704588562896,0.9707307226483649,0.0,0.0,1.0,0.0,0.0,0.9711643310044021,0.9999157609943976
consensus_DB,2,BraTS-GLI-00192-000,WT,0.9677826556517104,0.4911591355599214,66.39277069079132,187.5,1.0,0.0,1.0,0.9657913890599631,0.9998791085928712
consensus_DB,2,BraTS-GLI-00192-000,TC,0.9815187938581255,0.9815187938581255,1.0,1.0,1.0,0.0,0.0,0.9971765370226583,0.9999448048892099
consensus_DB,2,BraTS-GLI-00192-000,ET,0.9844848484848485,0.9844848484848485,0.0,0.0,1.0,0.0,0.0,0.9888798701298701,0.9999722959998565
consensus_DB,2,BraTS-GLI-00146-000,WT,0.9500683849489499,0.9500683849489499,8.366600265340756,8.366600265340756,1.0,0.0,0.0,0.9702197921178,0.998474599921311
consensus_DB,2,BraTS-GLI-00146-000,TC,0.913447187070524,0.913447187070524,4.358898943540674,4.358898943540674,1.0,0.0,0.0,0.9268100078967624,0.9988390294970786
consensus_DB,2,BraTS-GLI-00146-000,ET,0.6630325415525695,0.33152049316045545,2.23606797749979,188.1180339887499,1.0,1.0,0.0,0.9345804459444903,0.9972320688114322
consensus_DB,2,BraTS-GLI-00142-000,WT,0.9489974603100974,0.9509297902777472,3.1622776601683795,3.302775637731995,2.0,0.0,0.0,0.9231124998589945,0.9997760016544202
consensus_DB,2,BraTS-GLI-00142-000,TC,0.9464124993679527,0.9480083988534295,2.0,1.9142135623730951,2.0,0.0,0.0,0.9350745373885936,0.999769091045486
consensus_DB,2,BraTS-GLI-00142-000,ET,0.8915613175725222,0.8964793353691074,1.0,1.2071067811865475,2.0,0.0,0.0,0.9725163973764198,0.9992654616941364
consensus_DB,2,BraTS-GLI-00259-000,WT,0.9878629884176503,0.9878629884176503,0.0,0.0,1.0,0.0,0.0,0.9835532260979577,0.9999128948079642
consensus_DB,2,BraTS-GLI-00259-000,TC,0.986690255292012,0.986690255292012,1.0,1.0,1.0,0.0,0.0,0.9823454716749273,0.9999757401146302
consensus_DB,2,BraTS-GLI-00259-000,ET,0.9754195850403066,0.9754195850403066,0.0,0.0,1.0,0.0,0.0,0.9644583823337254,0.9999775600957466
consensus_DB,2,BraTS-GLI-00201-000,WT,0.987341601782001,0.987341601782001,1.0,1.0,1.0,0.0,0.0,0.9927598013343618,0.9996934015503495
consensus_DB,2,BraTS-GLI-00201-000,TC,0.9814946288641325,0.9814946288641325,1.0,1.0,1.0,0.0,0.0,0.9802653377688831,0.9998531496408548
consensus_DB,2,BraTS-GLI-00201-000,ET,0.9467998342090838,0.9467998342090838,1.0,1.0,1.0,0.0,0.0,0.9319103016265726,0.999843419678232
consensus_DB,2,BraTS-GLI-00212-000,WT,0.8381112101042922,0.8381112101042922,5.0990195135927845,5.0990195135927845,1.0,0.0,0.0,0.754431130460568,0.9996155327046247
consensus_DB,2,BraTS-GLI-00212-000,TC,0.9820452771272443,0.9820452771272443,0.0,0.0,1.0,0.0,0.0,0.9721792890262752,0.999997759207082
consensus_DB,2,BraTS-GLI-00212-000,ET,0.8831908831908832,0.8831908831908832,2.23606797749979,2.23606797749979,1.0,0.0,0.0,0.9540719696969697,0.9999511533194232
consensus_DB,2,BraTS-GLI-00231-000,WT,0.9730095328033078,0.9730095328033078,5.830951894845301,5.830951894845301,1.0,0.0,0.0,0.962446825967862,0.9998581725230113
consensus_DB,2,BraTS-GLI-00231-000,TC,0.9714033630890596,0.9714033630890596,1.0,1.0,1.0,0.0,0.0,0.9787690215970297,0.9999218756752394
consensus_DB,2,BraTS-GLI-00231-000,ET,0.9245933426693956,0.9245933426693956,1.0,1.0,1.0,0.0,0.0,0.9224073078989791,0.9999239799096168
consensus_DB,2,BraTS-GLI-00282-000,WT,0.9671615196149638,0.9671615196149638,1.0,1.0,1.0,0.0,0.0,0.9514337429741831,0.9999051322655643
consensus_DB,2,BraTS-GLI-00282-000,TC,0.9703047415052088,0.9703047415052088,1.0,1.0,1.0,0.0,0.0,0.971250365461456,0.9999646771451822
consensus_DB,2,BraTS-GLI-00282-000,ET,0.9517684887459807,0.9517684887459807,1.0,1.0,1.0,0.0,0.0,0.9709122416140612,0.9999372191749232
consensus_DB,2,BraTS-GLI-00237-000,WT,0.966466999853006,0.966466999853006,1.0,1.0,1.0,0.0,0.0,0.9992401071448925,0.9995932559813623
consensus_DB,2,BraTS-GLI-00237-000,TC,0.9672503979986354,0.9672503979986354,1.0,1.0,1.0,0.0,0.0,0.9662834552642341,0.9999216258085988
consensus_DB,2,BraTS-GLI-00237-000,ET,0.9483401765826691,0.9483401765826691,1.4142135623730951,1.4142135623730951,1.0,0.0,0.0,0.9392409100574102,0.9999122254463594
consensus_DB,2,BraTS-GLI-00280-000,WT,0.8487282945457165,0.427459447690242,8.54400374531753,190.24037034920394,1.0,0.0,1.0,0.7685457036602075,0.9998535518344459
consensus_DB,2,BraTS-GLI-00280-000,TC,0.92378223495702,0.92378223495702,2.0,2.0,1.0,0.0,0.0,0.8783636516053316,0.9999688203469892
consensus_DB,2,BraTS-GLI-00280-000,ET,0.8608864076563746,0.8608864076563746,1.4142135623730951,1.4142135623730951,1.0,0.0,0.0,0.7855286412308972,0.9999575034975519
consensus_DB,2,BraTS-GLI-00270-000,WT,0.8458865945591609,0.8458865945591609,19.209372712298546,19.209372712298546,1.0,0.0,0.0,0.7949402439525237,0.9995359995639297
consensus_DB,2,BraTS-GLI-00270-000,TC,0.9712736038569707,0.9712736038569707,1.0,1.0,1.0,0.0,0.0,0.995880535530381,0.999970189882603
consensus_DB,2,BraTS-GLI-00270-000,ET,0.9756688541140838,0.9756688541140838,1.0,1.0,1.0,0.0,0.0,0.9952626158599382,0.9999755691519078
consensus_DB,2,BraTS-GLI-00253-000,WT,0.9532328268101008,0.9532328268101008,1.0,1.0,1.0,0.0,0.0,0.9969056860255058,0.9994030719477517
consensus_DB,2,BraTS-GLI-00253-000,TC,0.9792746113989638,0.9792746113989638,1.0,1.0,1.0,0.0,0.0,0.9932846715328467,0.9999864419314085
consensus_DB,2,BraTS-GLI-00253-000,ET,0.9750712250712251,0.9750712250712251,0.0,0.0,1.0,0.0,0.0,0.9831238779174147,0.9999895800829448
consensus_DB,2,BraTS-GLI-00249-000,WT,0.9854916184687775,0.9854916184687775,1.0,1.0,1.0,0.0,0.0,0.9930699614744569,0.9996662270549573
consensus_DB,2,BraTS-GLI-00249-000,TC,0.9781227261702644,0.9781227261702644,5.0,5.0,1.0,0.0,0.0,0.9787240927403045,0.9998431119196255
consensus_DB,2,BraTS-GLI-00249-000,ET,0.9614694231245358,0.9614694231245358,1.0,1.0,1.0,0.0,0.0,0.9357248275654347,0.9999599766110511
consensus_DB,2,BraTS-GLI-00266-000,WT,0.979931702825379,0.979931702825379,1.0,1.0,1.0,0.0,0.0,0.989193843627219,0.9994047508196673
consensus_DB,2,BraTS-GLI-00266-000,TC,0.9792740938658809,0.9792740938658809,1.0,1.0,1.0,0.0,0.0,0.9734281530022092,0.9998667409029474
consensus_DB,2,BraTS-GLI-00266-000,ET,0.9523698938714846,0.9523698938714846,1.0,1.0,1.0,0.0,0.0,0.9595451461194693,0.9997329284981049
consensus_DB,2,BraTS-GLI-00291-000,WT,0.9482515380955163,0.626469710594321,2.0,125.80473785412437,2.0,1.0,0.0,0.9885817726101789,0.9993751231603729
consensus_DB,2,BraTS-GLI-00291-000,TC,0.936903519956725,0.9509175273944086,2.0,1.0,3.0,0.0,0.0,0.9751467867771254,0.999851495704087
consensus_DB,2,BraTS-GLI-00291-000,ET,0.9327081078914673,0.9461791082139666,2.0,1.0,3.0,0.0,0.0,0.965082524674463,0.9998589044366928
consensus_DB,2,BraTS-GLI-00340-000,WT,0.8296089385474861,0.8296089385474861,5.916079783099616,5.916079783099616,1.0,0.0,0.0,0.7288674786402473,0.9998951095413893
consensus_DB,2,BraTS-GLI-00340-000,TC,0.9632346363717685,0.9632346363717685,1.0,1.0,1.0,0.0,0.0,0.9686937747391148,0.9999468424171493
consensus_DB,2,BraTS-GLI-00340-000,ET,0.9622330186084884,0.9622330186084884,1.0,1.0,1.0,0.0,0.0,0.9682686099068352,0.9999461711964539
consensus_DB,2,BraTS-GLI-00297-000,WT,0.9263943306496498,0.9263943306496498,3.605551275463989,3.605551275463989,1.0,0.0,0.0,0.9096369244088524,0.9994333149040896
consensus_DB,2,BraTS-GLI-00297-000,TC,0.9394703160382003,0.9394703160382003,6.0,6.0,1.0,0.0,0.0,0.9961582628666875,0.9993283863197564
consensus_DB,2,BraTS-GLI-00297-000,ET,0.8555254046972958,0.8555254046972958,4.123105625617661,4.123105625617661,1.0,0.0,0.0,0.9703884525578433,0.9993694127704128
consensus_DB,2,BraTS-GLI-00377-000,WT,0.9708102267490824,0.32381436960715726,1.0,249.66666666666666,1.0,2.0,0.0,0.9982354094503627,0.9997996043337614
consensus_DB,2,BraTS-GLI-00377-000,TC,0.9737574152897409,0.9737574152897409,1.0,1.0,1.0,0.0,0.0,0.9745739970481685,0.999954673427656
consensus_DB,2,BraTS-GLI-00377-000,ET,0.9475557416518371,0.9475557416518371,2.0,2.0,1.0,0.0,0.0,0.9708279708279708,0.9998771597172722
consensus_DB,2,BraTS-GLI-00364-000,WT,0.9862772485651682,0.9862772485651682,1.0,1.0,1.0,0.0,0.0,0.9977098009803659,0.9997851656788279
consensus_DB,2,BraTS-GLI-00364-000,TC,0.9933022759713268,0.9933022759713268,0.0,0.0,1.0,0.0,0.0,0.9923216748150934,0.9999795415784819
consensus_DB,2,BraTS-GLI-00364-000,ET,0.9837000977595116,0.9837000977595116,0.0,0.0,1.0,0.0,0.0,0.9890079030769848,0.9999390098227882
consensus_DB,2,BraTS-GLI-00299-000,WT,0.9287056044766064,0.9287056044766064,4.123105625617661,4.123105625617661,1.0,0.0,0.0,0.9873767590798012,0.999070209552396
consensus_DB,2,BraTS-GLI-00299-000,TC,0.8162209814869233,0.8162209814869233,3.0,3.0,1.0,0.0,0.0,0.813305223705786,0.9998281286472211
consensus_DB,2,BraTS-GLI-00299-000,ET,0.8231302134879118,0.8231302134879118,2.23606797749979,2.23606797749979,1.0,0.0,0.0,0.8162063647834011,0.9998664927971687
consensus_DB,2,BraTS-GLI-00318-000,WT,0.9403336038550836,0.9403336038550836,2.0,2.0,1.0,0.0,0.0,0.922451503027051,0.9992262931068939
consensus_DB,2,BraTS-GLI-00318-000,TC,0.9564397550795568,0.9564397550795568,2.0,2.0,1.0,0.0,0.0,0.9328029755139994,0.9999031488450218
consensus_DB,2,BraTS-GLI-00318-000,ET,0.8926188143519973,0.8926188143519973,1.4142135623730951,1.4142135623730951,1.0,0.0,0.0,0.8560791405169663,0.999803366301501
consensus_DB,2,BraTS-GLI-00320-000,WT,0.8344332184780704,0.8344332184780704,6.4031242374328485,6.4031242374328485,1.0,0.0,0.0,0.9063459440257796,0.998820510206963
consensus_DB,2,BraTS-GLI-00320-000,TC,0.9220329194340168,0.9220329194340168,2.8284271247461903,2.8284271247461903,1.0,0.0,0.0,0.8901589071647616,0.9999672676050402
consensus_DB,2,BraTS-GLI-00320-000,ET,0.8164817098232635,0.8164817098232635,2.0,2.0,1.0,0.0,0.0,0.9194630872483222,0.9998388557006589
consensus_DB,2,BraTS-GLI-00356-000,WT,0.9820230444752711,0.4911018928829301,1.0,187.5,1.0,1.0,0.0,0.9968675460528207,0.999869450860393
consensus_DB,2,BraTS-GLI-00356-000,TC,0.9789246885757448,0.9789246885757448,1.0,1.0,1.0,0.0,0.0,0.9876074355386768,0.9999323079465307
consensus_DB,2,BraTS-GLI-00356-000,ET,0.952508418962093,0.952508418962093,1.0,1.0,1.0,0.0,0.0,0.959801618376403,0.9999284473168697
consensus_DB,2,BraTS-GLI-00325-000,WT,0.983997752048014,0.983997752048014,1.0,1.0,1.0,0.0,0.0,0.9789616291655616,0.999828525777969
consensus_DB,2,BraTS-GLI-00325-000,TC,0.949608847569083,0.949608847569083,1.7320508075688772,1.7320508075688772,1.0,0.0,0.0,0.9742201543829967,0.9995867449861864
consensus_DB,2,BraTS-GLI-00325-000,ET,0.8973984739079224,0.8973984739079224,3.0,3.0,1.0,0.0,0.0,0.855535212986696,0.9997641508107035
consensus_DB,2,BraTS-GLI-00353-000,WT,0.907464981013457,0.48863973313565606,63.75735251718032,188.22474487139158,1.0,1.0,0.0,0.9948309689103532,0.9982233122766285
consensus_DB,2,BraTS-GLI-00353-000,TC,0.9795709600746156,0.9795709600746156,2.0,2.0,1.0,0.0,0.0,0.9907089968556648,0.9998221587495023
consensus_DB,2,BraTS-GLI-00353-000,ET,0.9831570016967761,0.9831570016967761,0.0,0.0,1.0,0.0,0.0,0.9788095592984548,0.9999440803101258
consensus_DB,2,BraTS-GLI-00336-000,WT,0.98243002905002,0.98243002905002,1.0,1.0,1.0,0.0,0.0,0.9915520520382569,0.9995535630925451
consensus_DB,2,BraTS-GLI-00336-000,TC,0.9841169092200511,0.9841169092200511,1.0,1.0,1.0,0.0,0.0,0.9958709282764949,0.9998970243291264
consensus_DB,2,BraTS-GLI-00336-000,ET,0.9549184935356942,0.9549184935356942,1.0,1.0,1.0,0.0,0.0,0.9895153774464119,0.9998401944958675
consensus_DB,2,BraTS-GLI-00347-000,WT,0.9803057445870845,0.9803057445870845,1.0,1.0,1.0,0.0,0.0,0.9783515165362426,0.9998251223210544
consensus_DB,2,BraTS-GLI-00347-000,TC,0.9837490551776266,0.9837490551776266,1.0,1.0,1.0,0.0,0.0,0.9811005815205686,0.9999435374951523
consensus_DB,2,BraTS-GLI-00347-000,ET,0.9501014964830289,0.9501014964830289,1.0,1.0,1.0,0.0,0.0,0.9750968992248062,0.9998203732643567
consensus_DB,2,BraTS-GLI-00405-000,WT,0.9790120112603423,0.9790120112603423,1.0,1.0,1.0,0.0,0.0,0.9960857370117637,0.9993670798178373
consensus_DB,2,BraTS-GLI-00405-000,TC,0.9764357647214459,0.9764357647214459,1.0,1.0,1.0,0.0,0.0,0.9822016700489038,0.9998999768598151
consensus_DB,2,BraTS-GLI-00405-000,ET,0.9690309323744175,0.9690309323744175,1.0,1.0,1.0,0.0,0.0,0.9544961688593321,0.9999517995508482
consensus_DB,2,BraTS-GLI-00442-000,WT,0.9457805441687086,0.31954988994432476,14.866068747318506,250.7862996478469,1.0,0.0,2.0,0.9052149557640154,0.9999544073666888
consensus_DB,2,BraTS-GLI-00442-000,TC,0.9720354207405287,0.9720354207405287,1.4142135623730951,1.4142135623730951,1.0,0.0,0.0,0.9848587352211591,0.9998551190356165
consensus_DB,2,BraTS-GLI-00442-000,ET,0.9038780507068952,0.9038780507068952,2.23606797749979,2.23606797749979,1.0,0.0,0.0,0.880443145099246,0.9999012899828851
consensus_DB,2,BraTS-GLI-00407-000,WT,0.9400316341359626,0.9400316341359626,1.7320508075688772,1.7320508075688772,1.0,0.0,0.0,0.9630665460228675,0.998813594157905
consensus_DB,2,BraTS-GLI-00407-000,TC,0.9428664902001606,0.9428664902001606,1.4142135623730951,1.4142135623730951,1.0,0.0,0.0,0.9029850746268657,0.9999755343335227
consensus_DB,2,BraTS-GLI-00407-000,ET,0.8884934756820878,0.8884934756820878,1.4142135623730951,1.4142135623730951,1.0,0.0,0.0,0.8573063716138878,0.9998934367707079
consensus_DB,2,BraTS-GLI-00479-001,WT,0.9870445188101769,0.9870445188101769,1.0,1.0,1.0,0.0,0.0,0.9875710135986221,0.9998813585865537
consensus_DB,2,BraTS-GLI-00479-001,TC,0.9928014905149052,0.9928014905149052,0.0,0.0,1.0,0.0,0.0,0.9992328673712922,0.9999819431179053
consensus_DB,2,BraTS-GLI-00479-001,ET,0.9882556306878845,0.9882556306878845,0.0,0.0,1.0,0.0,0.0,0.9967182853040714,0.9999776862027512
consensus_DB,2,BraTS-GLI-00477-001,WT,0.9751615722325196,0.9751615722325196,1.0,1.0,1.0,0.0,0.0,0.9799081931880589,0.9993409262476207
consensus_DB,2,BraTS-GLI-00477-001,TC,0.9811087210838145,0.9811087210838145,1.0,1.0,1.0,0.0,0.0,0.9688315172835273,0.9999535036626587
consensus_DB,2,BraTS-GLI-00477-001,ET,0.964402765274998,0.964402765274998,1.0,1.0,1.0,0.0,0.0,0.9366437484084543,0.999961551883253
consensus_DB,2,BraTS-GLI-00464-001,WT,0.9501789687530231,0.9501789687530231,1.0,1.0,1.0,0.0,0.0,0.9163168205989365,0.9999850851397416
consensus_DB,2,BraTS-GLI-00464-001,TC,0.9767011523256792,0.9767011523256792,1.0,1.0,1.0,0.0,0.0,0.9628524046434495,0.9999940596079117
consensus_DB,2,BraTS-GLI-00464-001,ET,0.9666011787819253,0.9666011787819253,1.0,1.0,1.0,0.0,0.0,0.9596336499321574,0.9999828515785066
consensus_DB,2,BraTS-GLI-00410-000,WT,0.9057422269165119,0.7597320634287759,8.48528137423857,5.811624326636737,2.0,0.0,0.0,0.9263860488444771,0.999303865792445
consensus_DB,2,BraTS-GLI-00410-000,TC,0.9892397660818714,0.9892397660818714,0.0,0.0,1.0,0.0,0.0,0.9875072971395213,0.9999913671661939
consensus_DB,2,BraTS-GLI-00410-000,ET,0.9735726751433558,0.9735726751433558,1.0,1.0,1.0,0.0,0.0,0.9636027143738433,0.9999855379463547
consensus_DB,2,BraTS-GLI-00413-000,WT,0.9915525490843096,0.9915525490843096,0.0,0.0,1.0,0.0,0.0,0.9965509236228568,0.9998614999353327
consensus_DB,2,BraTS-GLI-00413-000,TC,0.9933993882359828,0.9933993882359828,0.0,0.0,1.0,0.0,0.0,0.9887830317862658,0.9999925789974158
consensus_DB,2,BraTS-GLI-00413-000,ET,0.9846153846153847,0.9846153846153847,0.0,0.0,1.0,0.0,0.0,0.9727861185481411,0.999989436413559
consensus_DB,2,BraTS-GLI-00423-000,WT,0.9547571239372837,0.9547571239372837,1.4142135623730951,1.4142135623730951,1.0,0.0,0.0,0.955728899380752,0.9996947982206973
consensus_DB,2,BraTS-GLI-00423-000,TC,0.9627662727154186,0.9627662727154186,1.0,1.0,1.0,0.0,0.0,0.9466408690381836,0.9999041091480998
consensus_DB,2,BraTS-GLI-00423-000,ET,0.9474682756904703,0.9474682756904703,1.0,1.0,1.0,0.0,0.0,0.9323600526428549,0.999868695102496
consensus_DB,2,BraTS-GLI-00449-000,WT,0.9892617571094495,0.989281893660282,1.0,1.0,1.0,0.0,0.0,0.9915176628463659,0.9996695922927378
consensus_DB,2,BraTS-GLI-00449-000,TC,0.9692783377651352,0.9692783377651352,2.23606797749979,2.23606797749979,1.0,0.0,0.0,0.9550800053621263,0.9998550748066091
consensus_DB,2,BraTS-GLI-00449-000,ET,0.926969711926032,0.926969711926032,2.0,2.0,1.0,0.0,0.0,0.8719686769735518,0.9999317416386045
consensus_DB,2,BraTS-GLI-00446-000,WT,0.984993713738653,0.984993713738653,1.0,1.0,1.0,0.0,0.0,0.9872598210363246,0.9995695471233982
consensus_DB,2,BraTS-GLI-00446-000,TC,0.9805615131547024,0.9805615131547024,2.0,2.0,1.0,0.0,0.0,0.9919497349302965,0.9996390267999374
consensus_DB,2,BraTS-GLI-00446-000,ET,0.9677182489352897,0.9677182489352897,1.0,1.0,1.0,0.0,0.0,0.9726788422055528,0.9996837401432815
consensus_DB,2,BraTS-GLI-00418-000,WT,0.9075872834948089,0.907598528118147,19.72308292331602,19.72308292331602,1.0,0.0,0.0,0.840523670743741,0.9997671839493553
consensus_DB,2,BraTS-GLI-00418-000,TC,0.9870100161762063,0.9870100161762063,1.0,1.0,1.0,0.0,0.0,0.9849982063072759,0.9999623482846609
consensus_DB,2,BraTS-GLI-00418-000,ET,0.9812782189008251,0.9812782189008251,0.0,0.0,1.0,0.0,0.0,0.9700269334359369,0.9999794428449306
consensus_DB,2,BraTS-GLI-00499-000,WT,0.9752558192368493,0.9752558192368493,1.0,1.0,1.0,0.0,0.0,0.9726318373203935,0.9997360031212615
consensus_DB,2,BraTS-GLI-00499-000,TC,0.9891714717188358,0.9891714717188358,1.0,1.0,1.0,0.0,0.0,0.9849794941900205,0.9999568182125671
consensus_DB,2,BraTS-GLI-00499-000,ET,0.9599040695495765,0.9599040695495765,1.0,1.0,1.0,0.0,0.0,0.9712841253791709,0.9997666632164924
consensus_DB,2,BraTS-GLI-00574-000,WT,0.975450230280065,0.4878898314909747,1.0,187.5,1.0,1.0,0.0,0.9777263727827387,0.999697927421938
consensus_DB,2,BraTS-GLI-00574-000,TC,0.982110865896404,0.982110865896404,1.0,1.0,1.0,0.0,0.0,0.9741938807046462,0.9999788967631901
consensus_DB,2,BraTS-GLI-00574-000,ET,0.9721855967853331,0.9721855967853331,0.0,0.0,1.0,0.0,0.0,0.9603076159761845,0.9999723963843303
consensus_DB,2,BraTS-GLI-00567-000,WT,0.9335424518364194,0.9335424518364194,1.4142135623730951,1.4142135623730951,1.0,0.0,0.0,0.935359789848954,0.9996711445923882
consensus_DB,2,BraTS-GLI-00567-000,TC,0.9502170028082716,0.9502170028082716,1.7320508075688772,1.7320508075688772,1.0,0.0,0.0,0.9628455941794665,0.9997784665184907
consensus_DB,2,BraTS-GLI-00567-000,ET,0.9106766480122102,0.9106766480122102,1.4142135623730951,1.4142135623730951,1.0,0.0,0.0,0.9341451292246521,0.9997348415111115
consensus_DB,2,BraTS-GLI-00584-000,WT,0.9273495832181092,0.9273495832181092,6.324555320336759,6.324555320336759,1.0,0.0,0.0,0.9412189254210104,0.9998759468029382
consensus_DB,2,BraTS-GLI-00584-000,TC,0.9587271367376079,0.9587271367376079,1.0,1.0,1.0,0.0,0.0,0.9247114375655824,0.9999963006043692
consensus_DB,2,BraTS-GLI-00584-000,ET,0.9590685048932066,0.9590685048932066,1.0,1.0,1.0,0.0,0.0,0.9297783933518006,0.9999926015438112
consensus_DB,2,BraTS-GLI-00599-000,WT,0.9785848043522636,0.9785848043522636,1.0,1.0,1.0,0.0,0.0,0.9879047431325819,0.9996057341409508
consensus_DB,2,BraTS-GLI-00599-000,TC,0.976564305634736,0.976564305634736,1.0,1.0,1.0,0.0,0.0,0.9738483758950247,0.9999246806713403
consensus_DB,2,BraTS-GLI-00599-000,ET,0.9626098674550977,0.9626098674550977,1.0,1.0,1.0,0.0,0.0,0.9617394100152721,0.9998981255780278
consensus_DB,2,BraTS-GLI-00570-000,WT,0.9224985352516112,0.9224985352516112,2.23606797749979,2.23606797749979,1.0,0.0,0.0,0.9551750867850763,0.9992260384829362
consensus_DB,2,BraTS-GLI-00570-000,TC,0.9285895056521005,0.9286090899504377,16.792855623746664,16.792855623746664,1.0,0.0,0.0,0.8897825559776897,0.9999259821517023
consensus_DB,2,BraTS-GLI-00570-000,ET,0.8615927123126653,0.8616243617529296,15.264337522473747,15.264337522473747,1.0,0.0,0.0,0.7986380660537964,0.9999090125278867
consensus_DB,2,BraTS-GLI-00555-001,WT,0.9462498026211906,0.9464291354749045,2.8284271247461903,2.449489742783178,1.0,0.0,0.0,0.9479262235439274,0.9998023917788685
consensus_DB,2,BraTS-GLI-00555-001,TC,0.9682185925812853,0.9682185925812853,1.0,1.0,1.0,0.0,0.0,0.9774996917765997,0.9999241453276776
consensus_DB,2,BraTS-GLI-00555-001,ET,0.9426435760805211,0.9426435760805211,1.0,1.0,1.0,0.0,0.0,0.926664241542379,0.9999391985084564
consensus_DB,2,BraTS-GLI-00537-000,WT,0.8107455516576594,0.8107455516576594,13.152946437965905,13.152946437965905,1.0,0.0,0.0,0.6866454672962238,0.9999237090616769
consensus_DB,2,BraTS-GLI-00537-000,TC,0.919957640206504,0.9215160345411821,2.0,1.9840593925343335,2.0,0.0,0.0,0.8798160104654598,0.9999124019027654
consensus_DB,2,BraTS-GLI-00537-000,ET,0.8780487804878049,0.8903921733868342,2.8284271247461903,2.0,2.0,0.0,0.0,0.8519679233109042,0.9997840854711642
consensus_DB,2,BraTS-GLI-00597-000,WT,0.9632893357685766,0.9632893357685766,4.123105625617661,4.123105625617661,1.0,0.0,0.0,0.9769570586512877,0.9995435875061628
consensus_DB,2,BraTS-GLI-00597-000,TC,0.028384032568132985,0.028051125438298834,25.80697580112788,34.539832078341085,1.0,0.0,0.0,0.15493827160493828,0.996455927106163
consensus_DB,2,BraTS-GLI-00597-000,ET,0.0,0.0,374.0,374.0,0.0,0.0,1.0,0.0,1.0
consensus_DB,2,BraTS-GLI-00572-000,WT,0.9521579627579732,0.9521579627579732,3.605551275463989,3.605551275463989,1.0,0.0,0.0,0.9842205528198124,0.9992155609728356
consensus_DB,2,BraTS-GLI-00572-000,TC,0.9498840540171873,0.633645861905007,2.0,125.47140452079104,2.0,1.0,0.0,0.967758074378787,0.9998589227330921
consensus_DB,2,BraTS-GLI-00572-000,ET,0.9433761000325935,0.6315586668144687,1.0,125.33333333333333,2.0,1.0,0.0,0.9556369312042262,0.999868482210648
consensus_DB,2,BraTS-GLI-00580-000,WT,0.941306248044563,0.941306248044563,3.0,3.0,1.0,0.0,0.0,0.9274881456339067,0.9992259431829298
consensus_DB,2,BraTS-GLI-00580-000,TC,0.9523596325407091,0.9523675286665395,1.7320508075688772,1.7320508075688772,1.0,0.0,0.0,0.9385090528792731,0.9997763568474052
consensus_DB,2,BraTS-GLI-00580-000,ET,0.9190599000451691,0.9190732915634562,1.0,1.0,1.0,0.0,0.0,0.9509709323362683,0.9995582830307382
consensus_DB,2,BraTS-GLI-00587-000,WT,0.9505604372228494,0.47531444019336067,2.23606797749979,188.1180339887499,1.0,1.0,0.0,0.9668848158825056,0.9988456101229044
consensus_DB,2,BraTS-GLI-00587-000,TC,0.9657756682488133,0.5233020052456007,2.0,10.233386222815373,2.0,0.0,0.0,0.9503356544591538,0.9997755250632109
consensus_DB,2,BraTS-GLI-00587-000,ET,0.9126241725602412,0.42729188560936393,1.0,125.74535599249992,2.0,1.0,0.0,0.8832004206467444,0.9996635082282666
consensus_DB,2,BraTS-GLI-00610-000,WT,0.9466290346539906,0.9466290346539906,2.0,2.0,1.0,0.0,0.0,0.9525382228169575,0.9995245973189141
consensus_DB,2,BraTS-GLI-00610-000,TC,0.954870763589046,0.954870763589046,1.0,1.0,1.0,0.0,0.0,0.9190481612205397,0.999994169891819
consensus_DB,2,BraTS-GLI-00610-000,ET,0.9273000214454215,0.9273000214454215,1.0,1.0,1.0,0.0,0.0,0.8817292006525286,0.999983521369085
consensus_DB,2,BraTS-GLI-00621-000,WT,0.775225102319236,0.7752392039873395,7.54983443527075,7.54983443527075,1.0,0.0,0.0,0.7940749021799888,0.9992325723655274
consensus_DB,2,BraTS-GLI-00621-000,TC,0.29772329246935203,0.29772329246935203,21.095023109728988,21.095023109728988,1.0,0.0,0.0,0.17932489451476794,0.9999892427428854
consensus_DB,2,BraTS-GLI-00621-000,ET,0.2810834813499112,0.2810834813499112,21.587033144922902,21.587033144922902,1.0,0.0,0.0,0.16693037974683544,0.9999911476738328
consensus_DB,2,BraTS-GLI-00630-000,WT,0.9005456009969757,0.4817910544845474,28.653097563788805,187.70710678118655,1.0,1.0,0.0,0.9625881282692745,0.9987836157953777
consensus_DB,2,BraTS-GLI-00630-000,TC,0.8032723811838082,0.48085921400344267,45.44227107000705,187.5,1.0,1.0,0.0,0.9717785399314062,0.9989740210315023
consensus_DB,2,BraTS-GLI-00630-000,ET,0.7901977093863971,0.4776454207920792,45.0111097397076,187.5,1.0,1.0,0.0,0.9596953841371807,0.9989831285091412
consensus_DB,2,BraTS-GLI-00611-000,WT,0.709668360899722,0.709668360899722,11.789826122551595,11.789826122551595,1.0,0.0,0.0,0.5649394196807798,0.9997248411840337
consensus_DB,2,BraTS-GLI-00611-000,TC,0.981269051820953,0.981269051820953,1.0,1.0,1.0,0.0,0.0,0.9871287927695287,0.9999309238369596
consensus_DB,2,BraTS-GLI-00611-000,ET,0.9429699900335905,0.9429699900335905,1.0,1.0,1.0,0.0,0.0,0.930908825887326,0.9999330287957108
consensus_DB,2,BraTS-GLI-00624-000,WT,0.8967321302898724,0.44836904200721034,8.306623862918075,191.15331193145903,1.0,1.0,0.0,0.8901014893897456,0.9991848289620691
consensus_DB,2,BraTS-GLI-00624-000,TC,0.9717591238503785,0.9717591238503785,1.0,1.0,1.0,0.0,0.0,0.9755317760668145,0.9998889556753315
consensus_DB,2,BraTS-GLI-00624-000,ET,0.902531866596822,0.902531866596822,1.0,1.0,1.0,0.0,0.0,0.8994222871859121,0.999848995353522
consensus_DB,2,BraTS-GLI-00654-000,WT,0.8600346030324638,0.8600346030324638,9.219544457292887,9.219544457292887,1.0,0.0,0.0,0.7984358482239077,0.999356553208871
consensus_DB,2,BraTS-GLI-00654-000,TC,0.9821506885360933,0.9265623661926143,1.0,0.7071067811865476,2.0,0.0,0.0,0.9718786616326,0.9999626206693737
consensus_DB,2,BraTS-GLI-00654-000,ET,0.9472830823486491,0.8071246292250114,1.0,1.4142135623730951,2.0,0.0,0.0,0.917366726858758,0.9999442854758301
consensus_DB,2,BraTS-GLI-00616-000,WT,0.9880418535127056,0.9880455643147138,1.0,1.0,1.0,0.0,0.0,0.9911389066797273,0.9997716958574964
consensus_DB,2,BraTS-GLI-00616-000,TC,0.9927912699793681,0.9927912699793681,0.0,0.0,1.0,0.0,0.0,0.9912389556239452,0.9999744591068923
consensus_DB,2,BraTS-GLI-00616-000,ET,0.9672666432792725,0.9672666432792725,0.0,0.0,1.0,0.0,0.0,0.946951283948008,0.9999765407718019
consensus_DB,2,BraTS-GLI-00625-000,WT,0.9639197202881595,0.9639197202881595,1.4142135623730951,1.4142135623730951,1.0,0.0,0.0,0.9354918470127402,0.9999032402988998
consensus_DB,2,BraTS-GLI-00625-000,TC,0.9899885042417893,0.9899885042417893,1.0,1.0,1.0,0.0,0.0,0.9838467100506146,0.9999707636995773
consensus_DB,2,BraTS-GLI-00625-000,ET,0.9638583681240939,0.9638583681240939,1.0,1.0,1.0,0.0,0.0,0.9556948870721906,0.999911227297224
consensus_DB,2,BraTS-GLI-00612-001,WT,0.9718536796457081,0.9718536796457081,1.0,1.0,1.0,0.0,0.0,0.9692745638200184,0.9998440308557455
consensus_DB,2,BraTS-GLI-00612-001,TC,0.13410937310537166,0.06894881292721339,18.81488772222678,36.55492288696816,2.0,0.0,0.0,0.9793388429752066,0.9976039360514865
consensus_DB,2,BraTS-GLI-00612-001,ET,0.8812709030100334,0.573486370710538,1.0,125.47140452079104,2.0,1.0,0.0,0.9332939787485242,0.9999649351030538
consensus_DB,2,BraTS-GLI-00613-001,WT,0.9172270766988017,0.46595196953133267,39.20459156782532,189.91547594742266,1.0,1.0,0.0,0.8819838462051932,0.9997218111346813
consensus_DB,2,BraTS-GLI-00613-001,TC,0.8177434908389586,0.8697435897435898,44.395945760846224,1.0,1.0,0.0,0.0,0.7066666666666667,0.9999985438089477
consensus_DB,2,BraTS-GLI-00613-001,ET,0.7944389275074478,0.8465608465608465,44.75488800120049,1.4142135623730951,1.0,0.0,0.0,0.6666666666666666,0.9999992158971257
consensus_DB,2,BraTS-GLI-00628-000,WT,0.9464629961012129,0.9464629961012129,1.4142135623730951,1.4142135623730951,1.0,0.0,0.0,0.9925480028284953,0.9993483489572175
consensus_DB,2,BraTS-GLI-00628-000,TC,0.9524299305734122,0.4068055464665634,19.697715603592208,126.24721912892466,2.0,0.0,1.0,0.9239211773509604,0.9999854259795592
consensus_DB,2,BraTS-GLI-00628-000,ET,0.9355410999408634,0.40118248869854867,18.788294228055936,127.28825433746387,2.0,0.0,1.0,0.9125753108575824,0.9999664805684267
consensus_DB,2,BraTS-GLI-00610-001,WT,0.8968051472627434,0.8978135628513917,6.324555320336759,7.615773105863909,1.0,0.0,0.0,0.8838143653656937,0.9992792629192856
consensus_DB,2,BraTS-GLI-00610-001,TC,0.8764878385371744,0.44248018810415396,24.166091947189145,188.87082869338698,1.0,0.0,1.0,0.839141205615194,0.9998972620792764
consensus_DB,2,BraTS-GLI-00610-001,ET,0.7797103794191409,0.3969849246231156,22.825424421026653,188.802775637732,1.0,0.0,1.0,0.6713569239342435,0.9999591965852475
consensus_DB,2,BraTS-GLI-00685-000,WT,0.8716793688670287,0.8716793688670287,8.306623862918075,8.306623862918075,1.0,0.0,0.0,0.8014731398251486,0.9996215492675535
consensus_DB,2,BraTS-GLI-00685-000,TC,0.9782218175554298,0.9782218175554298,1.0,1.0,1.0,0.0,0.0,0.9911733905151349,0.9998406821683516
consensus_DB,2,BraTS-GLI-00685-000,ET,0.9284082649776763,0.9284082649776763,1.0,1.0,1.0,0.0,0.0,0.9631085738905644,0.9997673252346502
consensus_DB,2,BraTS-GLI-00675-001,WT,0.0,0.0,374.0,374.0,0.0,0.0,1.0,0.0,1.0
consensus_DB,2,BraTS-GLI-00675-001,TC,1.0,1.0,0.0,0.0,0.0,0.0,0.0,1.0,1.0
consensus_DB,2,BraTS-GLI-00675-001,ET,1.0,1.0,0.0,0.0,0.0,0.0,0.0,1.0,1.0
consensus_DB,2,BraTS-GLI-00656-000,WT,0.9550344739682705,0.4829223884084125,48.12483766206386,188.0,1.0,0.0,1.0,0.954931776363477,0.9993602922456764
consensus_DB,2,BraTS-GLI-00656-000,TC,0.19291539245667685,0.19294700238498372,29.29163703175362,29.29163703175362,1.0,0.0,0.0,0.9506637961966272,0.9950615449206304
consensus_DB,2,BraTS-GLI-00656-000,ET,0.7679685694476542,0.08721441413067726,9.643650760992955,332.7166099714203,1.0,8.0,0.0,0.6930135557872784,0.9999399318966672
consensus_DB,2,BraTS-GLI-00723-000,WT,0.9694442619131536,0.9694442619131536,1.0,1.0,1.0,0.0,0.0,0.9770964789750012,0.9996367421160716
consensus_DB,2,BraTS-GLI-00723-000,TC,0.9659286010301343,0.9659286010301343,1.4142135623730951,1.4142135623730951,1.0,0.0,0.0,0.9532030496888967,0.9999212931933117
consensus_DB,2,BraTS-GLI-00723-000,ET,0.9221416433307006,0.9221416433307006,1.0,1.0,1.0,0.0,0.0,0.867044738500315,0.9999664263059662
consensus_DB,2,BraTS-GLI-00714-000,WT,0.9585323079763125,0.9585323079763125,1.4142135623730951,1.4142135623730951,1.0,0.0,0.0,0.9266994805511981,0.9998319006063282
consensus_DB,2,BraTS-GLI-00714-000,TC,0.9786396222093346,0.9786396222093346,1.0,1.0,1.0,0.0,0.0,0.9654512586780515,0.9999104714618152
consensus_DB,2,BraTS-GLI-00714-000,ET,0.9323991282563089,0.9323991282563089,1.0,1.0,1.0,0.0,0.0,0.9000609504335345,0.9998248309506025
consensus_DB,2,BraTS-GLI-00708-000,WT,0.9326468841051172,0.9326468841051172,3.0,3.0,1.0,0.0,0.0,0.9972776769509982,0.9997378659188664
consensus_DB,2,BraTS-GLI-00708-000,TC,0.9576916842275895,0.9576916842275895,1.0,1.0,1.0,0.0,0.0,0.9959541469993257,0.9999162471737626
consensus_DB,2,BraTS-GLI-00708-000,ET,0.9088497252226644,0.9088497252226644,1.7320508075688772,1.7320508075688772,1.0,0.0,0.0,0.9941956882255389,0.9998429506710412
consensus_DB,2,BraTS-GLI-00682-000,WT,0.9506323897676483,0.9506323897676483,2.0,2.0,1.0,0.0,0.0,0.9166646289277418,0.9998902354793748
consensus_DB,2,BraTS-GLI-00682-000,TC,0.9769355001514081,0.9769355001514081,1.0,1.0,1.0,0.0,0.0,0.9796052631578948,0.9999426373784271
consensus_DB,2,BraTS-GLI-00682-000,ET,0.943359375,0.943359375,1.0,1.0,1.0,0.0,0.0,0.9351403678606002,0.9999340482147928
consensus_DB,2,BraTS-GLI-00682-001,WT,0.9831388037760578,0.9831388037760578,1.0,1.0,1.0,0.0,0.0,0.9735688227865862,0.9999099157156005
consensus_DB,2,BraTS-GLI-00682-001,TC,0.9703578408027195,0.9703578408027195,1.0,1.0,1.0,0.0,0.0,0.9424524690570372,0.9999998875981662
consensus_DB,2,BraTS-GLI-00682-001,ET,0.9608142493638677,0.9608142493638677,1.0,1.0,1.0,0.0,0.0,0.9256846676472649,0.9999961795374679
consensus_DB,2,BraTS-GLI-00692-001,WT,0.9862673631041212,0.9862673631041212,1.0,1.0,1.0,0.0,0.0,0.9862532106932227,0.9998920787495494
consensus_DB,2,BraTS-GLI-00692-001,TC,0.9759097402125754,0.9759097402125754,1.4142135623730951,1.4142135623730951,1.0,0.0,0.0,0.9961939597647175,0.9998969438924606
consensus_DB,2,BraTS-GLI-00692-001,ET,0.9675564168281553,0.9675564168281553,1.0,1.0,1.0,0.0,0.0,0.991925147398103,0.9998976706151746
consensus_DB,2,BraTS-GLI-00697-000,WT,0.9632893212236431,0.4816730676491915,1.0,187.5,1.0,1.0,0.0,0.993530842994132,0.9988987581159411
consensus_DB,2,BraTS-GLI-00697-000,TC,0.9903377675589862,0.9903377675589862,1.0,1.0,1.0,0.0,0.0,0.9933149391206468,0.9998955410246534
consensus_DB,2,BraTS-GLI-00697-000,ET,0.9653009087087281,0.9653009087087281,1.0,1.0,1.0,0.0,0.0,0.9797807391846649,0.999741621005638
consensus_DB,2,BraTS-GLI-00674-001,WT,0.972345332565965,0.972747832314877,1.0,1.3660254037844386,2.0,0.0,0.0,0.9554750130033107,0.9998648783217933
consensus_DB,2,BraTS-GLI-00674-001,TC,0.9824367908290302,0.9806448693919475,1.0,1.0,2.0,0.0,0.0,0.978007718924674,0.9999561696499776
consensus_DB,2,BraTS-GLI-00674-001,ET,0.9672841939298384,0.9653732247779054,1.0,0.5,2.0,0.0,0.0,0.9685992456802035,0.9999126352945774
consensus_DB,2,BraTS-GLI-00683-001,WT,0.9876640303750791,0.9876640303750791,1.0,1.0,1.0,0.0,0.0,0.9798026247804071,0.9999052030692224
consensus_DB,2,BraTS-GLI-00683-001,TC,0.9889058310110942,0.9889058310110942,1.4142135623730951,1.4142135623730951,1.0,0.0,0.0,0.9881076330846603,0.9998780503146721
consensus_DB,2,BraTS-GLI-00683-001,ET,0.9772344076118039,0.9772344076118039,0.0,0.0,1.0,0.0,0.0,0.9765743297408034,0.9998321791275075
consensus_DB,2,BraTS-GLI-00727-001,WT,0.9701091751636093,0.9701091751636093,1.0,1.0,1.0,0.0,0.0,0.9435278666994993,0.9999745280496776
consensus_DB,2,BraTS-GLI-00727-001,TC,0.968502676243195,0.968502676243195,1.4142135623730951,1.4142135623730951,1.0,0.0,0.0,0.9539269138917676,0.9999201901388332
consensus_DB,2,BraTS-GLI-00727-001,ET,0.8812457400513816,0.8812457400513816,3.1622776601683795,3.1622776601683795,1.0,0.0,0.0,0.8529381914137826,0.9998167999394721
consensus_DB,2,BraTS-GLI-00765-000,WT,0.9442747384985652,0.47213955447354655,2.0,188.0,1.0,1.0,0.0,0.9267486122845748,0.9995489869671182
consensus_DB,2,BraTS-GLI-00765-000,TC,0.8868279018924643,0.44343667264497394,4.47213595499958,189.2360679774998,1.0,1.0,0.0,0.9005793180004856,0.99957748882958
consensus_DB,2,BraTS-GLI-00765-000,ET,0.8705718198496163,0.4353421542278272,2.0,188.0,1.0,1.0,0.0,0.8033381020505485,0.999900640280767
consensus_DB,2,BraTS-GLI-00730-001,WT,0.9890280382770035,0.9890280382770035,1.0,1.0,1.0,0.0,0.0,0.9935097513850489,0.9998350750442507
consensus_DB,2,BraTS-GLI-00730-001,TC,0.9861036399497938,0.9861036399497938,1.0,1.0,1.0,0.0,0.0,0.9956999954736795,0.9999410503612939
consensus_DB,2,BraTS-GLI-00730-001,ET,0.963627382159478,0.963627382159478,1.0,1.0,1.0,0.0,0.0,0.9921833172716565,0.999859360790866
consensus_DB,2,BraTS-GLI-00737-000,WT,0.9309369279414212,0.47044350514163147,5.916079783099616,188.0,1.0,1.0,0.0,0.9216195065694633,0.9998408530545825
consensus_DB,2,BraTS-GLI-00737-000,TC,0.9558289247243291,0.9558289247243291,1.7320508075688772,1.7320508075688772,1.0,0.0,0.0,0.9242526964560863,0.9999823828586336
consensus_DB,2,BraTS-GLI-00737-000,ET,0.9368082529340517,0.9368082529340517,1.4142135623730951,1.4142135623730951,1.0,0.0,0.0,0.8996470399486604,0.9999706130894683
consensus_DB,2,BraTS-GLI-00805-000,WT,0.9695637310952105,0.9695808750287335,1.0,1.0,1.0,0.0,0.0,0.9657387077457761,0.9997460089421589
consensus_DB,2,BraTS-GLI-00805-000,TC,0.8791553716650021,0.8791553716650021,2.449489742783178,2.449489742783178,1.0,0.0,0.0,0.7881811204911742,0.9999978709316164
consensus_DB,2,BraTS-GLI-00805-000,ET,0.8080043266630611,0.8080043266630611,2.449489742783178,2.449489742783178,1.0,0.0,0.0,0.6817766960754488,0.99999787108
consensus_DB,2,BraTS-GLI-00799-000,WT,0.9786134162333487,0.9786134162333487,1.0,1.0,1.0,0.0,0.0,0.9775838960119364,0.9995399921079323
consensus_DB,2,BraTS-GLI-00799-000,TC,0.9765313306735508,0.9765313306735508,1.0,1.0,1.0,0.0,0.0,0.9727373928531671,0.9998018820638209
consensus_DB,2,BraTS-GLI-00799-000,ET,0.9626396724494041,0.9626396724494041,1.0,1.0,1.0,0.0,0.0,0.9371216642510017,0.9999216494351872
consensus_DB,2,BraTS-GLI-00789-000,WT,0.9882329107085577,0.9882329107085577,1.0,1.0,1.0,0.0,0.0,0.979247697673835,0.9999651470911955
consensus_DB,2,BraTS-GLI-00789-000,TC,0.988857440473059,0.988857440473059,1.0,1.0,1.0,0.0,0.0,0.9819454602444886,0.9999780408991069
consensus_DB,2,BraTS-GLI-00789-000,ET,0.9639608064245767,0.9639608064245767,1.0,1.0,1.0,0.0,0.0,0.9361846973508954,0.9999765015799595
consensus_DB,2,BraTS-GLI-00739-000,WT,0.9467055453006339,0.9467055453006339,3.605551275463989,3.605551275463989,1.0,0.0,0.0,0.9077221671988879,0.9997433022749003
consensus_DB,2,BraTS-GLI-00739-000,TC,0.9436244043919619,0.9436244043919619,1.4142135623730951,1.4142135623730951,1.0,0.0,0.0,0.9140140968720998,0.9998958161404651
consensus_DB,2,BraTS-GLI-00739-000,ET,0.9384963190539679,0.9384963190539679,1.0,1.0,1.0,0.0,0.0,0.8933153088531465,0.9999576011614357
consensus_DB,2,BraTS-GLI-00777-000,WT,0.9701527386789668,0.9701527386789668,1.0,1.0,1.0,0.0,0.0,0.9713637927536104,0.9995996436385938
consensus_DB,2,BraTS-GLI-00777-000,TC,0.9825944377877278,0.9825944377877278,1.0,1.0,1.0,0.0,0.0,0.9887048670600926,0.9998736589352015
consensus_DB,2,BraTS-GLI-00777-000,ET,0.9329483477702919,0.9329483477702919,1.0,1.0,1.0,0.0,0.0,0.9482814843800952,0.9998544767800704
consensus_DB,2,BraTS-GLI-00778-000,WT,0.9152041185355373,0.9152041185355373,5.0,5.0,1.0,0.0,0.0,0.8874883960804538,0.9997164262728018
consensus_DB,2,BraTS-GLI-00778-000,TC,0.9810200927357032,0.9810200927357032,1.0,1.0,1.0,0.0,0.0,0.9763721388136845,0.9999741913707614
consensus_DB,2,BraTS-GLI-00778-000,ET,0.9619869030506308,0.9619869030506308,1.0,1.0,1.0,0.0,0.0,0.963140641240905,0.9999449273304348
consensus_DB,2,BraTS-GLI-00751-000,WT,0.950497656152873,0.950497656152873,3.3166247903554,3.3166247903554,1.0,0.0,0.0,0.9316187854808189,0.9997743345069293
consensus_DB,2,BraTS-GLI-00751-000,TC,0.9872485255379164,0.9872485255379164,1.0,1.0,1.0,0.0,0.0,0.9902263374485597,0.9999620506823242
consensus_DB,2,BraTS-GLI-00751-000,ET,0.9685941850676681,0.9685941850676681,0.0,0.0,1.0,0.0,0.0,0.9826566811194324,0.9999207878845406
consensus_DB,2,BraTS-GLI-00764-000,WT,0.8043279569892473,0.8043279569892473,15.427248620541512,15.427248620541512,1.0,0.0,0.0,0.6780809500067987,0.9999201334698682
consensus_DB,2,BraTS-GLI-00764-000,TC,0.9375456495275636,0.9536460704270269,5.196152422706632,4.140054944640259,2.0,0.0,0.0,0.9090377697841726,0.9998490463239796
consensus_DB,2,BraTS-GLI-00764-000,ET,0.9075264825592957,0.9246501366138564,2.23606797749979,2.08113883008419,2.0,0.0,0.0,0.8798231407932958,0.9997412561160586
consensus_DB,2,BraTS-GLI-01012-000,WT,0.96411873914519,0.96411873914519,2.449489742783178,2.449489742783178,1.0,0.0,0.0,0.9587482332015183,0.999569192051048
consensus_DB,2,BraTS-GLI-01012-000,TC,0.9693390372457695,0.9693390372457695,5.656854249492381,5.656854249492381,1.0,0.0,0.0,0.9600873450853928,0.9998374506665595
consensus_DB,2,BraTS-GLI-01012-000,ET,0.9623192123913671,0.9623192123913671,2.8284271247461903,2.8284271247461903,1.0,0.0,0.0,0.9485696222538328,0.9998368816647546
consensus_DB,2,BraTS-GLI-00834-000,WT,0.8778150800397677,0.8778150800397677,6.4031242374328485,6.4031242374328485,1.0,0.0,0.0,0.830024932219785,0.9994935966058776
consensus_DB,2,BraTS-GLI-00834-000,TC,0.9708712994474329,0.9698031270830951,1.0,1.0,2.0,0.0,0.0,0.9733646402758924,0.9999027047517269
consensus_DB,2,BraTS-GLI-00834-000,ET,0.960427807486631,0.9632655090137858,1.0,1.0,2.0,0.0,0.0,0.9488838990886277,0.999930939901207
consensus_DB,2,BraTS-GLI-00839-000,WT,0.939764123910355,0.939764123910355,4.123105625617661,4.123105625617661,1.0,0.0,0.0,0.9860117728970188,0.9998007226273286
consensus_DB,2,BraTS-GLI-00839-000,TC,0.8678500986193294,0.8678500986193294,1.0,1.0,1.0,0.0,0.0,0.9632224168126094,0.9999671777012696
consensus_DB,2,BraTS-GLI-00839-000,ET,0.9011082693947144,0.9011082693947144,1.0,1.0,1.0,0.0,0.0,0.9513951395139514,0.9999800602427117
consensus_DB,2,BraTS-GLI-01039-000,WT,0.8936922913644886,0.8936922913644886,5.385164807134504,5.385164807134504,1.0,0.0,0.0,0.8448829431438127,0.9999230342026579
consensus_DB,2,BraTS-GLI-01039-000,TC,0.9393871113114015,0.4701172755976545,3.7416573867739413,188.87082869338698,1.0,1.0,0.0,0.893101970865467,0.9999912542954864
consensus_DB,2,BraTS-GLI-01039-000,ET,0.9358033749082906,0.468359853121175,2.8284271247461903,188.4142135623731,1.0,1.0,0.0,0.8951924201661013,0.9999827343633594
consensus_DB,2,BraTS-GLI-01000-000,WT,0.98828136797914,0.98828136797914,1.0,1.0,1.0,0.0,0.0,0.9858695215522436,0.9998956779168386
consensus_DB,2,BraTS-GLI-01000-000,TC,0.9902202696196437,0.9902202696196437,0.0,0.0,1.0,0.0,0.0,0.9818002804546946,0.9999955028302375
consensus_DB,2,BraTS-GLI-01000-000,ET,0.9651908944255243,0.9651908944255243,0.0,0.0,1.0,0.0,0.0,0.9427831080607886,0.9999827232645042
consensus_DB,2,BraTS-GLI-01025-000,WT,0.9759896035297694,0.9759896035297694,1.0,1.0,1.0,0.0,0.0,0.9987130815262854,0.999748800214201
consensus_DB,2,BraTS-GLI-01025-000,TC,0.9884286379174758,0.9884286379174758,1.0,1.0,1.0,0.0,0.0,0.994670370490003,0.9999375073128246
consensus_DB,2,BraTS-GLI-01025-000,ET,0.9336592042232867,0.9336592042232867,2.0,2.0,1.0,0.0,0.0,0.8969533040309553,0.9999269776229104
consensus_DB,2,BraTS-GLI-01009-000,WT,0.9568916998158906,0.9568916998158906,2.0,2.0,1.0,0.0,0.0,0.9324743897224236,0.9999000474746323
consensus_DB,2,BraTS-GLI-01009-000,TC,0.9325518878205904,0.9325518878205904,1.7320508075688772,1.7320508075688772,1.0,0.0,0.0,0.9772600375615451,0.9997376603546873
consensus_DB,2,BraTS-GLI-01009-000,ET,0.8716391045111936,0.8716391045111936,1.0,1.0,1.0,0.0,0.0,0.9593858345715701,0.9996712609380605
consensus_DB,2,BraTS-GLI-01029-000,WT,0.983243255766233,0.983243255766233,1.0,1.0,1.0,0.0,0.0,0.996164008744987,0.9994884316757274
consensus_DB,2,BraTS-GLI-01029-000,TC,0.9726587815942969,0.9726587815942969,1.0,1.0,1.0,0.0,0.0,0.9834944298820446,0.9998936383371011
consensus_DB,2,BraTS-GLI-01029-000,ET,0.9707401819594934,0.9707401819594934,1.0,1.0,1.0,0.0,0.0,0.9636908273952707,0.9999461035505746
consensus_DB,2,BraTS-GLI-01002-000,WT,0.9384321848296547,0.9384321848296547,3.0,3.0,1.0,0.0,0.0,0.9461093979222179,0.9994703876383306
consensus_DB,2,BraTS-GLI-01002-000,TC,0.9259058392086981,0.9259058392086981,3.0,3.0,1.0,0.0,0.0,0.9773198124522953,0.999448225661983
consensus_DB,2,BraTS-GLI-01002-000,ET,0.8962915350864936,0.8962915350864936,3.0,3.0,1.0,0.0,0.0,0.9158456837716669,0.9994967941570998
consensus_DB,2,BraTS-GLI-01019-000,WT,0.9829880159123264,0.9829880159123264,1.0,1.0,1.0,0.0,0.0,0.9784858877594687,0.9997727780067361
consensus_DB,2,BraTS-GLI-01019-000,TC,0.9740176628695764,0.9740176628695764,4.58257569495584,4.58257569495584,1.0,0.0,0.0,0.996406593246723,0.9996154307643875
consensus_DB,2,BraTS-GLI-01019-000,ET,0.9703937974000698,0.9703937974000698,1.0,1.0,1.0,0.0,0.0,0.9861762050135443,0.9997572478299239
consensus_DB,2,BraTS-GLI-01004-000,WT,0.9469790988289938,0.473774160232135,6.4031242374328485,191.18330013267038,1.0,1.0,0.0,0.990960640855846,0.9991043169617418
consensus_DB,2,BraTS-GLI-01004-000,TC,0.9849974902864792,0.9849974902864792,1.0,1.0,1.0,0.0,0.0,0.9732192057602587,0.9999912367220891
consensus_DB,2,BraTS-GLI-01004-000,ET,0.9562690007683827,0.9562690007683827,1.0,1.0,1.0,0.0,0.0,0.9232357115210941,0.9999866479633431
consensus_DB,2,BraTS-GLI-01049-000,WT,0.8841567869197239,0.4437058144881727,3.0,39.66985106875144,2.0,0.0,0.0,0.9021979923849083,0.9990970911657208
consensus_DB,2,BraTS-GLI-01049-000,TC,0.8960619754680439,0.8983818770226537,1.7320508075688772,1.4142135623730951,1.0,0.0,0.0,0.9332518337408313,0.9998626653901088
consensus_DB,2,BraTS-GLI-01049-000,ET,0.8921072690735222,0.8948356154862028,1.0,1.0,1.0,0.0,0.0,0.9424597364568083,0.9998695238404828
consensus_DB,2,BraTS-GLI-01083-000,WT,0.9874017143797719,0.9874017143797719,1.0,1.0,1.0,0.0,0.0,0.9790097418901276,0.9999458478590492
consensus_DB,2,BraTS-GLI-01083-000,TC,0.9891075028520527,0.9891075028520527,1.0,1.0,1.0,0.0,0.0,0.9818802358051505,0.9999872973334517
consensus_DB,2,BraTS-GLI-01083-000,ET,0.9677360163919386,0.9677360163919386,0.0,0.0,1.0,0.0,0.0,0.9517564966313763,0.9999716093227353
consensus_DB,2,BraTS-GLI-01057-000,WT,0.9245213934511978,0.6256449164229877,5.0990195135927845,126.0,2.0,0.0,1.0,0.9116698903932946,0.9997359724835405
consensus_DB,2,BraTS-GLI-01057-000,TC,0.9750060145954182,0.5599945029167713,1.0,2.08113883008419,2.0,0.0,0.0,0.9834447799827437,0.9999295130926064
consensus_DB,2,BraTS-GLI-01057-000,ET,0.9385851688387392,0.5236186026642441,1.0,2.302775637731995,2.0,0.0,0.0,0.9787252518235499,0.9998620532487917
consensus_DB,2,BraTS-GLI-01061-000,WT,0.980657604589596,0.980657604589596,2.23606797749979,2.23606797749979,1.0,0.0,0.0,0.9695331904221144,0.9998538226740089
consensus_DB,2,BraTS-GLI-01061-000,TC,0.9870180386055332,0.9870180386055332,1.0,1.0,1.0,0.0,0.0,0.9842424242424243,0.9999529636818859
consensus_DB,2,BraTS-GLI-01061-000,ET,0.9682944906530512,0.9682944906530512,1.0,1.0,1.0,0.0,0.0,0.9514869512441837,0.9999616995300049
consensus_DB,2,BraTS-GLI-01088-000,WT,0.980737254099409,0.980737254099409,1.0,1.0,1.0,0.0,0.0,0.9979176427716174,0.9999199666935726
consensus_DB,2,BraTS-GLI-01088-000,TC,0.9689206215875682,0.9689206215875682,1.0,1.0,1.0,0.0,0.0,0.9892795883361921,0.999986219518808
consensus_DB,2,BraTS-GLI-01088-000,ET,0.9490835030549898,0.9490835030549898,1.0,1.0,1.0,0.0,0.0,0.9872881355932204,0.99997781730331
consensus_DB,2,BraTS-GLI-01074-000,WT,0.9573132293625941,0.9573132293625941,4.123105625617661,4.123105625617661,1.0,0.0,0.0,0.9792706454724657,0.9992808482367875
consensus_DB,2,BraTS-GLI-01074-000,TC,0.9379018144975592,0.9379018144975592,2.449489742783178,2.449489742783178,1.0,0.0,0.0,0.9846064590988204,0.9996660355453657
consensus_DB,2,BraTS-GLI-01074-000,ET,0.9154031065088757,0.9154031065088757,1.4142135623730951,1.4142135623730951,1.0,0.0,0.0,0.9831686609403704,0.9996271831424364
consensus_DB,2,BraTS-GLI-01090-000,WT,0.9469241664433641,0.9469241664433641,1.4142135623730951,1.4142135623730951,1.0,0.0,0.0,0.9836368697311914,0.9994679930756871
consensus_DB,2,BraTS-GLI-01090-000,TC,0.9536921787283765,0.9536921787283765,5.385164807134504,5.385164807134504,1.0,0.0,0.0,0.9806195476153163,0.9998370161290051
consensus_DB,2,BraTS-GLI-01090-000,ET,0.9523809523809523,0.9523809523809523,1.4142135623730951,1.4142135623730951,1.0,0.0,0.0,0.9726674048604231,0.9998653325763528
consensus_DB,2,BraTS-GLI-01084-000,WT,0.9829329250444689,0.9829329250444689,1.0,1.0,1.0,0.0,0.0,0.9869328329527728,0.9998944141601193
consensus_DB,2,BraTS-GLI-01084-000,TC,0.9825010471447853,0.9825010471447853,1.0,1.0,1.0,0.0,0.0,0.9834164065775376,0.9999555382548967
consensus_DB,2,BraTS-GLI-01084-000,ET,0.96624634556891,0.96624634556891,0.0,0.0,1.0,0.0,0.0,0.975609756097561,0.9999176320308608
consensus_DB,2,BraTS-GLI-01102-000,WT,0.8234698469846985,0.36765858002787427,29.154759474226502,126.7950549357115,2.0,1.0,0.0,0.9691900242772015,0.9990212619499862
consensus_DB,2,BraTS-GLI-01102-000,TC,0.9439645625692137,0.4903735521975915,22.825424421026653,187.5,1.0,0.0,1.0,0.9195914844649021,0.9999775811093047
consensus_DB,2,BraTS-GLI-01102-000,ET,0.9224062772449869,0.48364485981308414,21.77154105707724,187.0,1.0,0.0,1.0,0.8910724312184166,0.9999754557414905
consensus_DB,2,BraTS-GLI-01082-000,WT,0.9832435721616246,0.9832435721616246,1.0,1.0,1.0,0.0,0.0,0.9709596412556054,0.9999487324902172
consensus_DB,2,BraTS-GLI-01082-000,TC,0.9714790153349475,0.9714790153349475,1.4142135623730951,1.4142135623730951,1.0,0.0,0.0,0.9502254852620464,0.9999308912099624
consensus_DB,2,BraTS-GLI-01082-000,ET,0.9344375739446837,0.9344375739446837,1.0,1.0,1.0,0.0,0.0,0.9175397834378151,0.9997622258363695
consensus_DB,2,BraTS-GLI-01072-000,WT,0.9463204188851198,0.47664415215072875,5.656854249492381,188.1180339887499,1.0,0.0,1.0,0.9523910997460622,0.9992278262952882
consensus_DB,2,BraTS-GLI-01072-000,TC,0.9781315084796192,0.9781315084796192,1.0,1.0,1.0,0.0,0.0,0.9919900149501434,0.9997007371239889
consensus_DB,2,BraTS-GLI-01072-000,ET,0.9414394278050962,0.9414394278050962,1.0,1.0,1.0,0.0,0.0,0.9825052484254724,0.9995961187824556
consensus_DB,2,BraTS-GLI-01085-000,WT,0.9429385945065387,0.4772716861858881,44.395945760846224,188.1180339887499,1.0,0.0,1.0,0.9026705845829512,0.9998121620466988
consensus_DB,2,BraTS-GLI-01085-000,TC,0.9784968772268098,0.9784968772268098,1.0,1.0,1.0,0.0,0.0,0.9938410013339767,0.9998513398585614
consensus_DB,2,BraTS-GLI-01085-000,ET,0.9672514619883041,0.9672514619883041,1.0,1.0,1.0,0.0,0.0,0.9907242606790799,0.9998101987867106
consensus_DB,2,BraTS-GLI-01062-000,WT,0.9744228248447295,0.9744228248447295,1.0,1.0,1.0,0.0,0.0,0.9775602751668511,0.9995516124038432
consensus_DB,2,BraTS-GLI-01062-000,TC,0.974261332807182,0.9743286173760335,1.0,1.0,1.0,0.0,0.0,0.998665156540733,0.9997135795505485
consensus_DB,2,BraTS-GLI-01062-000,ET,0.9304096733441617,0.9305272277674494,1.0,1.0,1.0,0.0,0.0,0.9967133245688655,0.9995763938954889
consensus_DB,2,BraTS-GLI-01105-000,WT,0.9584035197021791,0.9584035197021791,2.0,2.0,1.0,0.0,0.0,0.9298176228284879,0.9998395495470089
consensus_DB,2,BraTS-GLI-01105-000,TC,0.9801153715643027,0.9801153715643027,1.0,1.0,1.0,0.0,0.0,0.9932144330842235,0.9999179222448569
consensus_DB,2,BraTS-GLI-01105-000,ET,0.9515154398820003,0.9515154398820003,1.0,1.0,1.0,0.0,0.0,0.9771328056288479,0.9999119734794596
consensus_DB,2,BraTS-GLI-01138-000,WT,0.8330376812072507,0.4169402495075509,12.884098726725126,193.36396103067892,1.0,0.0,1.0,0.7529363510943734,0.9991651035575208
consensus_DB,2,BraTS-GLI-01138-000,TC,0.9731753369359984,0.49463895691309817,51.468436929831086,187.0,1.0,0.0,1.0,0.9510689742937134,0.9999938287424414
consensus_DB,2,BraTS-GLI-01138-000,ET,0.9523769386378962,0.48635502754820936,47.085029467974216,187.5,1.0,0.0,1.0,0.9335701892092869,0.9999634360962223
consensus_DB,2,BraTS-GLI-01160-001,WT,0.9806412306755007,0.9806412306755007,1.0,1.0,1.0,0.0,0.0,0.9670316466152992,0.9999210901116814
consensus_DB,2,BraTS-GLI-01160-001,TC,0.9876988710615731,0.9876988710615731,1.0,1.0,1.0,0.0,0.0,0.9903959960772378,0.999899536107129
consensus_DB,2,BraTS-GLI-01160-001,ET,0.97173639453782,0.97173639453782,1.0,1.0,1.0,0.0,0.0,0.9695810350897782,0.9998754135297305
consensus_DB,2,BraTS-GLI-01109-000,WT,0.9802847573952782,0.9802847573952782,1.0,1.0,1.0,0.0,0.0,0.9881589888574754,0.9998107775598876
consensus_DB,2,BraTS-GLI-01109-000,TC,0.981406130951416,0.981406130951416,1.0,1.0,1.0,0.0,0.0,0.9847104749512037,0.9999239091585499
consensus_DB,2,BraTS-GLI-01109-000,ET,0.9560939385500788,0.9560939385500788,1.0,1.0,1.0,0.0,0.0,0.9580207106095368,0.999916740285684
consensus_DB,2,BraTS-GLI-01158-000,WT,0.966039736577743,0.966039736577743,1.4142135623730951,1.4142135623730951,1.0,0.0,0.0,0.9585944638786078,0.9996807132068741
consensus_DB,2,BraTS-GLI-01158-000,TC,0.9249990052918474,0.462775698702126,2.23606797749979,188.1180339887499,1.0,1.0,0.0,0.8822770398481974,0.9999249577325552
consensus_DB,2,BraTS-GLI-01158-000,ET,0.8648995177969172,0.4326427037729009,1.7320508075688772,187.86602540378445,1.0,1.0,0.0,0.7816514685878382,0.9999424122918438
consensus_DB,2,BraTS-GLI-01130-000,WT,0.9024518631389389,0.9024518631389389,15.748015748023622,15.748015748023622,1.0,0.0,0.0,0.8460339722611813,0.9998746835873071
consensus_DB,2,BraTS-GLI-01130-000,TC,0.9836627374516234,0.9836627374516234,1.0,1.0,1.0,0.0,0.0,0.9685263831520158,0.9999986533212297
consensus_DB,2,BraTS-GLI-01130-000,ET,0.9577125936892754,0.9577125936892754,2.8284271247461903,2.8284271247461903,1.0,0.0,0.0,0.9549732422956265,0.9999282968550597
consensus_DB,2,BraTS-GLI-01148-000,WT,0.9836383857043223,0.9836383857043223,1.0,1.0,1.0,0.0,0.0,0.9868845328264919,0.9997636656511657
consensus_DB,2,BraTS-GLI-01148-000,TC,0.9924231987877118,0.9924231987877118,0.0,0.0,1.0,0.0,0.0,0.9948902085347328,0.9999589509204835
consensus_DB,2,BraTS-GLI-01148-000,ET,0.9899213896825735,0.9899213896825735,0.0,0.0,1.0,0.0,0.0,0.989063742756505,0.9999635660145583
consensus_DB,2,BraTS-GLI-01160-000,WT,0.9754722501166294,0.9754722501166294,1.4142135623730951,1.4142135623730951,1.0,0.0,0.0,0.9737014498930536,0.9996736846064008
consensus_DB,2,BraTS-GLI-01160-000,TC,0.972524598738191,0.972524598738191,7.54983443527075,7.54983443527075,1.0,0.0,0.0,0.9616167819509988,0.9998886773972482
consensus_DB,2,BraTS-GLI-01160-000,ET,0.9517392589672842,0.9517392589672842,5.0,5.0,1.0,0.0,0.0,0.9355369899503572,0.999858665275825
consensus_DB,2,BraTS-GLI-01137-000,WT,0.975983070032974,0.975983070032974,1.0,1.0,1.0,0.0,0.0,0.9955071408850179,0.9998005211202905
consensus_DB,2,BraTS-GLI-01137-000,TC,0.8657421888576096,0.8657421888576096,3.0,3.0,1.0,0.0,0.0,0.8338354421905336,0.9998450588759442
consensus_DB,2,BraTS-GLI-01137-000,ET,0.7322087752908742,0.7322087752908742,5.477225575051661,5.477225575051661,1.0,0.0,0.0,0.5781007894931012,0.9999985416930517
consensus_DB,2,BraTS-GLI-01145-000,WT,0.9484348605868491,0.9484348605868491,2.8284271247461903,2.8284271247461903,1.0,0.0,0.0,0.926361073541154,0.9996223850591226
consensus_DB,2,BraTS-GLI-01145-000,TC,0.9407867223183461,0.9407867223183461,2.0,2.0,1.0,0.0,0.0,0.8984322385628593,0.9999169689234761
consensus_DB,2,BraTS-GLI-01145-000,ET,0.8823816666085319,0.44124470181926007,1.0,187.5,1.0,1.0,0.0,0.9633649415438517,0.9993504641395431
consensus_DB,2,BraTS-GLI-01118-000,WT,0.9598651000399944,0.9598651000399944,1.0,1.0,1.0,0.0,0.0,0.9590047086267225,0.9997956472757136
consensus_DB,2,BraTS-GLI-01118-000,TC,0.9709724238026125,0.9730571931884324,1.0,0.5,2.0,0.0,0.0,0.9912946842007779,0.9999387700312273
consensus_DB,2,BraTS-GLI-01118-000,ET,0.9561324977618622,0.9572157632832223,1.0,1.0,2.0,0.0,0.0,0.9881569207994079,0.9999283623774005
consensus_DB,2,BraTS-GLI-01123-000,WT,0.969405088574042,0.969405088574042,1.0,1.0,1.0,0.0,0.0,0.9914723551573159,0.9995200821928458
consensus_DB,2,BraTS-GLI-01123-000,TC,0.9639605462822458,0.4831717056474615,4.898979485566356,188.5,1.0,0.0,1.0,0.9626458554326414,0.9999487369433443
consensus_DB,2,BraTS-GLI-01123-000,ET,0.9002079002079002,0.45245559038662486,3.1622776601683795,187.70710678118655,1.0,0.0,1.0,0.8987705572409388,0.9999311793207982
consensus_DB,2,BraTS-GLI-01161-000,WT,0.9712421965034996,0.9712421965034996,1.0,1.0,1.0,0.0,0.0,0.9927141414784563,0.9993579087284609
consensus_DB,2,BraTS-GLI-01161-000,TC,0.9905162757543872,0.8127493608454328,1.0,1.5,2.0,0.0,0.0,0.9863047034488353,0.9999566299335003
consensus_DB,2,BraTS-GLI-01161-000,ET,0.9763416281365266,0.7989377476940902,1.0,1.0,2.0,0.0,0.0,0.9669280319400712,0.999924544527682
consensus_DB,2,BraTS-GLI-01175-000,WT,0.980311950250512,0.980311950250512,1.0,1.0,1.0,0.0,0.0,0.9873335236177008,0.9994266963445486
consensus_DB,2,BraTS-GLI-01175-000,TC,0.9751669901211917,0.9721268552099356,1.4142135623730951,1.5,2.0,0.0,0.0,0.9554483618330126,0.9999483968839884
consensus_DB,2,BraTS-GLI-01175-000,ET,0.9656269139437179,0.9603548539808193,2.0,1.618033988749895,2.0,0.0,0.0,0.9406223506138726,0.9999179164035746
consensus_DB,2,BraTS-GLI-01167-000,WT,0.9197694869587996,0.9197694869587996,3.0,3.0,1.0,0.0,0.0,0.9806788824274585,0.9982764571753132
consensus_DB,2,BraTS-GLI-01167-000,TC,0.9191740594394305,0.9191740594394305,2.449489742783178,2.449489742783178,1.0,0.0,0.0,0.93506006006006,0.9996424248473926
consensus_DB,2,BraTS-GLI-01167-000,ET,0.4985689354275742,0.4985689354275742,24.0,24.0,1.0,0.0,0.0,0.36640673096655035,0.9998869733918769
consensus_DB,2,BraTS-GLI-01200-000,WT,0.9860005993627184,0.9860005993627184,1.0,1.0,1.0,0.0,0.0,0.9860186906742343,0.9998704535527378
consensus_DB,2,BraTS-GLI-01200-000,TC,0.9867645255322962,0.9867645255322962,1.0,1.0,1.0,0.0,0.0,0.9833414808408227,0.9999417452579851
consensus_DB,2,BraTS-GLI-01200-000,ET,0.9615047932190363,0.9615047932190363,1.0,1.0,1.0,0.0,0.0,0.9524151933000592,0.9999238575088737
consensus_DB,2,BraTS-GLI-01199-000,WT,0.9868332129290858,0.9868332129290858,1.0,1.0,1.0,0.0,0.0,0.9874413708559855,0.9997641806062131
consensus_DB,2,BraTS-GLI-01199-000,TC,0.9898921782393358,0.9898921782393358,1.0,1.0,1.0,0.0,0.0,0.9864257447920556,0.9999503444010773
consensus_DB,2,BraTS-GLI-01199-000,ET,0.9547312264062646,0.9547312264062646,1.0,1.0,1.0,0.0,0.0,0.935126050420168,0.9999124254168645
consensus_DB,2,BraTS-GLI-01173-000,WT,0.9656661754191411,0.9656661754191411,1.4142135623730951,1.4142135623730951,1.0,0.0,0.0,0.9973326099733261,0.9994889209596911
consensus_DB,2,BraTS-GLI-01173-000,TC,0.7487244341720815,0.37437038006149015,10.816653826391969,192.408326913196,1.0,1.0,0.0,0.999301554042256,0.9987080873262042
consensus_DB,2,BraTS-GLI-01173-000,ET,0.15254237288135594,1.0,6.6332495807108,0.0,0.0,0.0,0.0,0.675,0.9999678537986282
consensus_DB,2,BraTS-GLI-01169-000,WT,0.9405101071767739,0.9405101071767739,2.8284271247461903,2.8284271247461903,1.0,0.0,0.0,0.9885354133097577,0.9981870200558914
consensus_DB,2,BraTS-GLI-01169-000,TC,0.8854881136760331,0.8854881136760331,3.605551275463989,3.605551275463989,1.0,0.0,0.0,0.9564767114557332,0.9991364786641503
consensus_DB,2,BraTS-GLI-01169-000,ET,0.0,0.0,24.041630560342615,374.0,0.0,6.0,1.0,0.0,0.9999053530415556
consensus_DB,2,BraTS-GLI-01189-000,WT,0.9593731315102118,0.9593731315102118,3.3166247903554,3.3166247903554,1.0,0.0,0.0,0.9301723461568637,0.9998834714259341
consensus_DB,2,BraTS-GLI-01189-000,TC,0.8881678218732748,0.8881678218732748,5.385164807134504,5.385164807134504,1.0,0.0,0.0,0.8061082471357153,0.9999074470816243
consensus_DB,2,BraTS-GLI-01189-000,ET,0.6996614189199731,0.6996614189199731,12.0,12.0,1.0,0.0,0.0,0.5661868686868687,0.9997671121911705
consensus_DB,2,BraTS-GLI-01185-000,WT,0.9315144980553737,0.9315144980553737,2.8284271247461903,2.8284271247461903,1.0,0.0,0.0,0.9084439604183487,0.9994926024935028
consensus_DB,2,BraTS-GLI-01185-000,TC,0.9465934148073402,0.9465934148073402,2.449489742783178,2.449489742783178,1.0,0.0,0.0,0.9099498823402612,0.9999207649038342
consensus_DB,2,BraTS-GLI-01185-000,ET,0.8987307121554842,0.8987307121554842,2.8284271247461903,2.8284271247461903,1.0,0.0,0.0,0.847554347826087,0.9998404039949613
consensus_DB,2,BraTS-GLI-01172-000,WT,0.9149026540081145,0.9149026540081145,5.744562646538029,5.744562646538029,1.0,0.0,0.0,0.9893875765529309,0.99775077436264
consensus_DB,2,BraTS-GLI-01172-000,TC,0.9623456115422451,0.9623456115422451,5.196152422706632,5.196152422706632,1.0,0.0,0.0,0.9878452418796866,0.9992100710051847
consensus_DB,2,BraTS-GLI-01172-000,ET,0.9267201284054499,0.46336851577129795,1.7320508075688772,187.86602540378445,1.0,1.0,0.0,0.9802693351511955,0.9988114464072383
consensus_DB,2,BraTS-GLI-01170-000,WT,0.9138334365840353,0.9138334365840353,3.0,3.0,1.0,0.0,0.0,0.9667517680546996,0.9982733515912324
consensus_DB,2,BraTS-GLI-01170-000,TC,0.8317406645104382,0.41298783866382804,4.898979485566356,189.371555008328,2.0,2.0,0.0,0.7336921281286474,0.9999471533376763
consensus_DB,2,BraTS-GLI-01170-000,ET,0.8449060036385688,0.4199533287510948,4.123105625617661,188.9960745184733,2.0,2.0,0.0,0.7533626225076039,0.9999502984616645
consensus_DB,2,BraTS-GLI-01190-000,WT,0.9814410406539245,0.9814410406539245,1.0,1.0,1.0,0.0,0.0,0.9859740400877557,0.9996099432248163
consensus_DB,2,BraTS-GLI-01190-000,TC,0.9786901839881972,0.9787096091248313,1.0,1.0,1.0,0.0,0.0,0.9828844032796035,0.9997816496958515
consensus_DB,2,BraTS-GLI-01190-000,ET,0.9606817478468935,0.960703502415459,2.23606797749979,2.23606797749979,1.0,0.0,0.0,0.9776320034412302,0.9995765497708596
consensus_DB,2,BraTS-GLI-01201-000,WT,0.9712585522043164,0.9712585522043164,1.0,1.0,1.0,0.0,0.0,0.9709994664948713,0.9996796794801293
consensus_DB,2,BraTS-GLI-01201-000,TC,0.9496659443842542,0.9496659443842542,1.4142135623730951,1.4142135623730951,1.0,0.0,0.0,0.9553153807728986,0.9998600939885441
consensus_DB,2,BraTS-GLI-01201-000,ET,0.8265023112480739,0.8265023112480739,5.196152422706632,5.196152422706632,1.0,0.0,0.0,0.795036842551029,0.9998294114988314
consensus_DB,2,BraTS-GLI-01220-000,WT,0.9501711325583546,0.9501857819028384,1.4142135623730951,1.4142135623730951,1.0,0.0,0.0,0.9611965438722355,0.999776527294864
consensus_DB,2,BraTS-GLI-01220-000,TC,0.9761082462033401,0.9761082462033401,1.0,1.0,1.0,0.0,0.0,0.981028006276449,0.9999314020291302
consensus_DB,2,BraTS-GLI-01220-000,ET,0.9417737442717226,0.9417737442717226,1.0,1.0,1.0,0.0,0.0,0.9559467347683327,0.9999088262063762
consensus_DB,2,BraTS-GLI-01233-000,WT,0.9103860749532198,0.9103860749532198,8.306623862918075,8.306623862918075,1.0,0.0,0.0,0.8913125363832483,0.9993381514460163
consensus_DB,2,BraTS-GLI-01233-000,TC,0.9305637137110411,0.9305637137110411,1.4142135623730951,1.4142135623730951,1.0,0.0,0.0,0.9099453475824137,0.9998523474895085
consensus_DB,2,BraTS-GLI-01233-000,ET,0.8930608474771966,0.8930608474771966,1.0,1.0,1.0,0.0,0.0,0.8746607562873168,0.9997911494996795
consensus_DB,2,BraTS-GLI-01205-000,WT,0.7249002236123299,0.24203761459219356,12.083045973594572,253.36101532453154,1.0,2.0,0.0,0.5830259982698174,0.9999370090198367
consensus_DB,2,BraTS-GLI-01205-000,TC,0.8238391574916227,0.4732789439911999,30.479501308256342,187.5,1.0,0.0,1.0,0.7165857043719639,0.9999627535033584
consensus_DB,2,BraTS-GLI-01205-000,ET,0.7500126435037677,0.4295064874884152,29.068883707497267,187.70710678118655,1.0,0.0,1.0,0.6874652327090673,0.999823711755712
consensus_DB,2,BraTS-GLI-01227-000,WT,0.9270305192803405,0.4659141855006725,2.8284271247461903,187.86602540378445,1.0,0.0,1.0,0.9622942113648434,0.9990563057713859
consensus_DB,2,BraTS-GLI-01227-000,TC,0.9690378574090837,0.9690378574090837,1.0,1.0,1.0,0.0,0.0,0.9861822319759408,0.9997957506002356
consensus_DB,2,BraTS-GLI-01227-000,ET,0.9048650130190489,0.9048650130190489,1.0,1.0,1.0,0.0,0.0,0.9468823495669133,0.9997143840565926
consensus_DB,2,BraTS-GLI-01210-000,WT,0.8420972062763108,0.42113609519226564,3.605551275463989,188.802775637732,1.0,1.0,0.0,0.8637342425194025,0.9990582453735714
consensus_DB,2,BraTS-GLI-01210-000,TC,0.9088489687292083,0.9088489687292083,2.23606797749979,2.23606797749979,1.0,0.0,0.0,0.8788961967400629,0.9999567313372505
consensus_DB,2,BraTS-GLI-01210-000,ET,0.8986545657192898,0.8986545657192898,2.23606797749979,2.23606797749979,1.0,0.0,0.0,0.8719295535300479,0.9999502327348222
consensus_DB,2,BraTS-GLI-01215-000,WT,0.95141040794812,0.95141040794812,1.4142135623730951,1.4142135623730951,1.0,0.0,0.0,0.9508408693639404,0.9993173695427762
consensus_DB,2,BraTS-GLI-01215-000,TC,0.7875521204108614,0.7875521204108614,8.602325267042627,8.602325267042627,1.0,0.0,0.0,0.657125077784692,0.9999768807483186
consensus_DB,2,BraTS-GLI-01215-000,ET,0.8833668182298826,0.8833668182298826,1.7320508075688772,1.7320508075688772,1.0,0.0,0.0,0.9280159964452344,0.9998253167003738
consensus_DB,2,BraTS-GLI-01223-000,WT,0.9521222757028741,0.9521222757028741,1.4142135623730951,1.4142135623730951,1.0,0.0,0.0,0.9597610029654423,0.9995672628597085
consensus_DB,2,BraTS-GLI-01223-000,TC,0.936672384219554,0.936672384219554,2.23606797749979,2.23606797749979,1.0,0.0,0.0,0.8912099748669909,0.999959650966247
consensus_DB,2,BraTS-GLI-01223-000,ET,0.8864126527677929,0.8864126527677929,1.4142135623730951,1.4142135623730951,1.0,0.0,0.0,0.8796992481203008,0.9997849553844153
consensus_DB,2,BraTS-GLI-01224-000,WT,0.9291121816930489,0.929135434785329,1.4142135623730951,1.4142135623730951,1.0,0.0,0.0,0.9027575138605194,0.9998125325479955
consensus_DB,2,BraTS-GLI-01224-000,TC,0.9575167233892735,0.9575167233892735,1.0,1.0,1.0,0.0,0.0,0.9310738331621591,0.9999730654059481
consensus_DB,2,BraTS-GLI-01224-000,ET,0.8809825960841189,0.8809825960841189,1.4142135623730951,1.4142135623730951,1.0,0.0,0.0,0.8886349090244126,0.9998421004763564
consensus_DB,2,BraTS-GLI-01209-000,WT,0.9051899439547904,0.9051952257721942,3.7416573867739413,3.7416573867739413,1.0,0.0,0.0,0.8472751701311895,0.9994815267311049
consensus_DB,2,BraTS-GLI-01209-000,TC,0.8702511222338549,0.8702760846181427,8.06225774829855,8.06225774829855,1.0,0.0,0.0,0.7956989247311828,0.9997159880430289
consensus_DB,2,BraTS-GLI-01209-000,ET,0.7934687772653621,0.7934687772653621,4.47213595499958,4.47213595499958,1.0,0.0,0.0,0.6878646784935463,0.9997365130207515
consensus_DB,2,BraTS-GLI-01219-000,WT,0.9087028496657101,0.9093729270055391,3.605551275463989,3.702459173643832,2.0,0.0,0.0,0.9244207457419058,0.9983677477874798
consensus_DB,2,BraTS-GLI-01219-000,TC,0.9707522414170129,0.4992997238007999,6.782329983125268,6.287918451395113,2.0,0.0,0.0,0.9500802568218298,0.9999846228271325
consensus_DB,2,BraTS-GLI-01219-000,ET,0.9674632403843492,0.49769805371255177,6.48074069840786,6.287918451395113,2.0,0.0,0.0,0.9401539206716538,0.9999929288318352
consensus_DB,2,BraTS-GLI-01226-000,WT,0.9018115868609293,0.4511457694471618,2.23606797749979,188.1180339887499,1.0,1.0,0.0,0.9307726897215222,0.9985550881965696
consensus_DB,2,BraTS-GLI-01226-000,TC,0.9010188117678483,0.8694941871505819,2.0,2.414213562373095,2.0,0.0,0.0,0.8293411070525428,0.9999630317473016
consensus_DB,2,BraTS-GLI-01226-000,ET,0.8709424270528644,0.8393695170742265,1.4142135623730951,1.4142135623730951,2.0,0.0,0.0,0.7868683396356136,0.9999475559500526
consensus_DB,2,BraTS-GLI-01265-000,WT,0.9402687079871314,0.940276905907791,6.164414002968976,6.164414002968976,1.0,0.0,0.0,0.9263846893897746,0.9997107034753464
consensus_DB,2,BraTS-GLI-01265-000,TC,0.9722724059382609,0.9722724059382609,1.0,1.0,1.0,0.0,0.0,0.9665026938393066,0.9998751798514145
consensus_DB,2,BraTS-GLI-01265-000,ET,0.9330308628559009,0.9330308628559009,1.0,1.0,1.0,0.0,0.0,0.9214402618657938,0.9997748216147405
consensus_DB,2,BraTS-GLI-01241-000,WT,0.9017797490159462,0.9017797490159462,11.045361017187261,11.045361017187261,1.0,0.0,0.0,0.8443421112132768,0.9995735230949012
consensus_DB,2,BraTS-GLI-01241-000,TC,0.9522935779816514,0.8660620051227226,1.4142135623730951,1.9318516525781364,2.0,0.0,0.0,0.9588567940108601,0.9996143588012931
consensus_DB,2,BraTS-GLI-01241-000,ET,0.8675169747947823,0.8673517787618658,1.0,1.0,2.0,0.0,0.0,0.9362519921252461,0.9992006518885624
consensus_DB,2,BraTS-GLI-01300-000,WT,0.9227281875284672,0.9227281875284672,4.123105625617661,4.123105625617661,1.0,0.0,0.0,0.9619045515779245,0.9993729397496419
consensus_DB,2,BraTS-GLI-01300-000,TC,0.8644706336939721,0.28824040970142045,2.23606797749979,250.07868932583327,1.0,2.0,0.0,0.8864784546805349,0.9998138576268754
consensus_DB,2,BraTS-GLI-01300-000,ET,0.870286199490535,0.2901678657074341,2.0,250.0,1.0,2.0,0.0,0.8918005937148121,0.9998273200144737
consensus_DB,2,BraTS-GLI-01247-000,WT,0.8313220702601234,0.8313392194075419,5.385164807134504,5.385164807134504,1.0,0.0,0.0,0.7774519638861023,0.9997293891473927
consensus_DB,2,BraTS-GLI-01247-000,TC,0.8931222167243938,0.8931222167243938,1.4142135623730951,1.4142135623730951,1.0,0.0,0.0,0.8707187650747709,0.9999816265582275
consensus_DB,2,BraTS-GLI-01247-000,ET,0.8083124328197778,0.8083124328197778,1.4142135623730951,1.4142135623730951,1.0,0.0,0.0,0.962457337883959,0.999944997259945
consensus_DB,2,BraTS-GLI-01293-000,WT,0.8124934139813274,0.8125036882170947,13.114877048604,13.076696830622021,1.0,0.0,0.0,0.7441264350954672,0.9987106862447476
consensus_DB,2,BraTS-GLI-01293-000,TC,0.7083222899549431,0.7083222899549431,15.937377450509228,15.937377450509228,1.0,0.0,0.0,0.5689438613671683,0.9996010891488777
consensus_DB,2,BraTS-GLI-01293-000,ET,0.4976625111308994,0.24885895580541023,23.280893453645632,198.6404467268228,1.0,1.0,0.0,0.3807698858797479,0.9998031685489586
consensus_DB,2,BraTS-GLI-01246-000,WT,0.9767871059665026,0.9767871059665026,1.0,1.0,1.0,0.0,0.0,0.9843882507131293,0.9996333958581325
consensus_DB,2,BraTS-GLI-01246-000,TC,0.8587114429541538,0.8587114429541538,3.1622776601683795,3.1622776601683795,1.0,0.0,0.0,0.7614896039307328,0.9999546917227061
consensus_DB,2,BraTS-GLI-01246-000,ET,0.8749819198688588,0.8749819198688588,1.4142135623730951,1.4142135623730951,1.0,0.0,0.0,0.9783815839128794,0.9994629298707631
consensus_DB,2,BraTS-GLI-01284-000,WT,0.9400073123376788,0.47001254467859777,3.605551275463989,188.802775637732,1.0,1.0,0.0,0.9127238673505613,0.9994551961282528
consensus_DB,2,BraTS-GLI-01284-000,TC,0.9518618526849454,0.9518618526849454,2.0,2.0,1.0,0.0,0.0,0.9354918121571987,0.9996535412267247
consensus_DB,2,BraTS-GLI-01284-000,ET,0.904754080403111,0.904754080403111,2.0,2.0,1.0,0.0,0.0,0.8864621205006775,0.9993845344775337
consensus_DB,2,BraTS-GLI-01255-000,WT,0.7913347157044636,0.7922858391608392,4.898979485566356,4.898979485566356,1.0,0.0,0.0,0.9651271130041262,0.9996006944463907
consensus_DB,2,BraTS-GLI-01255-000,TC,0.9375,0.9375,1.0,1.0,1.0,0.0,0.0,0.9693053311793215,0.9999863332303471
consensus_DB,2,BraTS-GLI-01255-000,ET,0.9400235201881615,0.9400235201881615,1.0,1.0,1.0,0.0,0.0,0.968497576736672,0.9999872294119637
consensus_DB,2,BraTS-GLI-01281-000,WT,0.9718337796290787,0.9718337796290787,1.0,1.0,1.0,0.0,0.0,0.9513099645325809,0.9998863622375218
consensus_DB,2,BraTS-GLI-01281-000,TC,0.9449728839546836,0.9449728839546836,2.449489742783178,2.449489742783178,1.0,0.0,0.0,0.9440748883057939,0.9995699687101149
consensus_DB,2,BraTS-GLI-01281-000,ET,0.871584640810457,0.871584640810457,2.23606797749979,2.23606797749979,1.0,0.0,0.0,0.9001795570925052,0.9991598454061511
consensus_DB,2,BraTS-GLI-01249-000,WT,0.9280979583966061,0.9282098259486042,3.1622776601683795,3.1622776601683795,1.0,0.0,0.0,0.9222073194098487,0.9998474254989601
consensus_DB,2,BraTS-GLI-01249-000,TC,0.9332150844451299,0.9332150844451299,1.4142135623730951,1.4142135623730951,1.0,0.0,0.0,0.902386278896346,0.999952549696621
consensus_DB,2,BraTS-GLI-01249-000,ET,0.8208880994671404,0.8208880994671404,1.4142135623730951,1.4142135623730951,1.0,0.0,0.0,0.8844151867728107,0.9998020505145566
consensus_DB,2,BraTS-GLI-01266-000,WT,0.9137276113815622,0.9137276113815622,9.899494936611665,9.899494936611665,1.0,0.0,0.0,0.969023651955224,0.9973270178069259
consensus_DB,2,BraTS-GLI-01266-000,TC,0.7743573468740083,0.8071999876075945,12.727922061357855,7.300735254367722,2.0,0.0,0.0,0.6415312615028659,0.9999671118465486
consensus_DB,2,BraTS-GLI-01266-000,ET,0.8532889401118368,0.8481451634612963,3.0,2.0,2.0,0.0,0.0,0.7664289548347519,0.9999561411331225
consensus_DB,2,BraTS-GLI-01263-000,WT,0.9376424351355768,0.8854316378469158,2.8284271247461903,3.5431930478299516,3.0,0.0,0.0,0.9426768113435933,0.9995562655507166
consensus_DB,2,BraTS-GLI-01263-000,TC,0.9034654164430762,0.894355478326164,2.8284271247461903,3.118033988749895,2.0,0.0,0.0,0.9065635096072097,0.9996020337548245
consensus_DB,2,BraTS-GLI-01263-000,ET,0.7364620938628159,0.5062665072110005,1.4142135623730951,125.47140452079104,2.0,1.0,0.0,0.9205053755002747,0.9991719812451845
consensus_DB,2,BraTS-GLI-01336-000,WT,0.9823504003053772,0.9823504003053772,1.0,1.0,1.0,0.0,0.0,0.9776462590474667,0.9999280242163031
consensus_DB,2,BraTS-GLI-01336-000,TC,0.980477350791181,0.980477350791181,1.0,1.0,1.0,0.0,0.0,0.9762071787676838,0.9999710466761248
consensus_DB,2,BraTS-GLI-01336-000,ET,0.9585536054134066,0.9585536054134066,0.0,0.0,1.0,0.0,0.0,0.9502148621737764,0.9999653527588118
consensus_DB,2,BraTS-GLI-01307-000,WT,0.9882871741558111,0.9882871741558111,1.0,1.0,1.0,0.0,0.0,0.9829223951823657,0.9998748854544914
consensus_DB,2,BraTS-GLI-01307-000,TC,0.9884001273711505,0.9884001273711505,1.0,1.0,1.0,0.0,0.0,0.9876588104275097,0.9999463079754268
consensus_DB,2,BraTS-GLI-01307-000,ET,0.9793580304060407,0.9793580304060407,1.0,1.0,1.0,0.0,0.0,0.9729263666149336,0.9999454639867782
consensus_DB,2,BraTS-GLI-01358-000,WT,0.986807907379696,0.986807907379696,1.0,1.0,1.0,0.0,0.0,0.9762105727901934,0.999959425492325
consensus_DB,2,BraTS-GLI-01358-000,TC,0.9874840887859402,0.9874840887859402,1.0,1.0,1.0,0.0,0.0,0.9801004196805223,0.9999483916939148
consensus_DB,2,BraTS-GLI-01358-000,ET,0.9774917575450165,0.9774917575450165,0.0,0.0,1.0,0.0,0.0,0.9632915742447437,0.9999447201043504
consensus_DB,2,BraTS-GLI-01356-000,WT,0.97229179933489,0.97229179933489,1.4142135623730951,1.4142135623730951,1.0,0.0,0.0,0.9852514142725011,0.9993428934466735
consensus_DB,2,BraTS-GLI-01356-000,TC,0.9865589446282449,0.9865589446282449,1.0,1.0,1.0,0.0,0.0,0.9934310838189527,0.9997777462267242
consensus_DB,2,BraTS-GLI-01356-000,ET,0.9548532466465597,0.9548532466465597,1.0,1.0,1.0,0.0,0.0,0.9801474485616537,0.9996598208472318
consensus_DB,2,BraTS-GLI-01320-000,WT,0.9831217608588352,0.9831217608588352,1.0,1.0,1.0,0.0,0.0,0.9754297498211368,0.999730921845373
consensus_DB,2,BraTS-GLI-01320-000,TC,0.9855374210496898,0.9855374210496898,1.0,1.0,1.0,0.0,0.0,0.9781429859233063,0.9999442179474802
consensus_DB,2,BraTS-GLI-01320-000,ET,0.974149211487947,0.974149211487947,1.0,1.0,1.0,0.0,0.0,0.9569249519166683,0.9999543687011203
consensus_DB,2,BraTS-GLI-01344-000,WT,0.9718879322646625,0.9718879322646625,1.0,1.0,1.0,0.0,0.0,0.9476808905380334,0.9999969721505133
consensus_DB,2,BraTS-GLI-01344-000,TC,0.9689542483660131,0.9689542483660131,1.0,1.0,1.0,0.0,0.0,0.9750082209799408,0.9999872268320784
consensus_DB,2,BraTS-GLI-01344-000,ET,0.9793217535153019,0.9793217535153019,0.0,0.0,1.0,0.0,0.0,0.9736842105263158,0.9999949579605959
consensus_DB,2,BraTS-GLI-01311-000,WT,0.9010224765659122,0.33402954722319755,30.54504869860253,134.38675189355249,2.0,0.0,1.0,0.8253572564347192,0.9999261651719078
consensus_DB,2,BraTS-GLI-01311-000,TC,0.9840660732025635,0.4931088335773548,2.0,187.5,1.0,0.0,1.0,0.9842961519727228,0.999906496520375
consensus_DB,2,BraTS-GLI-01311-000,ET,0.982522086093048,0.4923695264573449,1.0,187.5,1.0,0.0,1.0,0.9749087500249317,0.9999458202948165
consensus_DB,2,BraTS-GLI-01332-000,WT,0.982836967976212,0.982836967976212,1.0,1.0,1.0,0.0,0.0,0.982645692964325,0.9998572315065668
consensus_DB,2,BraTS-GLI-01332-000,TC,0.9811164059873846,0.9811164059873846,1.0,1.0,1.0,0.0,0.0,0.9733982030054538,0.9999688851900581
consensus_DB,2,BraTS-GLI-01332-000,ET,0.9658430947927946,0.9658430947927946,1.0,1.0,1.0,0.0,0.0,0.9692300093841063,0.9999141197561271
consensus_DB,2,BraTS-GLI-01341-000,WT,0.5538855678906918,0.9793020093669739,25.238858928247925,0.0,1.0,0.0,0.0,0.9709580838323353,0.9994255243337001
consensus_DB,2,BraTS-GLI-01341-000,TC,0.9555694618272841,0.9555694618272841,1.0,1.0,1.0,0.0,0.0,0.9149191132414619,1.0
consensus_DB,2,BraTS-GLI-01341-000,ET,0.915671242645748,0.915671242645748,1.4142135623730951,1.4142135623730951,1.0,0.0,0.0,0.8994746059544658,0.9999791600024426
consensus_DB,2,BraTS-GLI-01325-000,WT,0.9603319235750553,0.9603319235750553,2.0,2.0,1.0,0.0,0.0,0.9597049458227385,0.9994195775602274
consensus_DB,2,BraTS-GLI-01325-000,TC,0.9352014904422836,0.9352014904422836,1.4142135623730951,1.4142135623730951,1.0,0.0,0.0,0.9134509921228438,0.9998193045723819
consensus_DB,2,BraTS-GLI-01325-000,ET,0.9410652897429225,0.9410652897429225,1.0,1.0,1.0,0.0,0.0,0.92506327750552,0.9998290379493012
consensus_DB,2,BraTS-GLI-01333-000,WT,0.9651383900274667,0.9656484515378924,1.0,1.0,1.0,0.0,0.0,0.9457556935817806,0.9999923793898357
consensus_DB,2,BraTS-GLI-01333-000,TC,0.9804811620517476,0.9804811620517476,0.0,0.0,1.0,0.0,0.0,0.972972972972973,0.9999985437257545
consensus_DB,2,BraTS-GLI-01333-000,ET,0.9733270940570894,0.9733270940570894,0.0,0.0,1.0,0.0,0.0,0.9602954755309326,0.9999984317094021
consensus_DB,2,BraTS-GLI-01322-000,WT,0.9659661873913731,0.48846276765739854,10.862780491200215,187.5,1.0,0.0,1.0,0.9363474851436623,0.9999957359316322
consensus_DB,2,BraTS-GLI-01322-000,TC,0.9336210439786272,0.4844833102271515,22.315913604421397,187.5,1.0,0.0,1.0,0.8860932319094987,0.9999930515653422
consensus_DB,2,BraTS-GLI-01322-000,ET,0.8941063727839004,0.4617097612272671,21.840329667841555,187.70710678118655,1.0,0.0,1.0,0.867906976744186,0.9999645886795836
consensus_DB,2,BraTS-GLI-01374-000,WT,0.9875183243121335,0.9875183243121335,1.0,1.0,1.0,0.0,0.0,0.9975651257662378,0.9996358480717188
consensus_DB,2,BraTS-GLI-01374-000,TC,0.993067986769505,0.993067986769505,0.0,0.0,1.0,0.0,0.0,0.9881399167301941,0.999985101223641
consensus_DB,2,BraTS-GLI-01374-000,ET,0.9841539386191698,0.9841539386191698,0.0,0.0,1.0,0.0,0.0,0.9714479433478982,0.9999836617951022
consensus_DB,2,BraTS-GLI-01389-000,WT,0.9761962594121933,0.9762436844150797,1.0,1.0,1.0,0.0,0.0,0.9729821333462451,0.9999526233793294
consensus_DB,2,BraTS-GLI-01389-000,TC,0.9914460285132383,0.9914460285132383,0.0,0.0,1.0,0.0,0.0,0.989591803545292,0.9999954045410532
consensus_DB,2,BraTS-GLI-01389-000,ET,0.9822989020838001,0.9822989020838001,0.0,0.0,1.0,0.0,0.0,0.9805412659360322,0.9999920435065545
consensus_DB,2,BraTS-GLI-01407-000,WT,0.8785992566387533,0.48651061297361636,25.98076211353316,187.5,1.0,1.0,0.0,0.9630865894364814,0.9997381645322497
consensus_DB,2,BraTS-GLI-01407-000,TC,0.9834056194606826,0.9834056194606826,0.0,0.0,1.0,0.0,0.0,0.9776902887139107,0.9999936117747767
consensus_DB,2,BraTS-GLI-01407-000,ET,0.9764100364572164,0.9764100364572164,0.0,0.0,1.0,0.0,0.0,0.9629864636209814,0.999994957006802
consensus_DB,2,BraTS-GLI-01375-000,WT,0.9671949216495761,0.9671949216495761,2.23606797749979,2.23606797749979,1.0,0.0,0.0,0.9747891640382077,0.9997941079759013
consensus_DB,2,BraTS-GLI-01375-000,TC,0.792797118847539,0.2440863394441159,47.80167361086848,280.5,1.0,3.0,0.0,0.9723203769140165,0.9999085847644411
consensus_DB,2,BraTS-GLI-01375-000,ET,0.9073801822993237,0.16093032957863998,47.885279575251516,311.6666666666667,1.0,5.0,0.0,0.957790192427064,0.9999723292363799
consensus_DB,2,BraTS-GLI-01397-000,WT,0.9713873895976447,0.3238057267866818,1.4142135623730951,249.80473785412437,1.0,2.0,0.0,0.9901067471046997,0.9996503842445248
consensus_DB,2,BraTS-GLI-01397-000,TC,0.9665339157245632,0.9665339157245632,1.4142135623730951,1.4142135623730951,1.0,0.0,0.0,0.9487389659520807,0.9999485178074431
consensus_DB,2,BraTS-GLI-01397-000,ET,0.9504205587725602,0.9504205587725602,1.0,1.0,1.0,0.0,0.0,0.9413094440723375,0.999893981567168
consensus_DB,2,BraTS-GLI-01396-000,WT,0.9890879920725737,0.9890879920725737,1.0,1.0,1.0,0.0,0.0,0.9981309746312544,0.9998085707608063
consensus_DB,2,BraTS-GLI-01396-000,TC,0.9395606814280054,0.9395606814280054,2.23606797749979,2.23606797749979,1.0,0.0,0.0,0.9375384345075991,0.9999257565958031
consensus_DB,2,BraTS-GLI-01396-000,ET,0.9479066794503036,0.9479066794503036,1.4142135623730951,1.4142135623730951,1.0,0.0,0.0,0.9463943841735801,0.9999557183079013
consensus_DB,2,BraTS-GLI-01395-000,WT,0.9809179319456779,0.9809179319456779,1.0,1.0,1.0,0.0,0.0,0.9909846827133479,0.9999242011644947
consensus_DB,2,BraTS-GLI-01395-000,TC,0.8519156263452432,0.8519156263452432,2.449489742783178,2.449489742783178,1.0,0.0,0.0,0.7843836702338486,0.9999838664084844
consensus_DB,2,BraTS-GLI-01395-000,ET,0.8171152518978606,0.8171152518978606,3.0,3.0,1.0,0.0,0.0,0.703923900118906,0.9999946221361614
consensus_DB,2,BraTS-GLI-01390-000,WT,0.9786430223592907,0.9786430223592907,1.0,1.0,1.0,0.0,0.0,0.9629770123662849,0.9999702544461716
consensus_DB,2,BraTS-GLI-01390-000,TC,0.9796147708628323,0.9796147708628323,1.0,1.0,1.0,0.0,0.0,0.9670734413135124,0.9999814720511506
consensus_DB,2,BraTS-GLI-01390-000,ET,0.9618942427171062,0.9618942427171062,1.0,1.0,1.0,0.0,0.0,0.9531431698474588,0.9999529920240142
consensus_DB,2,BraTS-GLI-01378-000,WT,0.9852731397034751,0.9852731397034751,1.0,1.0,1.0,0.0,0.0,0.9780172588891404,0.9998572355805938
consensus_DB,2,BraTS-GLI-01378-000,TC,0.9895792974299367,0.9895792974299367,1.0,1.0,1.0,0.0,0.0,0.9825839544762363,0.9999535397802852
consensus_DB,2,BraTS-GLI-01378-000,ET,0.9340969128257698,0.9340969128257698,1.0,1.0,1.0,0.0,0.0,0.8835166884206601,0.999950531699715
consensus_DB,2,BraTS-GLI-01385-000,WT,0.9823071038137867,0.9823071038137867,1.0,1.0,1.0,0.0,0.0,0.9694834878747087,0.9999265514134981
consensus_DB,2,BraTS-GLI-01385-000,TC,0.989377445982833,0.989377445982833,1.0,1.0,1.0,0.0,0.0,0.9909836991303693,0.9998522968463847
consensus_DB,2,BraTS-GLI-01385-000,ET,0.9793803240958536,0.9793803240958536,0.0,0.0,1.0,0.0,0.0,0.9639687130462038,0.9999638736929474
consensus_DB,2,BraTS-GLI-01377-000,WT,0.9707206470161988,0.3236416347142991,1.0,249.66666666666666,1.0,2.0,0.0,0.9526522971894184,0.9998749293997439
consensus_DB,2,BraTS-GLI-01377-000,TC,0.9875839202360936,0.9877407026311921,1.0,1.0,1.0,0.0,0.0,0.9833407478517409,0.9999220815820538
consensus_DB,2,BraTS-GLI-01377-000,ET,0.9838700133726228,0.9840272229619766,1.0,1.0,1.0,0.0,0.0,0.976027236440479,0.9999226491096732
consensus_DB,2,BraTS-GLI-01387-000,WT,0.9071068514206921,0.9071068514206921,3.0,3.0,1.0,0.0,0.0,0.8695732255652946,0.9995020203825321
consensus_DB,2,BraTS-GLI-01387-000,TC,0.9633180794653883,0.6417902792310376,1.0,125.0,2.0,1.0,0.0,0.9820793838862559,0.9999569566948481
consensus_DB,2,BraTS-GLI-01387-000,ET,0.9367209058901894,0.918963833420984,1.4142135623730951,1.0,2.0,0.0,0.0,0.9203440538519072,0.9999732142416851
consensus_DB,2,BraTS-GLI-01451-000,WT,0.7839531186683707,0.7839531186683707,4.58257569495584,4.58257569495584,1.0,0.0,0.0,0.6592398427260813,0.9999516215480544
consensus_DB,2,BraTS-GLI-01451-000,TC,0.9384338838332772,0.9384338838332772,1.7320508075688772,1.7320508075688772,1.0,0.0,0.0,0.8964370036488517,0.9999853117310383
consensus_DB,2,BraTS-GLI-01451-000,ET,0.9253784932080665,0.9253784932080665,1.4142135623730951,1.4142135623730951,1.0,0.0,0.0,0.8728832693610296,0.9999864336726559
consensus_DB,2,BraTS-GLI-01409-000,WT,0.9581987868657321,0.47974335239592714,1.0,187.5,1.0,1.0,0.0,0.9777237957411619,0.9997256253132979
consensus_DB,2,BraTS-GLI-01409-000,TC,0.9767748370320236,0.6482401956201836,1.0,125.33333333333333,2.0,0.0,1.0,0.9755932685807805,0.999930560962924
consensus_DB,2,BraTS-GLI-01409-000,ET,0.9732050506430397,0.6446584716550385,1.0,125.33333333333333,2.0,0.0,1.0,0.9683858940500233,0.9999372069000069
consensus_DB,2,BraTS-GLI-01411-000,WT,0.8845247888284745,0.8845247888284745,4.242640687119285,4.242640687119285,1.0,0.0,0.0,0.9864845512154953,0.9969071975514379
consensus_DB,2,BraTS-GLI-01411-000,TC,0.9663451448527128,0.9663451448527128,1.0,1.0,1.0,0.0,0.0,0.980945563622729,0.9996740451303741
consensus_DB,2,BraTS-GLI-01411-000,ET,0.893749907499223,0.893749907499223,1.4142135623730951,1.4142135623730951,1.0,0.0,0.0,0.9589963474670478,0.999338167810654
consensus_DB,2,BraTS-GLI-01452-000,WT,0.9177677692605959,0.9177677692605959,1.4142135623730951,1.4142135623730951,1.0,0.0,0.0,0.9891028319778842,0.9994183361356231
consensus_DB,2,BraTS-GLI-01452-000,TC,0.9006864988558353,0.9006864988558353,1.0,1.0,1.0,0.0,0.0,0.823086574654956,0.9999975345217387
consensus_DB,2,BraTS-GLI-01452-000,ET,0.8827052657848765,0.8827052657848765,1.0,1.0,1.0,0.0,0.0,0.7968010813246227,0.999995741610328
consensus_DB,2,BraTS-GLI-01479-000,WT,0.8794947825098183,0.8796050598067289,9.9498743710662,9.848857801796104,1.0,0.0,0.0,0.7927685005597868,0.999781980462016
consensus_DB,2,BraTS-GLI-01479-000,TC,0.6811767502503188,0.6811767502503188,15.165750888103101,15.165750888103101,1.0,0.0,0.0,0.5171785784603269,0.9999726705847214
consensus_DB,2,BraTS-GLI-01479-000,ET,0.8092071677361404,0.8092071677361404,6.708203932499369,6.708203932499369,1.0,0.0,0.0,0.6992160453844951,0.9997068491842578
consensus_DB,2,BraTS-GLI-01444-000,WT,0.9361517256036956,0.9361517256036956,2.0,2.0,1.0,0.0,0.0,0.8904314840029253,0.9997716846238612
consensus_DB,2,BraTS-GLI-01444-000,TC,0.9574609652235628,0.9574609652235628,1.4142135623730951,1.4142135623730951,1.0,0.0,0.0,0.9566971013208049,0.999788131681676
consensus_DB,2,BraTS-GLI-01444-000,ET,0.9470473150388714,0.9470473150388714,1.4142135623730951,1.4142135623730951,1.0,0.0,0.0,0.9471936148300721,0.9997679195784529
consensus_DB,2,BraTS-GLI-01417-000,WT,0.8705885838289426,0.8705885838289426,3.1622776601683795,3.1622776601683795,1.0,0.0,0.0,0.9621511009249406,0.9982901606703121
consensus_DB,2,BraTS-GLI-01417-000,TC,0.9444645959412764,0.9444645959412764,1.0,1.0,1.0,0.0,0.0,0.9444465656141423,0.9998366624132241
consensus_DB,2,BraTS-GLI-01417-000,ET,0.8967144510729231,0.8967144510729231,1.4142135623730951,1.4142135623730951,1.0,0.0,0.0,0.9291876182128523,0.9996513712785849
consensus_DB,2,BraTS-GLI-01419-000,WT,0.9387025718078511,0.9387025718078511,3.0,3.0,1.0,0.0,0.0,0.918134690383335,0.9990824456797289
consensus_DB,2,BraTS-GLI-01419-000,TC,0.7736536881486268,0.7736536881486268,11.357816691600547,11.357816691600547,1.0,0.0,0.0,0.6327209623965971,0.9999744671947514
consensus_DB,2,BraTS-GLI-01419-000,ET,0.9182921304289265,0.9182921304289265,2.23606797749979,2.23606797749979,1.0,0.0,0.0,0.8850965396780437,0.9997968631163516
consensus_DB,2,BraTS-GLI-01466-000,WT,0.9666710748061267,0.9666710748061267,1.4142135623730951,1.4142135623730951,1.0,0.0,0.0,0.9629129230561373,0.9995058069674497
consensus_DB,2,BraTS-GLI-01466-000,TC,0.9567515962231457,0.9567515962231457,1.7320508075688772,1.7320508075688772,1.0,0.0,0.0,0.9247295769238975,0.999911594159917
consensus_DB,2,BraTS-GLI-01466-000,ET,0.9206216865286148,0.9206216865286148,1.0,1.0,1.0,0.0,0.0,0.8695049301561216,0.9998719218398517
consensus_DB,2,BraTS-GLI-01458-000,WT,0.95707031851054,0.95707031851054,8.306623862918075,8.306623862918075,1.0,0.0,0.0,0.9274968520113991,0.9999271508869774
consensus_DB,2,BraTS-GLI-01458-000,TC,0.9094568868302029,0.9094568868302029,2.23606797749979,2.23606797749979,1.0,0.0,0.0,0.9592765968331927,0.9993390638466574
consensus_DB,2,BraTS-GLI-01458-000,ET,0.7724386055766034,0.38624035761986536,2.0,188.0,1.0,1.0,0.0,0.8288003743346786,0.9993915319244301
consensus_DB,2,BraTS-GLI-01427-000,WT,0.9315339266565529,0.9315339266565529,2.0,2.0,1.0,0.0,0.0,0.9343828378257809,0.9991802542322095
consensus_DB,2,BraTS-GLI-01427-000,TC,0.9550415059219118,0.9550415059219118,1.4142135623730951,1.4142135623730951,1.0,0.0,0.0,0.9463053307948596,0.9998662077103935
consensus_DB,2,BraTS-GLI-01427-000,ET,0.8907459385897764,0.8907459385897764,1.0,1.0,1.0,0.0,0.0,0.9033078880407125,0.9996747826147501
consensus_DB,2,BraTS-GLI-01471-000,WT,0.9660165275913911,0.9660165275913911,2.8284271247461903,2.8284271247461903,1.0,0.0,0.0,0.9544265056998021,0.9995039747901403
consensus_DB,2,BraTS-GLI-01471-000,TC,0.9686008583690987,0.9686008583690987,1.4142135623730951,1.4142135623730951,1.0,0.0,0.0,0.9636050006831535,0.999653383719431
consensus_DB,2,BraTS-GLI-01471-000,ET,0.9193602892058627,0.9193602892058627,1.0,1.0,1.0,0.0,0.0,0.8986050513119892,0.9995869301588147
consensus_DB,2,BraTS-GLI-01480-000,WT,0.8101169879716592,0.8101169879716592,6.0,6.0,1.0,0.0,0.0,0.7084438040345822,0.9998417910112107
consensus_DB,2,BraTS-GLI-01480-000,TC,0.011104837191793714,0.003703703703703704,29.597297173897484,259.19909905796584,1.0,2.0,0.0,0.005588708913517097,0.9999988786023079
consensus_DB,2,BraTS-GLI-01480-000,ET,0.0,0.0,374.0,374.0,0.0,1.0,0.0,0.0,0.9999985439068101
consensus_DB,2,BraTS-GLI-01517-000,WT,0.915982517009868,0.915982517009868,4.123105625617661,4.123105625617661,1.0,0.0,0.0,0.961675045257003,0.9975034953687576
consensus_DB,2,BraTS-GLI-01517-000,TC,0.7685643373568268,0.3855570764602618,15.0,193.96419413859206,1.0,0.0,1.0,0.7631409765804378,0.9983580568835351
consensus_DB,2,BraTS-GLI-01517-000,ET,0.0,0.0,374.0,374.0,0.0,18.0,0.0,0.0,0.9998084677419354
consensus_DB,2,BraTS-GLI-01494-000,WT,0.9612108604350776,0.9612108604350776,4.47213595499958,4.47213595499958,1.0,0.0,0.0,0.9576605219606676,0.9992336706899242
consensus_DB,2,BraTS-GLI-01494-000,TC,0.6417903630965974,0.6417903630965974,9.848857801796104,9.848857801796104,1.0,0.0,0.0,0.9974446337308348,0.994716250854178
consensus_DB,2,BraTS-GLI-01494-000,ET,0.0,0.0,374.0,374.0,0.0,3.0,0.0,0.0,0.999919914874552
consensus_DB,2,BraTS-GLI-01534-000,WT,0.9050456760303225,0.9050456760303225,3.7416573867739413,3.7416573867739413,1.0,0.0,0.0,0.8603003098434893,0.999710210810637
consensus_DB,2,BraTS-GLI-01534-000,TC,0.8013754045307443,0.8013754045307443,8.717797887081348,8.717797887081348,1.0,0.0,0.0,0.6923244943427548,0.9998169376162576
consensus_DB,2,BraTS-GLI-01534-000,ET,0.0,0.0,374.0,374.0,0.0,5.0,0.0,0.0,0.9999528449820788
consensus_DB,2,BraTS-GLI-01536-000,WT,0.8687858550279866,0.8687934296450648,3.0,3.0,1.0,0.0,0.0,0.9993180632997714,0.9983086551217586
consensus_DB,2,BraTS-GLI-01536-000,TC,0.41339240322463505,0.41339240322463505,13.341664064126334,13.341664064126334,1.0,0.0,0.0,0.2640564112080163,0.9999837393304776
consensus_DB,2,BraTS-GLI-01536-000,ET,0.8116182572614108,0.8116182572614108,1.4142135623730951,1.4142135623730951,1.0,0.0,0.0,0.7009077878643096,0.9999938381612087
consensus_DB,2,BraTS-GLI-01493-000,WT,0.9295188014942274,0.9295188014942274,4.69041575982343,4.69041575982343,1.0,0.0,0.0,0.9274425007467435,0.9994076374881524
consensus_DB,2,BraTS-GLI-01493-000,TC,0.7731442627694979,0.7731442627694979,7.681145747868608,7.681145747868608,1.0,0.0,0.0,0.7190224997308645,0.9994108545825345
consensus_DB,2,BraTS-GLI-01493-000,ET,0.8977153695892195,0.8977153695892195,1.4142135623730951,1.4142135623730951,1.0,0.0,0.0,0.8671990373571077,0.9998669991426214
consensus_DB,2,BraTS-GLI-01524-000,WT,0.9509286656447186,0.9509286656447186,5.656854249492381,5.656854249492381,1.0,0.0,0.0,0.9119954869480487,0.9999187379965466
consensus_DB,2,BraTS-GLI-01524-000,TC,0.9283153256473713,0.9283153256473713,4.47213595499958,4.47213595499958,1.0,0.0,0.0,0.9197875674317907,0.9994154491255877
consensus_DB,2,BraTS-GLI-01524-000,ET,0.0,0.0,374.0,374.0,0.0,13.0,0.0,0.0,0.9999409722222222
consensus_DB,2,BraTS-GLI-01510-000,WT,0.9464499039110787,0.9464499039110787,5.0990195135927845,5.0990195135927845,1.0,0.0,0.0,0.9443633841222762,0.999270100274022
consensus_DB,2,BraTS-GLI-01510-000,TC,0.8792647797246227,0.8792647797246227,3.3166247903554,3.3166247903554,1.0,0.0,0.0,0.9289932567327963,0.998510902826699
consensus_DB,2,BraTS-GLI-01510-000,ET,0.0,0.0,374.0,374.0,0.0,31.0,0.0,0.0,0.9999485887096774
consensus_DB,2,BraTS-GLI-01525-000,WT,0.8332068693187977,0.8332068693187977,14.071247279470288,14.071247279470288,1.0,0.0,0.0,0.7180643783697219,0.9999766043299536
consensus_DB,2,BraTS-GLI-01525-000,TC,0.7859510379717393,0.7859510379717393,3.7416573867739413,3.7416573867739413,1.0,0.0,0.0,0.6542110358180058,0.999987777076299
consensus_DB,2,BraTS-GLI-01525-000,ET,0.841323889948243,0.841323889948243,4.358898943540674,4.358898943540674,1.0,0.0,0.0,0.7390524048815507,0.99998329529369
consensus_DB,2,BraTS-GLI-01527-000,WT,0.9727072734772446,0.9727072734772446,1.0,1.0,1.0,0.0,0.0,0.969917853919362,0.9997589495494189
consensus_DB,2,BraTS-GLI-01527-000,TC,0.9510414026020755,0.9510414026020755,2.0,2.0,1.0,0.0,0.0,0.9360914359304572,0.9997724986126588
consensus_DB,2,BraTS-GLI-01527-000,ET,0.27692307692307694,0.05833333333333333,17.60681686165901,312.63849198247425,1.0,5.0,0.0,0.453781512605042,0.9999756941204749
consensus_DB,2,BraTS-GLI-01498-000,WT,0.8593389559059051,0.8593563175323853,6.4031242374328485,6.4031242374328485,1.0,0.0,0.0,0.7848460957812631,0.9985568820123002
consensus_DB,2,BraTS-GLI-01498-000,TC,0.6151458110103964,0.33577952297364544,22.67156809750927,14.733908642990727,2.0,0.0,0.0,0.4446714619461913,0.9999854687085099
consensus_DB,2,BraTS-GLI-01498-000,ET,0.85664344212199,0.48473741909640966,17.0,11.074109710687358,2.0,0.0,0.0,0.8916058115569578,0.9991598320519122
consensus_DB,2,BraTS-GLI-01512-000,WT,0.923383735303418,0.9233936893849288,13.638181696985855,13.638181696985855,1.0,0.0,0.0,0.8694066460514118,0.9997697094592124
consensus_DB,2,BraTS-GLI-01512-000,TC,0.9133761640077962,0.9133808735646408,4.123105625617661,4.123105625617661,1.0,0.0,0.0,0.9401942572050316,0.9987359905906804
consensus_DB,2,BraTS-GLI-01512-000,ET,0.018433179723502304,0.0,21.93171219946131,374.0,0.0,8.0,0.0,0.0625,0.9999795026147047
consensus_DB,3,BraTS-GLI-00000-000,WT,0.9576016535528807,0.47882577731457354,2.23606797749979,188.1180339887499,1.0,1.0,0.0,0.9620800977227119,0.9996946124289021
consensus_DB,3,BraTS-GLI-00000-000,TC,0.9791504935122546,0.4895806762856414,1.0,187.5,1.0,1.0,0.0,0.9927140255009107,0.9998248444227864
consensus_DB,3,BraTS-GLI-00000-000,ET,0.9557427937915742,0.4778784608789487,1.0,187.5,1.0,1.0,0.0,0.9876875133665333,0.999708721568735
consensus_DB,3,BraTS-GLI-00036-001,WT,0.9823005327465729,0.9823005327465729,1.0,1.0,1.0,0.0,0.0,0.9773548828710592,0.9997459785362719
consensus_DB,3,BraTS-GLI-00036-001,TC,0.974171360527697,0.974171360527697,2.8284271247461903,2.8284271247461903,1.0,0.0,0.0,0.9826624310527398,0.9997518254087238
consensus_DB,3,BraTS-GLI-00036-001,ET,0.9645578357713649,0.482285319846548,1.0,187.5,1.0,1.0,0.0,0.9632791579393907,0.9998554601692657
consensus_DB,3,BraTS-GLI-00017-001,WT,0.9635485955376487,0.9637244242364337,1.4142135623730951,1.4142135623730951,1.0,0.0,0.0,0.9552628008983616,0.9997938308828699
consensus_DB,3,BraTS-GLI-00017-001,TC,0.0,0.0,374.0,374.0,0.0,3.0,0.0,0.0,0.997536850358423
consensus_DB,3,BraTS-GLI-00017-001,ET,0.0,0.0,374.0,374.0,0.0,8.0,0.0,0.0,0.9999938396057347
consensus_DB,3,BraTS-GLI-00066-000,WT,0.9810587412225015,0.9810587412225015,1.0,1.0,1.0,0.0,0.0,0.9779924575089115,0.9999313780656849
consensus_DB,3,BraTS-GLI-00066-000,TC,0.9800877489031387,0.9800877489031387,1.0,1.0,1.0,0.0,0.0,0.9633757961783439,0.9999978700659518
consensus_DB,3,BraTS-GLI-00066-000,ET,0.942737819025522,0.942737819025522,1.0,1.0,1.0,0.0,0.0,0.8965578111209179,0.9999965255731823
consensus_DB,3,BraTS-GLI-00045-001,WT,0.9733537381284602,0.9733756442283888,1.0,1.0,1.0,0.0,0.0,0.95504129311487,0.9999813595344914
consensus_DB,3,BraTS-GLI-00045-001,TC,0.982840923751774,0.982840923751774,1.0,1.0,1.0,0.0,0.0,0.9901221731219132,0.9999787002822549
consensus_DB,3,BraTS-GLI-00045-001,ET,0.966902731608614,0.966902731608614,1.0,1.0,1.0,0.0,0.0,0.9908175355450237,0.9999556115915621
consensus_DB,3,BraTS-GLI-00059-001,WT,0.9776907677163177,0.9776907677163177,1.0,1.0,1.0,0.0,0.0,0.9781559844192634,0.999884045780077
consensus_DB,3,BraTS-GLI-00059-001,TC,0.9791030117852466,0.9791297230937116,1.0,1.0,1.0,0.0,0.0,0.9679072276159655,0.999980806917591
consensus_DB,3,BraTS-GLI-00059-001,ET,0.9650649433744961,0.9650958185366478,1.0,1.0,1.0,0.0,0.0,0.9478413875447748,0.9999706017232551
consensus_DB,3,BraTS-GLI-00032-000,WT,0.9687105583220507,0.9687105583220507,1.4142135623730951,1.4142135623730951,1.0,0.0,0.0,0.9553483530037455,0.9998294045665049
consensus_DB,3,BraTS-GLI-00032-000,TC,0.9669280883024192,0.9669280883024192,1.0,1.0,1.0,0.0,0.0,0.9644867549668874,0.9999587255157067
consensus_DB,3,BraTS-GLI-00032-000,ET,0.9404253179830074,0.9404253179830074,1.0,1.0,1.0,0.0,0.0,0.9358615169101461,0.9999389998167751
consensus_DB,3,BraTS-GLI-00014-001,WT,0.9657998138765381,0.9657998138765381,1.0,1.0,1.0,0.0,0.0,0.967901554404145,0.9998417216010079
consensus_DB,3,BraTS-GLI-00014-001,TC,0.3333333333333333,0.333428981348637,12.12435565298214,12.041594578792296,1.0,0.0,0.0,0.200068870523416,0.9999992141605574
consensus_DB,3,BraTS-GLI-00014-001,ET,0.1745967560767399,0.17465168539325843,12.727922061357855,12.529964086141668,1.0,0.0,0.0,0.09564832135473073,1.0
consensus_DB,3,BraTS-GLI-00026-000,WT,0.9130243085153288,0.9130243085153288,4.123105625617661,4.123105625617661,1.0,0.0,0.0,0.8681871541170552,0.9997285592276087
consensus_DB,3,BraTS-GLI-00026-000,TC,0.9482748238694526,0.9482748238694526,1.0,1.0,1.0,0.0,0.0,0.9371857053590026,0.9998510297442444
consensus_DB,3,BraTS-GLI-00026-000,ET,0.9345554834523037,0.9345554834523037,1.0,1.0,1.0,0.0,0.0,0.929969004261914,0.9997903794390666
consensus_DB,3,BraTS-GLI-00054-000,WT,0.9375410239579914,0.9375410239579914,4.58257569495584,4.58257569495584,1.0,0.0,0.0,0.9097187667933841,0.9996479189950874
consensus_DB,3,BraTS-GLI-00054-000,TC,0.9029309150144054,0.9029309150144054,3.7416573867739413,3.7416573867739413,1.0,0.0,0.0,0.830289074202419,0.999910845023987
consensus_DB,3,BraTS-GLI-00054-000,ET,0.78284138082714,0.78284138082714,2.8284271247461903,2.8284271247461903,1.0,0.0,0.0,0.7649313204033024,0.9988085202691881
consensus_DB,3,BraTS-GLI-00043-000,WT,0.9823303044345496,0.9823303044345496,1.0,1.0,1.0,0.0,0.0,0.9877733769588428,0.9997393898778394
consensus_DB,3,BraTS-GLI-00043-000,TC,0.8412954234453398,0.8413465924641912,4.898979485566356,4.898979485566356,1.0,0.0,0.0,0.7463177771783113,0.9999419718243464
consensus_DB,3,BraTS-GLI-00043-000,ET,0.4171460642626631,0.4172046028627561,13.19090595827292,13.19090595827292,1.0,0.0,0.0,0.26405542232880364,0.9999975327308487
consensus_DB,3,BraTS-GLI-00030-000,WT,0.9385585231092093,0.31301321457033854,4.123105625617661,250.74754689570645,1.0,1.0,1.0,0.9702956032407878,0.9986963683557919
consensus_DB,3,BraTS-GLI-00030-000,TC,0.9521618680122688,0.9522796427776266,1.4142135623730951,1.4142135623730951,1.0,0.0,0.0,0.976905897878388,0.9996672140347025
consensus_DB,3,BraTS-GLI-00030-000,ET,0.9051883340882958,0.9053460653795219,1.4142135623730951,1.4142135623730951,1.0,0.0,0.0,0.9556005149898841,0.9995242008737402
consensus_DB,3,BraTS-GLI-00095-001,WT,0.9861938526399987,0.9861938526399987,1.0,1.0,1.0,0.0,0.0,0.9768340086985945,0.9998832558761784
consensus_DB,3,BraTS-GLI-00095-001,TC,0.9895693629770587,0.9895693629770587,1.0,1.0,1.0,0.0,0.0,0.98381854225997,0.9999486896433613
consensus_DB,3,BraTS-GLI-00095-001,ET,0.9616424566619456,0.9616424566619456,1.0,1.0,1.0,0.0,0.0,0.932361886604022,0.9999665688947541
consensus_DB,3,BraTS-GLI-00072-000,WT,0.9263507336398,0.31049680532012,15.556349186104045,254.60379610028065,1.0,2.0,0.0,0.9614406266402875,0.9990406269741042
consensus_DB,3,BraTS-GLI-00072-000,TC,0.9778433968027695,0.9778433968027695,1.0,1.0,1.0,0.0,0.0,0.9648361363956035,0.9999520174791537
consensus_DB,3,BraTS-GLI-00072-000,ET,0.9435993306095373,0.9435993306095373,1.0,1.0,1.0,0.0,0.0,0.9363573800903624,0.9998185411586091
consensus_DB,3,BraTS-GLI-00113-000,WT,0.8150559572744457,0.8150559572744457,9.0,9.0,1.0,0.0,0.0,0.7090097614449027,0.9998673743932013
consensus_DB,3,BraTS-GLI-00113-000,TC,0.8531393155483697,0.8531393155483697,2.0,2.0,1.0,0.0,0.0,0.7737047898338221,0.9999908133069025
consensus_DB,3,BraTS-GLI-00113-000,ET,0.7883064516129032,0.7883064516129032,1.7320508075688772,1.7320508075688772,1.0,0.0,0.0,0.7057761732851986,0.9999842040487376
consensus_DB,3,BraTS-GLI-00110-000,WT,0.9708864402821751,0.9708864402821751,1.0,1.0,1.0,0.0,0.0,0.9851223275292044,0.9995461262880123
consensus_DB,3,BraTS-GLI-00110-000,TC,0.9709681628392485,0.48549991844723533,1.0,187.5,1.0,1.0,0.0,0.9501404494382022,0.9999877697609246
consensus_DB,3,BraTS-GLI-00110-000,ET,0.9814752892396175,0.49075405450593546,1.0,187.5,1.0,1.0,0.0,0.9725646123260437,0.9999842924476967
consensus_DB,3,BraTS-GLI-00077-000,WT,0.9612199405045033,0.4806556955515557,3.1622776601683795,188.5811388300842,1.0,1.0,0.0,0.947819164579298,0.9994511373666185
consensus_DB,3,BraTS-GLI-00077-000,TC,0.9840579074358412,0.9840579074358412,1.0,1.0,1.0,0.0,0.0,0.9746089676746611,0.9999598667938303
consensus_DB,3,BraTS-GLI-00077-000,ET,0.9667180531850466,0.4833656797566448,1.0,187.5,1.0,1.0,0.0,0.9512419752417586,0.9999304921571421
consensus_DB,3,BraTS-GLI-00098-001,WT,0.9849004475950143,0.9849004475950143,1.0,1.0,1.0,0.0,0.0,0.9806238485483768,0.9998081086905214
consensus_DB,3,BraTS-GLI-00098-001,TC,0.982540846395418,0.982540846395418,1.4142135623730951,1.4142135623730951,1.0,0.0,0.0,0.9800596141638838,0.9998781552868523
consensus_DB,3,BraTS-GLI-00098-001,ET,0.9787513760523335,0.9787513760523335,1.0,1.0,1.0,0.0,0.0,0.9788056391572945,0.9998482775269124
consensus_DB,3,BraTS-GLI-00097-000,WT,0.9647295853966404,0.9647295853966404,2.23606797749979,2.23606797749979,1.0,0.0,0.0,0.9480903647510676,0.9999178490495416
consensus_DB,3,BraTS-GLI-00097-000,TC,0.9761343673679249,0.9761343673679249,1.0,1.0,1.0,0.0,0.0,0.9792392005157963,0.9999291388233339
consensus_DB,3,BraTS-GLI-00097-000,ET,0.9489302088639837,0.9489302088639837,1.0,1.0,1.0,0.0,0.0,0.9508677896886166,0.9999064217564704
consensus_DB,3,BraTS-GLI-00088-000,WT,0.9691201199376,0.9691201199376,2.23606797749979,2.23606797749979,1.0,0.0,0.0,0.9548245438939679,0.9997770016318754
consensus_DB,3,BraTS-GLI-00088-000,TC,0.9779957474195309,0.9779957474195309,1.0,1.0,1.0,0.0,0.0,0.9704298902235946,0.9999016483710456
consensus_DB,3,BraTS-GLI-00088-000,ET,0.9443608607434195,0.9443608607434195,1.0,1.0,1.0,0.0,0.0,0.931009144350098,0.9998317448063581
consensus_DB,3,BraTS-GLI-00090-000,WT,0.9604101335770603,0.9604101335770603,1.4142135623730951,1.4142135623730951,1.0,0.0,0.0,0.9363445485737697,0.9998502893142016
consensus_DB,3,BraTS-GLI-00090-000,TC,0.958739192295064,0.958739192295064,1.0,1.0,1.0,0.0,0.0,0.9672076846637959,0.9999487607444066
consensus_DB,3,BraTS-GLI-00090-000,ET,0.9371788283658787,0.9371788283658787,1.0,1.0,1.0,0.0,0.0,0.9323875255623721,0.9999496646702934
consensus_DB,3,BraTS-GLI-00094-000,WT,0.9723503157582829,0.9723503157582829,1.7320508075688772,1.7320508075688772,1.0,0.0,0.0,0.9699014778325123,0.9995356849502601
consensus_DB,3,BraTS-GLI-00094-000,TC,0.9575033342224594,0.9575033342224594,2.23606797749979,2.23606797749979,1.0,0.0,0.0,0.9459570565727476,0.9996785964116235
consensus_DB,3,BraTS-GLI-00094-000,ET,0.809312567817706,0.809312567817706,1.7320508075688772,1.7320508075688772,1.0,0.0,0.0,0.7391785932899991,0.9996624574291018
consensus_DB,3,BraTS-GLI-00074-000,WT,0.9735682942274271,0.9263835084265596,1.0,1.618033988749895,2.0,0.0,0.0,0.9607650971237282,0.9997314316237949
consensus_DB,3,BraTS-GLI-00074-000,TC,0.9559281625676147,0.5862471995255667,1.7320508075688772,125.60947570824874,2.0,1.0,0.0,0.9435872388606443,0.9998448714769193
consensus_DB,3,BraTS-GLI-00074-000,ET,0.9189900302737316,0.536865394778293,1.0,125.47140452079104,2.0,1.0,0.0,0.9000869349230005,0.9997872027583379
consensus_DB,3,BraTS-GLI-00111-000,WT,0.8964081990028946,0.8964081990028946,3.4641016151377544,3.4641016151377544,1.0,0.0,0.0,0.8129911227525394,0.9999827610890151
consensus_DB,3,BraTS-GLI-00111-000,TC,0.849742776237565,0.8498057705423598,6.0,6.0,1.0,0.0,0.0,0.7641318259385665,0.9998550137135206
consensus_DB,3,BraTS-GLI-00111-000,ET,0.5783408817290604,0.19299051117232935,8.366600265340756,252.31475730333307,1.0,2.0,0.0,0.8550601796914731,0.999271472044533
consensus_DB,3,BraTS-GLI-00120-000,WT,0.9688252254396547,0.9688252254396547,4.242640687119285,4.242640687119285,1.0,0.0,0.0,0.9780362603757099,0.9995753946159313
consensus_DB,3,BraTS-GLI-00120-000,TC,0.967473267539539,0.967473267539539,1.4142135623730951,1.4142135623730951,1.0,0.0,0.0,0.953907284768212,0.9998847980160911
consensus_DB,3,BraTS-GLI-00120-000,ET,0.908839466438692,0.908839466438692,2.23606797749979,2.23606797749979,1.0,0.0,0.0,0.9147390798198107,0.9995632552045421
consensus_DB,3,BraTS-GLI-00151-000,WT,0.9579149478575616,0.9579149478575616,2.0,2.0,1.0,0.0,0.0,0.9540358564243206,0.9991913112346649
consensus_DB,3,BraTS-GLI-00151-000,TC,0.9384945393793764,0.9384945393793764,5.385164807134504,5.385164807134504,1.0,0.0,0.0,0.95770453158216,0.9991046054909227
consensus_DB,3,BraTS-GLI-00151-000,ET,0.906576085628406,0.906576085628406,3.1622776601683795,3.1622776601683795,1.0,0.0,0.0,0.9390828892910934,0.9988157971908888
consensus_DB,3,BraTS-GLI-00195-000,WT,0.9862951923957695,0.9862951923957695,1.0,1.0,1.0,0.0,0.0,0.9942465870185956,0.9998261381431802
consensus_DB,3,BraTS-GLI-00195-000,TC,0.9858432498974149,0.9858432498974149,0.0,0.0,1.0,0.0,0.0,0.9952361226180613,0.9999871122062872
consensus_DB,3,BraTS-GLI-00195-000,ET,0.9443896018427114,0.9443896018427114,2.23606797749979,2.23606797749979,1.0,0.0,0.0,0.9860284012826386,0.9999500203616598
consensus_DB,3,BraTS-GLI-00124-000,WT,0.8723360033254992,0.8723360033254992,15.811388300841896,15.811388300841896,1.0,0.0,0.0,0.7747818875812241,0.99996869266988
consensus_DB,3,BraTS-GLI-00124-000,TC,0.9630051414312271,0.9630051414312271,2.0,2.0,1.0,0.0,0.0,0.9927917195417778,0.999092050179292
consensus_DB,3,BraTS-GLI-00124-000,ET,0.4809293272419586,0.4809293272419586,10.816653826391969,10.816653826391969,1.0,0.0,0.0,0.9945391616459428,0.9906036621687828
consensus_DB,3,BraTS-GLI-00194-000,WT,0.9764616235738667,0.9764616235738667,1.0,1.0,1.0,0.0,0.0,0.984632549523188,0.9998282753769299
consensus_DB,3,BraTS-GLI-00194-000,TC,0.9812464119410601,0.9812464119410601,1.0,1.0,1.0,0.0,0.0,0.9886882190372132,0.9999073832832671
consensus_DB,3,BraTS-GLI-00194-000,ET,0.9527617355249519,0.9527617355249519,1.0,1.0,1.0,0.0,0.0,0.9546560626743427,0.9999067460533437
consensus_DB,3,BraTS-GLI-00199-000,WT,0.9803591544629249,0.49164888773685855,1.4142135623730951,187.5,1.0,0.0,1.0,0.9808791354505072,0.9998280728171489
consensus_DB,3,BraTS-GLI-00199-000,TC,0.9869605056034584,0.9870868436203838,1.0,1.0,1.0,0.0,0.0,0.9904743940394228,0.9999205454945694
consensus_DB,3,BraTS-GLI-00199-000,ET,0.9715635027952129,0.9717746820109024,0.0,0.0,1.0,0.0,0.0,0.9720932110980978,0.9999193551919701
consensus_DB,3,BraTS-GLI-00171-000,WT,0.9210401739507194,0.9210401739507194,4.242640687119285,4.242640687119285,1.0,0.0,0.0,0.9119016221540808,0.9995154008563282
consensus_DB,3,BraTS-GLI-00171-000,TC,0.935093804495717,0.935093804495717,6.324555320336759,6.324555320336759,1.0,0.0,0.0,0.8964579659024103,0.9999360730470485
consensus_DB,3,BraTS-GLI-00171-000,ET,0.9075646849693857,0.9075646849693857,6.4031242374328485,6.4031242374328485,1.0,0.0,0.0,0.8441725455614344,0.9999506785020286
consensus_DB,3,BraTS-GLI-00128-000,WT,0.9716672828096118,0.9716672828096118,1.4142135623730951,1.4142135623730951,1.0,0.0,0.0,0.9943028349637969,0.9992142866806528
consensus_DB,3,BraTS-GLI-00128-000,TC,0.9439031659063295,0.31511477956736195,2.0,250.0,1.0,2.0,0.0,0.9148557970048438,0.9998804457145868
consensus_DB,3,BraTS-GLI-00128-000,ET,0.919449696811632,0.30701571045389625,2.449489742783178,250.0,1.0,2.0,0.0,0.8715451174289246,0.9998896208741441
consensus_DB,3,BraTS-GLI-00137-000,WT,0.9620164835164835,0.9620164835164835,1.4142135623730951,1.4142135623730951,1.0,0.0,0.0,0.9400089122253182,0.9996966278677504
consensus_DB,3,BraTS-GLI-00137-000,TC,0.9718524451719064,0.9718524451719064,1.0,1.0,1.0,0.0,0.0,0.9801555941906819,0.99976293693074
consensus_DB,3,BraTS-GLI-00137-000,ET,0.9537937498110431,0.9537937498110431,1.0,1.0,1.0,0.0,0.0,0.9512342204711747,0.9997568215004485
consensus_DB,3,BraTS-GLI-00192-000,WT,0.9711747285291215,0.49292105074797793,66.39277069079132,187.0,1.0,0.0,1.0,0.9639157941884553,0.9999150948722026
consensus_DB,3,BraTS-GLI-00192-000,TC,0.9816437213183146,0.9816437213183146,1.0,1.0,1.0,0.0,0.0,0.9965412578527564,0.9999462632966087
consensus_DB,3,BraTS-GLI-00192-000,ET,0.9834767502928938,0.9834767502928938,0.0,0.0,1.0,0.0,0.0,0.987987012987013,0.9999707257326418
consensus_DB,3,BraTS-GLI-00146-000,WT,0.9530208858278739,0.9530208858278739,8.306623862918075,8.306623862918075,1.0,0.0,0.0,0.9674642702468601,0.9986722374211966
consensus_DB,3,BraTS-GLI-00146-000,TC,0.9113725793508841,0.9113725793508841,4.898979485566356,4.898979485566356,1.0,0.0,0.0,0.9422736677962036,0.9985773608599677
consensus_DB,3,BraTS-GLI-00146-000,ET,0.6563717202079028,0.32823519096113135,2.449489742783178,188.22474487139158,1.0,1.0,0.0,0.9408638828049262,0.9971022957031394
consensus_DB,3,BraTS-GLI-00142-000,WT,0.9476804453917561,0.9492014539702893,3.1622776601683795,3.5,2.0,0.0,0.0,0.9178332524901578,0.9998076781881384
consensus_DB,3,BraTS-GLI-00142-000,TC,0.9462933722013037,0.9476711662211883,2.0,1.9142135623730951,2.0,0.0,0.0,0.9341153431117861,0.9997737092245762
consensus_DB,3,BraTS-GLI-00142-000,ET,0.8945942762925451,0.8983248987755522,1.0,1.0,2.0,0.0,0.0,0.9721324588065909,0.9992931122562241
consensus_DB,3,BraTS-GLI-00259-000,WT,0.9887571432167762,0.9887571432167762,0.0,0.0,1.0,0.0,0.0,0.9859128059923289,0.9999059852933814
consensus_DB,3,BraTS-GLI-00259-000,TC,0.9868523768437487,0.9868523768437487,1.0,1.0,1.0,0.0,0.0,0.9838610576332282,0.9999723706861067
consensus_DB,3,BraTS-GLI-00259-000,ET,0.9770437654830718,0.9770437654830718,0.0,0.0,1.0,0.0,0.0,0.9662877303018425,0.9999799162856932
consensus_DB,3,BraTS-GLI-00201-000,WT,0.9874143838495241,0.9874143838495241,1.0,1.0,1.0,0.0,0.0,0.9935311869865887,0.9996825817685081
consensus_DB,3,BraTS-GLI-00201-000,TC,0.9812587041581007,0.9812587041581007,1.0,1.0,1.0,0.0,0.0,0.9805304104650701,0.9998467108174154
consensus_DB,3,BraTS-GLI-00201-000,ET,0.942747988915494,0.47138033549914576,1.0,187.5,1.0,1.0,0.0,0.9222772016634205,0.9998534309200692
consensus_DB,3,BraTS-GLI-00212-000,WT,0.8528675035679958,0.8528675035679958,4.123105625617661,4.123105625617661,1.0,0.0,0.0,0.7893545039155693,0.9994829344071009
consensus_DB,3,BraTS-GLI-00212-000,TC,0.9833912707609116,0.9833912707609116,0.0,0.0,1.0,0.0,0.0,0.9837712519319938,0.9999950702555803
consensus_DB,3,BraTS-GLI-00212-000,ET,0.8935799782372144,0.8935799782372144,2.0,2.0,1.0,0.0,0.0,0.9720643939393939,0.9999518255214496
consensus_DB,3,BraTS-GLI-00282-000,WT,0.9709878739506304,0.9709878739506304,1.0,1.0,1.0,0.0,0.0,0.9619319805658759,0.9998851897608195
consensus_DB,3,BraTS-GLI-00282-000,TC,0.9697321904208436,0.9697321904208436,1.0,1.0,1.0,0.0,0.0,0.9757333593217036,0.9999578368463127
consensus_DB,3,BraTS-GLI-00282-000,ET,0.951971933220421,0.951971933220421,1.0,1.0,1.0,0.0,0.0,0.974006683995544,0.9999345285681341
consensus_DB,3,BraTS-GLI-00231-000,WT,0.9717051806604046,0.9717051806604046,5.830951894845301,5.830951894845301,1.0,0.0,0.0,0.957814215927595,0.999878288292656
consensus_DB,3,BraTS-GLI-00231-000,TC,0.9720277900653118,0.9720277900653118,1.0,1.0,1.0,0.0,0.0,0.9767295926371385,0.9999292840163805
consensus_DB,3,BraTS-GLI-00231-000,ET,0.9255399978291544,0.9255399978291544,1.0,1.0,1.0,0.0,0.0,0.9163890381515314,0.9999333983278944
consensus_DB,3,BraTS-GLI-00237-000,WT,0.9742130436394646,0.9742130436394646,1.0,1.0,1.0,0.0,0.0,0.9983282357187636,0.9996964630509114
consensus_DB,3,BraTS-GLI-00237-000,TC,0.9694550896845734,0.9694550896845734,1.0,1.0,1.0,0.0,0.0,0.9713273049484255,0.9999196046976457
consensus_DB,3,BraTS-GLI-00237-000,ET,0.9522156040492534,0.9522156040492534,1.4142135623730951,1.4142135623730951,1.0,0.0,0.0,0.9475334892621731,0.9999099805728647
consensus_DB,3,BraTS-GLI-00253-000,WT,0.9582826636307968,0.9582826636307968,1.0,1.0,1.0,0.0,0.0,0.9936682823874511,0.9994947076174039
consensus_DB,3,BraTS-GLI-00253-000,TC,0.9791396921306287,0.9791396921306287,0.0,0.0,1.0,0.0,0.0,0.9935766423357664,0.9999862178311012
consensus_DB,3,BraTS-GLI-00253-000,ET,0.9734576757532282,0.9734576757532282,0.0,0.0,1.0,0.0,0.0,0.9745062836624776,0.9999913727568468
consensus_DB,3,BraTS-GLI-00280-000,WT,0.8547064020047956,0.43047307727231454,8.366600265340756,190.20156211871642,1.0,0.0,1.0,0.7732759183140863,0.9998753560893328
consensus_DB,3,BraTS-GLI-00280-000,TC,0.9270235958499321,0.9270235958499321,2.0,2.0,1.0,0.0,0.0,0.8875848771900411,0.9999634368097786
consensus_DB,3,BraTS-GLI-00280-000,ET,0.8669711836688659,0.8669711836688659,1.4142135623730951,1.4142135623730951,1.0,0.0,0.0,0.7991475205322799,0.9999521213547616
consensus_DB,3,BraTS-GLI-00270-000,WT,0.8436382493706853,0.8436382493706853,18.788294228055936,18.788294228055936,1.0,0.0,0.0,0.8017577723931167,0.9994572771598488
consensus_DB,3,BraTS-GLI-00270-000,TC,0.9667697834547451,0.9667697834547451,1.0,1.0,1.0,0.0,0.0,0.9977342945417096,0.9999639140684142
consensus_DB,3,BraTS-GLI-00270-000,ET,0.9751866048012912,0.9751866048012912,1.0,1.0,1.0,0.0,0.0,0.9956745623069001,0.9999747846751341
consensus_DB,3,BraTS-GLI-00266-000,WT,0.980255949758847,0.980255949758847,1.0,1.0,1.0,0.0,0.0,0.9897754942604768,0.9994060075837716
consensus_DB,3,BraTS-GLI-00266-000,TC,0.978564655387533,0.978564655387533,1.0,1.0,1.0,0.0,0.0,0.9733909201479385,0.9998539688266396
consensus_DB,3,BraTS-GLI-00266-000,ET,0.9521998343269825,0.9521998343269825,1.0,1.0,1.0,0.0,0.0,0.9547953859472613,0.9997563380524219
consensus_DB,3,BraTS-GLI-00249-000,WT,0.9877765216963904,0.9877765216963904,1.0,1.0,1.0,0.0,0.0,0.9926140378872501,0.9997429630011099
consensus_DB,3,BraTS-GLI-00249-000,TC,0.9794955981523507,0.9794955981523507,5.0990195135927845,5.0990195135927845,1.0,0.0,0.0,0.9846619314964324,0.9998195392317762
consensus_DB,3,BraTS-GLI-00249-000,ET,0.9649719252365203,0.9649719252365203,0.0,0.0,1.0,0.0,0.0,0.9446703412547814,0.9999505328900631
consensus_DB,3,BraTS-GLI-00291-000,WT,0.9486676297923156,0.6296090635190402,2.0,125.80473785412437,2.0,1.0,0.0,0.9886688017823575,0.9993804215928936
consensus_DB,3,BraTS-GLI-00291-000,TC,0.9348697394789579,0.9475284085273968,2.0,1.0,3.0,0.0,0.0,0.9755489423308936,0.9998445415754265
consensus_DB,3,BraTS-GLI-00291-000,ET,0.9304414064066071,0.9387942205338217,2.0,1.0,3.0,0.0,0.0,0.9624284647922369,0.9998562126294437
consensus_DB,3,BraTS-GLI-00340-000,WT,0.83308679758565,0.83308679758565,5.385164807134504,5.385164807134504,1.0,0.0,0.0,0.742258983215173,0.9998527261513611
consensus_DB,3,BraTS-GLI-00340-000,TC,0.9639916764679273,0.9639916764679273,1.0,1.0,1.0,0.0,0.0,0.9585282475710687,0.9999624308222469
consensus_DB,3,BraTS-GLI-00340-000,ET,0.9627954209748892,0.9627954209748892,1.4142135623730951,1.4142135623730951,1.0,0.0,0.0,0.9619961258186515,0.9999558155237559
consensus_DB,3,BraTS-GLI-00297-000,WT,0.9270448794487836,0.9270448794487836,3.4641016151377544,3.4641016151377544,1.0,0.0,0.0,0.9158487094854174,0.9993725380124372
consensus_DB,3,BraTS-GLI-00297-000,TC,0.9268846415057728,0.9268846415057728,6.4031242374328485,6.4031242374328485,1.0,0.0,0.0,0.9973274872116087,0.9991657756299053
consensus_DB,3,BraTS-GLI-00297-000,ET,0.8318015122017476,0.8318015122017476,4.58257569495584,4.58257569495584,1.0,0.0,0.0,0.9749522394396094,0.9992190057060399
consensus_DB,3,BraTS-GLI-00377-000,WT,0.9724045631253585,0.32417617438969976,1.0,249.66666666666666,1.0,2.0,0.0,0.9971897261616888,0.9998150020938706
consensus_DB,3,BraTS-GLI-00377-000,TC,0.9745699831365936,0.9745699831365936,1.0,1.0,1.0,0.0,0.0,0.9692741178049108,0.999966790432144
consensus_DB,3,BraTS-GLI-00377-000,ET,0.9469157560803666,0.9469157560803666,2.0,2.0,1.0,0.0,0.0,0.9603889603889604,0.9998932018729161
consensus_DB,3,BraTS-GLI-00364-000,WT,0.984914063687365,0.984914063687365,1.0,1.0,1.0,0.0,0.0,0.9981115902820561,0.9997580572471343
consensus_DB,3,BraTS-GLI-00364-000,TC,0.9935459615264114,0.9935459615264114,0.0,0.0,1.0,0.0,0.0,0.9938573398520747,0.9999757196755609
consensus_DB,3,BraTS-GLI-00364-000,ET,0.984304261981213,0.984304261981213,0.0,0.0,1.0,0.0,0.0,0.9899707144863,0.9999396837473983
consensus_DB,3,BraTS-GLI-00299-000,WT,0.9243881670240949,0.9243881670240949,4.123105625617661,4.123105625617661,1.0,0.0,0.0,0.9879666301508384,0.9989991729307625
consensus_DB,3,BraTS-GLI-00299-000,TC,0.7979630506868782,0.7979630506868782,3.605551275463989,3.605551275463989,1.0,0.0,0.0,0.7891777933942375,0.9998192716107765
consensus_DB,3,BraTS-GLI-00299-000,ET,0.8121290138024745,0.8121290138024745,3.0,3.0,1.0,0.0,0.0,0.796018505537642,0.9998686226349972
consensus_DB,3,BraTS-GLI-00318-000,WT,0.941488540094816,0.941488540094816,2.0,2.0,1.0,0.0,0.0,0.9243120603777106,0.999232459921983
consensus_DB,3,BraTS-GLI-00318-000,TC,0.9568272242444764,0.9568272242444764,2.0,2.0,1.0,0.0,0.0,0.9342287426387024,0.9998989819930053
consensus_DB,3,BraTS-GLI-00318-000,ET,0.8924916254881277,0.8924916254881277,1.4142135623730951,1.4142135623730951,1.0,0.0,0.0,0.8549445094493494,0.9998069618891308
consensus_DB,3,BraTS-GLI-00356-000,WT,0.9836390960387899,0.9836390960387899,1.0,1.0,1.0,0.0,0.0,0.9969250222720349,0.9998822696389591
consensus_DB,3,BraTS-GLI-00356-000,TC,0.9802765251003519,0.9802765251003519,1.0,1.0,1.0,0.0,0.0,0.9884569258444933,0.999936573780746
consensus_DB,3,BraTS-GLI-00356-000,ET,0.9548621629809149,0.9548621629809149,1.0,1.0,1.0,0.0,0.0,0.9598886278604368,0.9999347278031633
consensus_DB,3,BraTS-GLI-00320-000,WT,0.8399787848429489,0.8399787848429489,7.0710678118654755,7.0710678118654755,1.0,0.0,0.0,0.9041638121336683,0.9988974628031513
consensus_DB,3,BraTS-GLI-00320-000,TC,0.9274574331091715,0.4638282647584973,2.8284271247461903,188.4142135623731,1.0,1.0,0.0,0.9035405631446891,0.9999639046877498
consensus_DB,3,BraTS-GLI-00320-000,ET,0.8158697863682605,0.4080594281062379,1.7320508075688772,187.86602540378445,1.0,1.0,0.0,0.9280259199259431,0.9998320199549984
consensus_DB,3,BraTS-GLI-00336-000,WT,0.9838374501446447,0.9838374501446447,1.0,1.0,1.0,0.0,0.0,0.9900981229844822,0.9996260905880944
consensus_DB,3,BraTS-GLI-00336-000,TC,0.9827820161022827,0.9827820161022827,1.0,1.0,1.0,0.0,0.0,0.996849671203548,0.9998831968100026
consensus_DB,3,BraTS-GLI-00336-000,ET,0.9533228734730472,0.9533228734730472,1.0,1.0,1.0,0.0,0.0,0.9909715750232991,0.999830431097792
consensus_DB,3,BraTS-GLI-00347-000,WT,0.979679732423083,0.979679732423083,1.0,1.0,1.0,0.0,0.0,0.9770720283315245,0.9998256879021635
consensus_DB,3,BraTS-GLI-00347-000,TC,0.9834286948072979,0.9834286948072979,1.0,1.0,1.0,0.0,0.0,0.9809928925263838,0.9999412879929671
consensus_DB,3,BraTS-GLI-00347-000,ET,0.953461867223858,0.953461867223858,1.0,1.0,1.0,0.0,0.0,0.9727713178294574,0.9998430511397316
consensus_DB,3,BraTS-GLI-00353-000,WT,0.9082286475438073,0.49009815099390275,63.88270501473775,188.1180339887499,1.0,1.0,0.0,0.9947429318844955,0.9982408293936772
consensus_DB,3,BraTS-GLI-00353-000,TC,0.9778494322164587,0.9778494322164587,2.23606797749979,2.23606797749979,1.0,0.0,0.0,0.99046556445887,0.9998038002163604
consensus_DB,3,BraTS-GLI-00353-000,ET,0.9826043737574552,0.9826043737574552,0.0,0.0,1.0,0.0,0.0,0.9822626322849903,0.9999228150759484
consensus_DB,3,BraTS-GLI-00325-000,WT,0.9866630258260157,0.9866630258260157,1.0,1.0,1.0,0.0,0.0,0.9842230138989442,0.9998280706373663
consensus_DB,3,BraTS-GLI-00325-000,TC,0.957106759974628,0.957106759974628,1.0,1.0,1.0,0.0,0.0,0.9732896267315216,0.999677728651353
consensus_DB,3,BraTS-GLI-00325-000,ET,0.9048056789745161,0.9048056789745161,2.449489742783178,2.449489742783178,1.0,0.0,0.0,0.8649823019650922,0.9997833923237616
consensus_DB,3,BraTS-GLI-00405-000,WT,0.9798249895172433,0.9798249895172433,1.0,1.0,1.0,0.0,0.0,0.9945577092142169,0.9994205820634519
consensus_DB,3,BraTS-GLI-00405-000,TC,0.9769431506623063,0.9769431506623063,1.0,1.0,1.0,0.0,0.0,0.9838983332778868,0.9998975043776982
consensus_DB,3,BraTS-GLI-00405-000,ET,0.9703684617366658,0.9703684617366658,1.0,1.0,1.0,0.0,0.0,0.9527974555443112,0.9999658439707643
consensus_DB,3,BraTS-GLI-00442-000,WT,0.9442058092827788,0.3190165760592439,15.0,251.56940131083311,1.0,0.0,2.0,0.9039701240385898,0.9999452888400266
consensus_DB,3,BraTS-GLI-00442-000,TC,0.9735146743020758,0.9735146743020758,1.4142135623730951,1.4142135623730951,1.0,0.0,0.0,0.9857929834734706,0.9998624249027112
consensus_DB,3,BraTS-GLI-00442-000,ET,0.9082289732548493,0.9082289732548493,2.0,2.0,1.0,0.0,0.0,0.884366825665487,0.9999080202113246
consensus_DB,3,BraTS-GLI-00479-001,WT,0.9870276151163163,0.9870276151163163,1.0,1.0,1.0,0.0,0.0,0.9911570396647901,0.9998487039499003
consensus_DB,3,BraTS-GLI-00479-001,TC,0.9950240292604091,0.9950240292604091,0.0,0.0,1.0,0.0,0.0,0.9971019434026593,0.9999906911725848
consensus_DB,3,BraTS-GLI-00479-001,ET,0.9895545314900154,0.9895545314900154,0.0,0.0,1.0,0.0,0.0,0.9909752845861963,0.9999869929624078
consensus_DB,3,BraTS-GLI-00407-000,WT,0.9405553304420738,0.9405553304420738,1.4142135623730951,1.4142135623730951,1.0,0.0,0.0,0.9642181459241589,0.9988114366434526
consensus_DB,3,BraTS-GLI-00407-000,TC,0.9458618543870566,0.9458618543870566,1.4142135623730951,1.4142135623730951,1.0,0.0,0.0,0.9091944855873305,0.9999738509161046
consensus_DB,3,BraTS-GLI-00407-000,ET,0.8922398519626757,0.8922398519626757,1.4142135623730951,1.4142135623730951,1.0,0.0,0.0,0.8646318199160625,0.9998919785370439
consensus_DB,3,BraTS-GLI-00477-001,WT,0.9766712966070626,0.9766712966070626,1.0,1.0,1.0,0.0,0.0,0.9799755458153294,0.9994080127890302
consensus_DB,3,BraTS-GLI-00477-001,TC,0.9841787122207621,0.9841787122207621,1.0,1.0,1.0,0.0,0.0,0.9768509547304247,0.9999374782260022
consensus_DB,3,BraTS-GLI-00477-001,ET,0.9692781804765832,0.9692781804765832,1.0,1.0,1.0,0.0,0.0,0.9477633477633478,0.999947909003117
consensus_DB,3,BraTS-GLI-00464-001,WT,0.9438830569999019,0.9438830569999019,1.0,1.0,1.0,0.0,0.0,0.8975650713685979,0.9999948414769031
consensus_DB,3,BraTS-GLI-00464-001,TC,0.9791562447890612,0.9791562447890612,1.0,1.0,1.0,0.0,0.0,0.9737976782752902,0.9999896883759977
consensus_DB,3,BraTS-GLI-00464-001,ET,0.9696918388079919,0.9696918388079919,1.0,1.0,1.0,0.0,0.0,0.971336499321574,0.9999788166558022
consensus_DB,3,BraTS-GLI-00413-000,WT,0.9916295440796348,0.9916295440796348,0.0,0.0,1.0,0.0,0.0,0.9966283067467029,0.999862292010866
consensus_DB,3,BraTS-GLI-00413-000,TC,0.9934655810077916,0.9934655810077916,0.0,0.0,1.0,0.0,0.0,0.9900067010459459,0.9999883062989582
consensus_DB,3,BraTS-GLI-00413-000,ET,0.9851837927439889,0.9851837927439889,0.0,0.0,1.0,0.0,0.0,0.97688684041075,0.9999792099628555
consensus_DB,3,BraTS-GLI-00410-000,WT,0.8999650194283986,0.4536970840839982,16.792855623746664,191.03112887414926,1.0,0.0,1.0,0.9181681392029013,0.9992858399835425
consensus_DB,3,BraTS-GLI-00410-000,TC,0.9895092668143141,0.9895092668143141,0.0,0.0,1.0,0.0,0.0,0.9911266783420899,0.9999883400686255
consensus_DB,3,BraTS-GLI-00410-000,ET,0.9735787628349611,0.9735787628349611,1.0,1.0,1.0,0.0,0.0,0.959284392350401,0.9999896859772452
consensus_DB,3,BraTS-GLI-00423-000,WT,0.956054820673667,0.956054820673667,1.4142135623730951,1.4142135623730951,1.0,0.0,0.0,0.9594238598652024,0.9996861168254234
consensus_DB,3,BraTS-GLI-00423-000,TC,0.962329131901296,0.962329131901296,1.0,1.0,1.0,0.0,0.0,0.9477364912117116,0.9998940923807065
consensus_DB,3,BraTS-GLI-00423-000,ET,0.9479679086295991,0.9479679086295991,1.0,1.0,1.0,0.0,0.0,0.9348391638355829,0.9998623996622047
consensus_DB,3,BraTS-GLI-00449-000,WT,0.9881780014514674,0.9881981089843591,1.0,1.0,1.0,0.0,0.0,0.990774154939794,0.999633186577339
consensus_DB,3,BraTS-GLI-00449-000,TC,0.9709779140877142,0.9709779140877142,2.23606797749979,2.23606797749979,1.0,0.0,0.0,0.9587603738864448,0.9998508920982195
consensus_DB,3,BraTS-GLI-00449-000,ET,0.9274453130132037,0.9274453130132037,2.0,2.0,1.0,0.0,0.0,0.8739805314390949,0.9999218131496743
consensus_DB,3,BraTS-GLI-00446-000,WT,0.9826690924902453,0.9826690924902453,1.0,1.0,1.0,0.0,0.0,0.992836828597193,0.9993085204990269
consensus_DB,3,BraTS-GLI-00446-000,TC,0.9779786304359371,0.9779786304359371,2.23606797749979,2.23606797749979,1.0,0.0,0.0,0.9942862752797959,0.9995491800492627
consensus_DB,3,BraTS-GLI-00446-000,ET,0.967666094483666,0.967666094483666,1.0,1.0,1.0,0.0,0.0,0.9720615665382912,0.9996883710911835
consensus_DB,3,BraTS-GLI-00418-000,WT,0.9109168475044388,0.9109280791092808,18.384776310850235,18.384776310850235,1.0,0.0,0.0,0.8476834109736788,0.9997315418454293
consensus_DB,3,BraTS-GLI-00418-000,TC,0.9868852994496072,0.9868852994496072,1.0,1.0,1.0,0.0,0.0,0.9853243322571177,0.9999603252074188
consensus_DB,3,BraTS-GLI-00418-000,ET,0.9822590987699901,0.9822590987699901,0.0,0.0,1.0,0.0,0.0,0.9724894190073105,0.9999777578322199
consensus_DB,3,BraTS-GLI-00499-000,WT,0.9757627709379327,0.9757627709379327,1.0,1.0,1.0,0.0,0.0,0.9779091063572682,0.9996819342027736
consensus_DB,3,BraTS-GLI-00499-000,TC,0.9893634289912772,0.9893634289912772,1.0,1.0,1.0,0.0,0.0,0.9894395078605605,0.9999293081443331
consensus_DB,3,BraTS-GLI-00499-000,ET,0.96372164974176,0.96372164974176,1.0,1.0,1.0,0.0,0.0,0.9763650151668352,0.9997780262903276
consensus_DB,3,BraTS-GLI-00574-000,WT,0.974998108592036,0.9750128617687707,1.0,1.0,1.0,0.0,0.0,0.9763424784839791,0.9997038171010003
consensus_DB,3,BraTS-GLI-00574-000,TC,0.9821622460058942,0.9821622460058942,1.0,1.0,1.0,0.0,0.0,0.9784691459771299,0.9999694676573814
consensus_DB,3,BraTS-GLI-00574-000,ET,0.9733187704790139,0.9733187704790139,0.0,0.0,1.0,0.0,0.0,0.967191763830315,0.9999634195987467
consensus_DB,3,BraTS-GLI-00599-000,WT,0.9787504387192508,0.9787504387192508,1.0,1.0,1.0,0.0,0.0,0.9869012847850628,0.9996233150408795
consensus_DB,3,BraTS-GLI-00599-000,TC,0.9767549119084955,0.9767549119084955,1.0,1.0,1.0,0.0,0.0,0.9762146215543468,0.9999170363215659
consensus_DB,3,BraTS-GLI-00599-000,ET,0.962647431131829,0.962647431131829,1.0,1.0,1.0,0.0,0.0,0.9627441523993248,0.9998953175730121
consensus_DB,3,BraTS-GLI-00567-000,WT,0.9267995024525335,0.9267995024525335,1.7320508075688772,1.7320508075688772,1.0,0.0,0.0,0.9262125902992776,0.9996520120053607
consensus_DB,3,BraTS-GLI-00567-000,TC,0.9535514303592344,0.9535514303592344,1.4142135623730951,1.4142135623730951,1.0,0.0,0.0,0.9609054163298303,0.9998104995181001
consensus_DB,3,BraTS-GLI-00567-000,ET,0.9149420783228429,0.9149420783228429,1.4142135623730951,1.4142135623730951,1.0,0.0,0.0,0.9283797216699802,0.9997718873626497
consensus_DB,3,BraTS-GLI-00555-001,WT,0.8850739432978267,0.885230882896195,17.146428199482248,18.05547008526779,1.0,0.0,0.0,0.947641494511057,0.9993116309748526
consensus_DB,3,BraTS-GLI-00555-001,TC,0.9645120405576679,0.9645120405576679,1.0,1.0,1.0,0.0,0.0,0.9851436321045494,0.9998950826647611
consensus_DB,3,BraTS-GLI-00555-001,ET,0.9477516839614054,0.9477516839614054,1.0,1.0,1.0,0.0,0.0,0.9468897781011277,0.9999209131890439
consensus_DB,3,BraTS-GLI-00584-000,WT,0.9342110481024706,0.9342110481024706,6.0,6.0,1.0,0.0,0.0,0.9445870088211709,0.9998914254116132
consensus_DB,3,BraTS-GLI-00584-000,TC,0.9597014925373134,0.9597014925373134,1.0,1.0,1.0,0.0,0.0,0.9277282266526757,0.9999951795753901
consensus_DB,3,BraTS-GLI-00584-000,ET,0.9579964221824687,0.9579964221824687,1.0,1.0,1.0,0.0,0.0,0.9271468144044321,0.9999931620329164
consensus_DB,3,BraTS-GLI-00537-000,WT,0.8131780844370756,0.8131780844370756,13.0,13.0,1.0,0.0,0.0,0.6905427252968447,0.9999171439660942
consensus_DB,3,BraTS-GLI-00537-000,TC,0.9193214364397444,0.9203757401729782,2.0,1.8251407699364424,2.0,0.0,0.0,0.8804490019833734,0.9999068989453751
consensus_DB,3,BraTS-GLI-00537-000,ET,0.8778916960670565,0.8911618134488044,2.8284271247461903,2.0,2.0,0.0,0.0,0.8543644575536916,0.9997757767477455
consensus_DB,3,BraTS-GLI-00597-000,WT,0.9622806081789146,0.9622806081789146,3.3166247903554,3.3166247903554,1.0,0.0,0.0,0.9761422806146481,0.9995325133728634
consensus_DB,3,BraTS-GLI-00597-000,TC,0.0007662248103593594,0.00019176190841451254,28.071337695236398,288.168930825089,1.0,3.0,0.0,0.0015432098765432098,0.9989012589694288
consensus_DB,3,BraTS-GLI-00597-000,ET,0.0,0.0,21.840329667841555,374.0,0.0,1.0,1.0,0.0,0.9999750216124658
consensus_DB,3,BraTS-GLI-00570-000,WT,0.9256378394952152,0.9256378394952152,2.0,2.0,1.0,0.0,0.0,0.9665835327424084,0.9991844312859961
consensus_DB,3,BraTS-GLI-00570-000,TC,0.9363179916317992,0.9363375802841064,2.8284271247461903,2.8284271247461903,1.0,0.0,0.0,0.9044539649179533,0.999923623464579
consensus_DB,3,BraTS-GLI-00570-000,ET,0.8738069989395546,0.8738389526804652,2.8284271247461903,2.8284271247461903,1.0,0.0,0.0,0.8136193394620361,0.9999198951231949
consensus_DB,3,BraTS-GLI-00572-000,WT,0.9562098619513132,0.9562098619513132,2.449489742783178,2.449489742783178,1.0,0.0,0.0,0.983849130752549,0.9993020550425646
consensus_DB,3,BraTS-GLI-00572-000,TC,0.9530271113178125,0.9502813186398775,1.4142135623730951,1.2071067811865475,2.0,0.0,0.0,0.9682583801211851,0.9998713806301698
consensus_DB,3,BraTS-GLI-00572-000,ET,0.9460553736231021,0.9465755178075637,1.0,1.0,2.0,0.0,0.0,0.953835994717253,0.9998829581448002
consensus_DB,3,BraTS-GLI-00580-000,WT,0.9415305050505051,0.9415305050505051,3.0,3.0,1.0,0.0,0.0,0.9257401828051307,0.9992696114346514
consensus_DB,3,BraTS-GLI-00580-000,TC,0.9525558616467708,0.2381488161225739,1.7320508075688772,280.9330127018922,1.0,3.0,0.0,0.94078044316622,0.9997619209807728
consensus_DB,3,BraTS-GLI-00580-000,ET,0.9183768520944313,0.22960758056534017,1.0,280.75,1.0,3.0,0.0,0.951302617295863,0.9995510878446775
consensus_DB,3,BraTS-GLI-00587-000,WT,0.9495516135366892,0.9496168814378156,2.23606797749979,2.23606797749979,1.0,0.0,0.0,0.965779644880595,0.9988295468669417
consensus_DB,3,BraTS-GLI-00587-000,TC,0.9631686016083302,0.511920020455869,2.23606797749979,10.233386222815373,2.0,0.0,0.0,0.9459019763835131,0.9997684924982382
consensus_DB,3,BraTS-GLI-00587-000,ET,0.9077419996923829,0.5957773529780912,1.0,1.618033988749895,2.0,0.0,0.0,0.8792393304705985,0.9996272099533928
consensus_DB,3,BraTS-GLI-00610-000,WT,0.9428990379457101,0.9428990379457101,2.23606797749979,2.23606797749979,1.0,0.0,0.0,0.9382883011132307,0.9995881574493941
consensus_DB,3,BraTS-GLI-00610-000,TC,0.9575407808727401,0.9575407808727401,1.0,1.0,1.0,0.0,0.0,0.925651827393829,0.9999923760123787
consensus_DB,3,BraTS-GLI-00610-000,ET,0.9253408353170309,0.9253408353170309,1.0,1.0,1.0,0.0,0.0,0.8719412724306689,0.9999895747437069
consensus_DB,3,BraTS-GLI-00621-000,WT,0.7530385222824968,0.7530514497605192,7.0710678118654755,7.0710678118654755,1.0,0.0,0.0,0.8173281162660704,0.9989345214924114
consensus_DB,3,BraTS-GLI-00621-000,TC,0.32108153781157583,0.32108153781157583,18.110770276274835,18.110770276274835,1.0,0.0,0.0,0.20042194092827004,0.999979606033387
consensus_DB,3,BraTS-GLI-00621-000,ET,0.32030586236193714,0.32030586236193714,18.110770276274835,18.110770276274835,1.0,0.0,0.0,0.19883966244725737,0.9999818471286192
consensus_DB,3,BraTS-GLI-00630-000,WT,0.9007777229788687,0.4828997250288801,28.6705423736629,187.5,1.0,1.0,0.0,0.964277591864583,0.9987731268077996
consensus_DB,3,BraTS-GLI-00630-000,TC,0.8016205700074209,0.48125225767609875,45.65084884205331,187.5,1.0,1.0,0.0,0.9791278784909359,0.9989374230291246
consensus_DB,3,BraTS-GLI-00630-000,ET,0.7887959196577233,0.47833644334245035,45.18849411078001,187.5,1.0,1.0,0.0,0.9694348028803813,0.9989413715608466
consensus_DB,3,BraTS-GLI-00611-000,WT,0.6826195034143833,0.6826195034143833,19.72308292331602,19.72308292331602,1.0,0.0,0.0,0.5340680466759065,0.9996893149224328
consensus_DB,3,BraTS-GLI-00611-000,TC,0.9808603827923441,0.9808603827923441,1.0,1.0,1.0,0.0,0.0,0.9894286636539703,0.9999219383198161
consensus_DB,3,BraTS-GLI-00611-000,ET,0.9397785380568738,0.9397785380568738,1.0,1.0,1.0,0.0,0.0,0.930908825887326,0.9999227082751168
consensus_DB,3,BraTS-GLI-00624-000,WT,0.8939212412844938,0.8939212412844938,8.48528137423857,8.48528137423857,1.0,0.0,0.0,0.8998418347172795,0.9990280305418018
consensus_DB,3,BraTS-GLI-00624-000,TC,0.972396060738369,0.972396060738369,1.0,1.0,1.0,0.0,0.0,0.9808821610335378,0.999874007400857
consensus_DB,3,BraTS-GLI-00624-000,ET,0.9053274749416449,0.9053274749416449,1.0,1.0,1.0,0.0,0.0,0.9178673348646204,0.9998229678067293
consensus_DB,3,BraTS-GLI-00654-000,WT,0.8632075471698113,0.8632075471698113,8.54400374531753,8.54400374531753,1.0,0.0,0.0,0.8151447661469933,0.9991890667949181
consensus_DB,3,BraTS-GLI-00654-000,TC,0.9838790821794956,0.6285577020777224,1.0,125.0,2.0,1.0,0.0,0.9760013887080675,0.9999585674889444
consensus_DB,3,BraTS-GLI-00654-000,ET,0.9493267757800532,0.5618669194505206,1.0,125.33333333333333,2.0,1.0,0.0,0.9244327549658475,0.9999338390025483
consensus_DB,3,BraTS-GLI-00625-000,WT,0.9644622421795152,0.9644622421795152,1.4142135623730951,1.4142135623730951,1.0,0.0,0.0,0.9363572478950588,0.9999060895244916
consensus_DB,3,BraTS-GLI-00625-000,TC,0.9898512584148771,0.9898512584148771,1.0,1.0,1.0,0.0,0.0,0.9845119305856833,0.9999633135226356
consensus_DB,3,BraTS-GLI-00625-000,ET,0.9630158453769807,0.9630158453769807,1.0,1.0,1.0,0.0,0.0,0.9579118747401968,0.9998978552065527
consensus_DB,3,BraTS-GLI-00616-000,WT,0.987750485418591,0.9877542094904876,1.0,1.0,1.0,0.0,0.0,0.987024827638172,0.9998263842501977
consensus_DB,3,BraTS-GLI-00616-000,TC,0.9920336577958127,0.9920336577958127,0.0,0.0,1.0,0.0,0.0,0.9890052615903902,0.9999778345553206
consensus_DB,3,BraTS-GLI-00616-000,ET,0.9664102286271535,0.9664102286271535,0.0,0.0,1.0,0.0,0.0,0.9425129451548134,0.9999829387431286
consensus_DB,3,BraTS-GLI-00612-001,WT,0.969282210505043,0.969282210505043,1.0,1.0,1.0,0.0,0.0,0.9689439853076217,0.999813716043748
consensus_DB,3,BraTS-GLI-00612-001,TC,0.2090180097278822,0.2889830435996606,16.73320053068151,133.3955910816319,2.0,1.0,0.0,0.9386068476977568,0.9986635008927545
consensus_DB,3,BraTS-GLI-00612-001,ET,0.8572217619442143,0.5535533527106561,1.4142135623730951,125.71542145664732,2.0,1.0,0.0,0.9161747343565525,0.9999579893407194
consensus_DB,3,BraTS-GLI-00628-000,WT,0.9605107881990312,0.9605107881990312,1.0,1.0,1.0,0.0,0.0,0.9887585444128153,0.9995645140731042
consensus_DB,3,BraTS-GLI-00628-000,TC,0.954354201198521,0.5684692459671291,19.339079605813716,125.47140452079104,2.0,0.0,1.0,0.9335245697181342,0.9999794842635332
consensus_DB,3,BraTS-GLI-00628-000,ET,0.9390648370943617,0.5613279324666901,18.35755975068582,125.88342717995762,2.0,0.0,1.0,0.9255223689270606,0.9999600905764546
consensus_DB,3,BraTS-GLI-00613-001,WT,0.9121872603011264,0.46658907962370283,39.0,188.5811388300842,1.0,1.0,0.0,0.8831353047193111,0.999640733796147
consensus_DB,3,BraTS-GLI-00613-001,TC,0.850828729281768,0.90234375,44.395945760846224,1.0,1.0,0.0,0.0,0.77,0.9999973116472881
consensus_DB,3,BraTS-GLI-00613-001,ET,0.8520599250936329,0.904572564612326,44.395945760846224,1.0,1.0,0.0,0.0,0.7583333333333333,0.9999985438089477
consensus_DB,3,BraTS-GLI-00610-001,WT,0.8884402100377872,0.8894503751430035,7.280109889280518,11.704699910719626,1.0,0.0,0.0,0.8659123209795562,0.9993109970339331
consensus_DB,3,BraTS-GLI-00610-001,TC,0.872891363022942,0.44057045551298424,23.706539182259394,188.87082869338698,1.0,0.0,1.0,0.8545829892650701,0.9998594643944687
consensus_DB,3,BraTS-GLI-00610-001,ET,0.8003829583532791,0.4074074074074074,22.293496809607955,188.5,1.0,0.0,1.0,0.6988018946781833,0.9999618869202861
consensus_DB,3,BraTS-GLI-00685-000,WT,0.8754146901531861,0.8754146901531861,6.082762530298219,6.082762530298219,1.0,0.0,0.0,0.8108313836991929,0.9995793483338608
consensus_DB,3,BraTS-GLI-00685-000,TC,0.9764920843194722,0.9764920843194722,1.0,1.0,1.0,0.0,0.0,0.9927442277963398,0.9998170545238276
consensus_DB,3,BraTS-GLI-00685-000,ET,0.9237645124833043,0.9237645124833043,1.0,1.0,1.0,0.0,0.0,0.9684403274450668,0.9997326428890192
consensus_DB,3,BraTS-GLI-00675-001,WT,0.0,0.0,374.0,374.0,0.0,0.0,1.0,0.0,1.0
consensus_DB,3,BraTS-GLI-00675-001,TC,1.0,1.0,0.0,0.0,0.0,0.0,0.0,1.0,1.0
consensus_DB,3,BraTS-GLI-00675-001,ET,1.0,1.0,0.0,0.0,0.0,0.0,0.0,1.0,1.0
consensus_DB,3,BraTS-GLI-00656-000,WT,0.9520304829363542,0.48136171777571707,46.850827100489916,188.1180339887499,1.0,0.0,1.0,0.959264953043977,0.9992022681848943
consensus_DB,3,BraTS-GLI-00656-000,TC,0.16495601173020527,0.05499625719916284,31.064449134018133,259.68814971133935,1.0,2.0,0.0,0.9687836383207751,0.9938920199506278
consensus_DB,3,BraTS-GLI-00656-000,ET,0.7696869070208728,0.07052354769304327,4.0,340.287479787288,1.0,10.0,0.0,0.6767466110531803,0.99995606959607
consensus_DB,3,BraTS-GLI-00723-000,WT,0.9687677117203114,0.4844329884604828,1.0,187.5,1.0,1.0,0.0,0.9776744858147488,0.9996177482397878
consensus_DB,3,BraTS-GLI-00723-000,TC,0.9689347363442894,0.9689347363442894,1.4142135623730951,1.4142135623730951,1.0,0.0,0.0,0.9575847866094119,0.9999269151080751
consensus_DB,3,BraTS-GLI-00723-000,ET,0.924639408749553,0.924639408749553,1.0,1.0,1.0,0.0,0.0,0.8728058331082906,0.9999623839882898
consensus_DB,3,BraTS-GLI-00708-000,WT,0.9153181112835291,0.9153181112835291,4.69041575982343,4.69041575982343,1.0,0.0,0.0,0.9991530550514217,0.9996586421768799
consensus_DB,3,BraTS-GLI-00708-000,TC,0.9460135099196851,0.9460135099196851,1.0,1.0,1.0,0.0,0.0,0.9994380759721285,0.999886759900268
consensus_DB,3,BraTS-GLI-00708-000,ET,0.8959146984067944,0.8959146984067944,1.4142135623730951,1.4142135623730951,1.0,0.0,0.0,0.9986180210060807,0.999812908401119
consensus_DB,3,BraTS-GLI-00682-000,WT,0.9443795294192766,0.9443795294192766,2.23606797749979,2.23606797749979,1.0,0.0,0.0,0.9041692138403228,0.999901313669922
consensus_DB,3,BraTS-GLI-00682-000,TC,0.9775337497481362,0.9775337497481362,1.0,1.0,1.0,0.0,0.0,0.982085020242915,0.9999396064767002
consensus_DB,3,BraTS-GLI-00682-000,ET,0.9434819653507526,0.9434819653507526,1.0,1.0,1.0,0.0,0.0,0.9379638593094547,0.9999300103503924
consensus_DB,3,BraTS-GLI-00682-001,WT,0.9864688484678026,0.9864688484678026,1.0,1.0,1.0,0.0,0.0,0.9842412656096534,0.9998545490521409
consensus_DB,3,BraTS-GLI-00682-001,TC,0.9699070271690923,0.9699070271690923,1.0,1.0,1.0,0.0,0.0,0.9417825698609161,0.999999213187163
consensus_DB,3,BraTS-GLI-00682-001,ET,0.9588447390465091,0.9588447390465091,1.0,1.0,1.0,0.0,0.0,0.9220074245289627,0.9999962919040128
consensus_DB,3,BraTS-GLI-00692-001,WT,0.9857783840051689,0.9857783840051689,1.0,1.0,1.0,0.0,0.0,0.9851913501413423,0.9998928689679105
consensus_DB,3,BraTS-GLI-00692-001,TC,0.9761283463805934,0.9761283463805934,1.4142135623730951,1.4142135623730951,1.0,0.0,0.0,0.998467698087094,0.9998925656918135
consensus_DB,3,BraTS-GLI-00692-001,ET,0.9668816400286632,0.9668816400286632,1.0,1.0,1.0,0.0,0.0,0.9944245065367855,0.9998904896057133
consensus_DB,3,BraTS-GLI-00674-001,WT,0.9724338597641994,0.9728681361379915,1.0,1.2071067811865475,2.0,0.0,0.0,0.9546989423973977,0.9998786175848715
consensus_DB,3,BraTS-GLI-00674-001,TC,0.9818801818668093,0.9796411291885463,1.0,1.0,2.0,0.0,0.0,0.9771759382486026,0.9999552705658745
consensus_DB,3,BraTS-GLI-00674-001,ET,0.9646221753738718,0.9629143250521288,1.0,1.0,2.0,0.0,0.0,0.9632049820191211,0.9999133090583724
consensus_DB,3,BraTS-GLI-00697-000,WT,0.9666569009054256,0.32225156122647114,1.0,249.66666666666666,1.0,2.0,0.0,0.9916845570344927,0.999044406970208
consensus_DB,3,BraTS-GLI-00697-000,TC,0.9879834849947621,0.9879834849947621,1.0,1.0,1.0,0.0,0.0,0.9903636288761685,0.9998810861610378
consensus_DB,3,BraTS-GLI-00697-000,ET,0.9625609834726729,0.9625609834726729,1.0,1.0,1.0,0.0,0.0,0.9800433269874614,0.9997104353928109
consensus_DB,3,BraTS-GLI-00714-000,WT,0.9551708724251892,0.9551708724251892,1.4142135623730951,1.4142135623730951,1.0,0.0,0.0,0.9183018814754976,0.9998900756183361
consensus_DB,3,BraTS-GLI-00714-000,TC,0.9782097415845779,0.9782097415845779,1.0,1.0,1.0,0.0,0.0,0.965845497028789,0.9998953989357663
consensus_DB,3,BraTS-GLI-00714-000,ET,0.9305307579938322,0.9305307579938322,1.0,1.0,1.0,0.0,0.0,0.9017518334283636,0.9997914868743184
consensus_DB,3,BraTS-GLI-00683-001,WT,0.9874890483541241,0.9874890483541241,1.0,1.0,1.0,0.0,0.0,0.9783662292032654,0.9999300471923851
consensus_DB,3,BraTS-GLI-00683-001,TC,0.9873943746259725,0.9873943746259725,2.23606797749979,2.23606797749979,1.0,0.0,0.0,0.9850223041580299,0.9998792970121987
consensus_DB,3,BraTS-GLI-00683-001,ET,0.9734039770731671,0.9734039770731671,0.0,0.0,1.0,0.0,0.0,0.9668507467117959,0.9998503493766476
consensus_DB,3,BraTS-GLI-00727-001,WT,0.975413680930825,0.975413680930825,1.0,1.0,1.0,0.0,0.0,0.9542805548715423,0.9999636114995394
consensus_DB,3,BraTS-GLI-00727-001,TC,0.9682893129160814,0.9682893129160814,1.4142135623730951,1.4142135623730951,1.0,0.0,0.0,0.9552111025999189,0.9999111847948369
consensus_DB,3,BraTS-GLI-00727-001,ET,0.8889234356781966,0.8889234356781966,3.605551275463989,3.605551275463989,1.0,0.0,0.0,0.8704962955445043,0.9998052376807501
consensus_DB,3,BraTS-GLI-00765-000,WT,0.9320874368996418,0.9320874368996418,2.23606797749979,2.23606797749979,1.0,0.0,0.0,0.906671027409083,0.9995157592028149
consensus_DB,3,BraTS-GLI-00765-000,TC,0.8973967384626187,0.8973967384626187,3.7416573867739413,3.7416573867739413,1.0,0.0,0.0,0.8867034377493322,0.999710197790289
consensus_DB,3,BraTS-GLI-00765-000,ET,0.8759984490112447,0.8759984490112447,2.0,2.0,1.0,0.0,0.0,0.8080114449213162,0.9999134391598546
consensus_DB,3,BraTS-GLI-00730-001,WT,0.988609192525415,0.988609192525415,1.0,1.0,1.0,0.0,0.0,0.9908517383832022,0.9998548841501231
consensus_DB,3,BraTS-GLI-00730-001,TC,0.9865478962718456,0.9865478962718456,0.0,0.0,1.0,0.0,0.0,0.9875526184764405,0.9999640687916458
consensus_DB,3,BraTS-GLI-00730-001,ET,0.9656171782373864,0.9656171782373864,1.0,1.0,1.0,0.0,0.0,0.9811007602527038,0.9998931456288144
consensus_DB,3,BraTS-GLI-00737-000,WT,0.9400857426453507,0.9401850209098973,1.4142135623730951,1.4142135623730951,1.0,0.0,0.0,0.9167181514889411,0.9999084652360513
consensus_DB,3,BraTS-GLI-00737-000,TC,0.9508756116404842,0.9508756116404842,2.0,2.0,1.0,0.0,0.0,0.9102619414483821,0.9999921452235946
consensus_DB,3,BraTS-GLI-00737-000,ET,0.9300059317007033,0.9300059317007033,1.4142135623730951,1.4142135623730951,1.0,0.0,0.0,0.8803946735119526,0.9999819416313145
consensus_DB,3,BraTS-GLI-00799-000,WT,0.9782757901141144,0.9782757901141144,1.0,1.0,1.0,0.0,0.0,0.9840376299218572,0.9993717272689265
consensus_DB,3,BraTS-GLI-00799-000,TC,0.9773626703922431,0.9773626703922431,1.0,1.0,1.0,0.0,0.0,0.9773572303239453,0.9997699750061382
consensus_DB,3,BraTS-GLI-00799-000,ET,0.9667366113598834,0.9667366113598834,1.0,1.0,1.0,0.0,0.0,0.9525392900787223,0.9998562820331317
consensus_DB,3,BraTS-GLI-00805-000,WT,0.970218577626552,0.9702357124355382,1.0,1.0,1.0,0.0,0.0,0.9675586187462575,0.9997403546443441
consensus_DB,3,BraTS-GLI-00805-000,TC,0.877153024911032,0.877153024911032,3.0,3.0,1.0,0.0,0.0,0.7881811204911742,0.999996078031925
consensus_DB,3,BraTS-GLI-00805-000,ET,0.8249867280127411,0.8249867280127411,2.449489742783178,2.449489742783178,1.0,0.0,0.0,0.709157286279282,0.9999963024021052
consensus_DB,3,BraTS-GLI-00789-000,WT,0.9905099584521864,0.9905099584521864,1.0,1.0,1.0,0.0,0.0,0.9860898513629938,0.9999323376754155
consensus_DB,3,BraTS-GLI-00789-000,TC,0.9892914679217867,0.9892914679217867,1.0,1.0,1.0,0.0,0.0,0.9816529098317835,0.9999843471024403
consensus_DB,3,BraTS-GLI-00789-000,ET,0.9644272389197098,0.9644272389197098,1.0,1.0,1.0,0.0,0.0,0.936480686695279,0.9999788626652267
consensus_DB,3,BraTS-GLI-00777-000,WT,0.9721036163929103,0.9721036163929103,1.0,1.0,1.0,0.0,0.0,0.9771333797958589,0.9995728700196389
consensus_DB,3,BraTS-GLI-00777-000,TC,0.9816101092095904,0.9816101092095904,1.0,1.0,1.0,0.0,0.0,0.9924276075047063,0.9998423551776133
consensus_DB,3,BraTS-GLI-00777-000,ET,0.930318003294058,0.930318003294058,1.0,1.0,1.0,0.0,0.0,0.9578034305093589,0.9998257536156124
consensus_DB,3,BraTS-GLI-00751-000,WT,0.952137152219069,0.952137152219069,3.3166247903554,3.3166247903554,1.0,0.0,0.0,0.9331096966569185,0.9997879940990562
consensus_DB,3,BraTS-GLI-00751-000,TC,0.9854318176537559,0.9854318176537559,1.0,1.0,1.0,0.0,0.0,0.9916760194537972,0.9999495880365786
consensus_DB,3,BraTS-GLI-00751-000,ET,0.9641477857878475,0.9641477857878475,1.0,1.0,1.0,0.0,0.0,0.9840362633031139,0.9999022751380097
consensus_DB,3,BraTS-GLI-00739-000,WT,0.9474611501991912,0.9474611501991912,3.1622776601683795,3.1622776601683795,1.0,0.0,0.0,0.9099783706480367,0.999718023179322
consensus_DB,3,BraTS-GLI-00739-000,TC,0.9479972072095368,0.9479972072095368,1.4142135623730951,1.4142135623730951,1.0,0.0,0.0,0.9195575287832042,0.9999083047024612
consensus_DB,3,BraTS-GLI-00739-000,ET,0.9437275623927681,0.9437275623927681,1.0,1.0,1.0,0.0,0.0,0.9029161034016608,0.9999568139150964
consensus_DB,3,BraTS-GLI-00778-000,WT,0.912566962137656,0.912566962137656,5.385164807134504,5.385164807134504,1.0,0.0,0.0,0.8803094378545642,0.9997325307378492
consensus_DB,3,BraTS-GLI-00778-000,TC,0.9799301110183382,0.9799301110183382,1.0,1.0,1.0,0.0,0.0,0.9748953974895398,0.9999729570450152
consensus_DB,3,BraTS-GLI-00778-000,ET,0.9612843816311006,0.9612843816311006,1.0,1.0,1.0,0.0,0.0,0.9598624770128728,0.999947843602143
consensus_DB,3,BraTS-GLI-00764-000,WT,0.8091441718612055,0.8091441718612055,13.076696830622021,13.076696830622021,1.0,0.0,0.0,0.6854235598060101,0.9999124409428866
consensus_DB,3,BraTS-GLI-00764-000,TC,0.9364610699090973,0.9513436797522126,4.898979485566356,4.10555127546399,2.0,0.0,0.0,0.9055755395683454,0.9998574889233097
consensus_DB,3,BraTS-GLI-00764-000,ET,0.9099979829220736,0.9260881615769039,1.7320508075688772,2.0,2.0,0.0,0.0,0.869797691576052,0.9998168543291058
consensus_DB,3,BraTS-GLI-01012-000,WT,0.9653128953889313,0.9653128953889313,2.8284271247461903,2.8284271247461903,1.0,0.0,0.0,0.9481236203090507,0.9997673273524648
consensus_DB,3,BraTS-GLI-01012-000,TC,0.9675916119466215,0.9675916119466215,5.477225575051661,5.477225575051661,1.0,0.0,0.0,0.9578458735231594,0.9998281943850719
consensus_DB,3,BraTS-GLI-01012-000,ET,0.960379177377892,0.960379177377892,2.8284271247461903,2.8284271247461903,1.0,0.0,0.0,0.9447447447447448,0.9998380097306968
consensus_DB,3,BraTS-GLI-00834-000,WT,0.8746923037823944,0.8746923037823944,7.0710678118654755,7.0710678118654755,1.0,0.0,0.0,0.8205833866946416,0.9995383191179366
consensus_DB,3,BraTS-GLI-00834-000,TC,0.9690559408567716,0.968870293591749,1.0,1.0,2.0,0.0,0.0,0.9714201856403859,0.999897536643851
consensus_DB,3,BraTS-GLI-00834-000,ET,0.9588408884155406,0.9626093209191113,1.0,1.0,2.0,0.0,0.0,0.9513054198036367,0.9999158926601692
consensus_DB,3,BraTS-GLI-00839-000,WT,0.9461720312784142,0.474914047524873,4.58257569495584,189.29128784747792,1.0,1.0,0.0,0.9879739224001519,0.9998220417156211
consensus_DB,3,BraTS-GLI-00839-000,TC,0.8718562874251496,0.8718562874251496,1.0,1.0,1.0,0.0,0.0,0.9562171628721541,0.9999696421742118
consensus_DB,3,BraTS-GLI-00839-000,ET,0.9,0.9,1.0,1.0,1.0,0.0,0.0,0.9396939693969397,0.9999815165171203
consensus_DB,3,BraTS-GLI-01039-000,WT,0.8882946482689771,0.8882946482689771,5.385164807134504,5.385164807134504,1.0,0.0,0.0,0.8332441471571906,0.9999281951744914
consensus_DB,3,BraTS-GLI-01039-000,TC,0.9411301658701152,0.47096229600450196,4.123105625617661,189.06155281280883,1.0,1.0,0.0,0.8964224507283634,0.9999910300466527
consensus_DB,3,BraTS-GLI-01039-000,ET,0.9386007827788649,0.46973128481361326,3.0,188.5,1.0,1.0,0.0,0.8976488478184583,0.9999855372264503
consensus_DB,3,BraTS-GLI-01000-000,WT,0.9882913854106546,0.9882913854106546,1.0,1.0,1.0,0.0,0.0,0.9888422448077773,0.9998615835118098
consensus_DB,3,BraTS-GLI-01000-000,TC,0.9901633426586048,0.9901633426586048,1.0,1.0,1.0,0.0,0.0,0.9820688009070024,0.9999940412500647
consensus_DB,3,BraTS-GLI-01000-000,ET,0.9631020290273666,0.9631020290273666,0.0,0.0,1.0,0.0,0.0,0.934099026542475,0.9999909128858756
consensus_DB,3,BraTS-GLI-01025-000,WT,0.9725791467908103,0.9725791467908103,1.0,1.0,1.0,0.0,0.0,0.9992492975569998,0.999708153364056
consensus_DB,3,BraTS-GLI-01025-000,TC,0.9895493875716372,0.9895493875716372,0.0,0.0,1.0,0.0,0.0,0.9955424916825479,0.9999423403803579
consensus_DB,3,BraTS-GLI-01025-000,ET,0.9336434964318101,0.9336434964318101,2.0,2.0,1.0,0.0,0.0,0.8895901423795034,0.999952029915358
consensus_DB,3,BraTS-GLI-01002-000,WT,0.9392113095238095,0.9392113095238095,3.0,3.0,1.0,0.0,0.0,0.9448070417053381,0.9994940864655095
consensus_DB,3,BraTS-GLI-01002-000,TC,0.9273188799958557,0.9273188799958557,3.0,3.0,1.0,0.0,0.0,0.9759295605713663,0.999468132726359
consensus_DB,3,BraTS-GLI-01002-000,ET,0.9021639234689615,0.9021639234689615,3.0,3.0,1.0,0.0,0.0,0.9250406921956652,0.9995051153263456
consensus_DB,3,BraTS-GLI-01029-000,WT,0.9835393264010124,0.9835393264010124,1.0,1.0,1.0,0.0,0.0,0.9955537374089622,0.9995095049645251
consensus_DB,3,BraTS-GLI-01029-000,TC,0.972489294659449,0.972489294659449,1.0,1.0,1.0,0.0,0.0,0.9859518348623854,0.9998855517059198
consensus_DB,3,BraTS-GLI-01029-000,ET,0.9715404580847866,0.9715404580847866,1.0,1.0,1.0,0.0,0.0,0.9683656333681296,0.9999379067988912
consensus_DB,3,BraTS-GLI-01004-000,WT,0.9433088608535242,0.4739539918135785,8.366600265340756,191.27200187265876,1.0,1.0,0.0,0.9796968021499016,0.9991436379781812
consensus_DB,3,BraTS-GLI-01004-000,TC,0.9876898658250742,0.9876898658250742,1.0,1.0,1.0,0.0,0.0,0.9829910730685868,0.9999770806577717
consensus_DB,3,BraTS-GLI-01004-000,ET,0.9622036308323137,0.9622036308323137,1.0,1.0,1.0,0.0,0.0,0.9385240614114307,0.9999786816221445
consensus_DB,3,BraTS-GLI-01009-000,WT,0.951730900491247,0.951730900491247,2.23606797749979,2.23606797749979,1.0,0.0,0.0,0.9202967259746779,0.999917288440113
consensus_DB,3,BraTS-GLI-01009-000,TC,0.939896854300589,0.939896854300589,1.4142135623730951,1.4142135623730951,1.0,0.0,0.0,0.9759403075985991,0.9997771740710544
consensus_DB,3,BraTS-GLI-01009-000,ET,0.882622300236587,0.882622300236587,1.0,1.0,1.0,0.0,0.0,0.9546805349182764,0.9997165733164376
consensus_DB,3,BraTS-GLI-01019-000,WT,0.9842342552575818,0.9842342552575818,1.0,1.0,1.0,0.0,0.0,0.9808983955892658,0.9997733483430646
consensus_DB,3,BraTS-GLI-01019-000,TC,0.9738590420429596,0.9738590420429596,4.242640687119285,4.242640687119285,1.0,0.0,0.0,0.9969739732603984,0.9996082066871702
consensus_DB,3,BraTS-GLI-01019-000,ET,0.9712258489383624,0.9712258489383624,1.0,1.0,1.0,0.0,0.0,0.9829083716730447,0.9997844955224835
consensus_DB,3,BraTS-GLI-01049-000,WT,0.8749655166648554,0.43811780886977236,3.605551275463989,37.870071352396586,2.0,0.0,0.0,0.9057286258220838,0.9989278732658265
consensus_DB,3,BraTS-GLI-01049-000,TC,0.8950859950859951,0.8975117023897512,2.0,1.4142135623730951,1.0,0.0,0.0,0.8907090464547677,0.9999087425531008
consensus_DB,3,BraTS-GLI-01049-000,ET,0.8939655172413793,0.8968002306140098,1.4142135623730951,1.0,1.0,0.0,0.0,0.9109809663250366,0.9999027033449649
consensus_DB,3,BraTS-GLI-01083-000,WT,0.9888929574026608,0.9888929574026608,0.0,0.0,1.0,0.0,0.0,0.9832195105620837,0.9999280241984008
consensus_DB,3,BraTS-GLI-01083-000,TC,0.9893094932949892,0.9893094932949892,1.0,1.0,1.0,0.0,0.0,0.9819733167856035,0.9999884214632347
consensus_DB,3,BraTS-GLI-01083-000,ET,0.9671533963939144,0.9671533963939144,0.0,0.0,1.0,0.0,0.0,0.950252646775746,0.999972394835545
consensus_DB,3,BraTS-GLI-01057-000,WT,0.9240049508175363,0.6274075676959902,5.477225575051661,126.24721912892466,2.0,0.0,1.0,0.9145325596389426,0.9997166232151847
consensus_DB,3,BraTS-GLI-01057-000,TC,0.9737509679831237,0.4889383497358612,1.4142135623730951,187.5,1.0,0.0,1.0,0.9832290767903364,0.9999245745194768
consensus_DB,3,BraTS-GLI-01057-000,ET,0.9380884926256146,0.4719346049046321,1.0,187.5,1.0,0.0,1.0,0.9775963876345953,0.9998622775524523
consensus_DB,3,BraTS-GLI-01061-000,WT,0.9800831637945097,0.9800831637945097,2.0,2.0,1.0,0.0,0.0,0.9668672686751159,0.9998841764356902
consensus_DB,3,BraTS-GLI-01061-000,TC,0.9870898854591341,0.9870898854591341,1.0,1.0,1.0,0.0,0.0,0.9860848484848485,0.9999448617323543
consensus_DB,3,BraTS-GLI-01061-000,ET,0.9682979378270237,0.9682979378270237,1.0,1.0,1.0,0.0,0.0,0.9546833906534493,0.9999522648101234
consensus_DB,3,BraTS-GLI-01088-000,WT,0.9821456056641527,0.9821456056641527,1.0,1.0,1.0,0.0,0.0,0.9965641105731688,0.9999292833337318
consensus_DB,3,BraTS-GLI-01088-000,TC,0.9579381443298969,0.9579381443298969,1.0,1.0,1.0,0.0,0.0,0.9961406518010292,0.9999781528956713
consensus_DB,3,BraTS-GLI-01088-000,ET,0.9469645678176484,0.9469645678176484,1.0,1.0,1.0,0.0,0.0,0.987758945386064,0.9999765849312717
consensus_DB,3,BraTS-GLI-01090-000,WT,0.9456089249338435,0.9456089249338435,1.4142135623730951,1.4142135623730951,1.0,0.0,0.0,0.9875536822013679,0.9994268788416465
consensus_DB,3,BraTS-GLI-01090-000,TC,0.9602862254025045,0.9602862254025045,5.385164807134504,5.385164807134504,1.0,0.0,0.0,0.9814553622734159,0.9998654148337996
consensus_DB,3,BraTS-GLI-01090-000,ET,0.9554621127606625,0.9554621127606625,2.23606797749979,2.23606797749979,1.0,0.0,0.0,0.9733084678594324,0.9998766670845097
consensus_DB,3,BraTS-GLI-01074-000,WT,0.9578045474308806,0.9578045474308806,3.7416573867739413,3.7416573867739413,1.0,0.0,0.0,0.9816612842343665,0.9992640921818512
consensus_DB,3,BraTS-GLI-01074-000,TC,0.9368103575106664,0.9368103575106664,2.8284271247461903,2.8284271247461903,1.0,0.0,0.0,0.9851092631986076,0.9996572736121463
consensus_DB,3,BraTS-GLI-01074-000,ET,0.9145772729371566,0.9145772729371566,1.4142135623730951,1.4142135623730951,1.0,0.0,0.0,0.983416910779008,0.9996221314234992
consensus_DB,3,BraTS-GLI-01084-000,WT,0.9815894411682112,0.9815894411682112,1.0,1.0,1.0,0.0,0.0,0.987791920059684,0.9998762912174531
consensus_DB,3,BraTS-GLI-01084-000,TC,0.9806735331558847,0.9806735331558847,1.0,1.0,1.0,0.0,0.0,0.9868635580192854,0.9999379107448432
consensus_DB,3,BraTS-GLI-01084-000,ET,0.9663211674545614,0.9663211674545614,0.0,0.0,1.0,0.0,0.0,0.9812749716739221,0.9999065224546418
consensus_DB,3,BraTS-GLI-01102-000,WT,0.8484778818706056,0.30207964102299345,28.178005607210743,225.2324555320337,2.0,3.0,0.0,0.9774442727874642,0.9991692629538776
consensus_DB,3,BraTS-GLI-01102-000,TC,0.94238834522846,0.49333369308276787,5.0990195135927845,4.070714214271425,2.0,0.0,0.0,0.9211737629459148,0.999973657803433
consensus_DB,3,BraTS-GLI-01102-000,ET,0.9206379707916987,0.48657968240923816,4.69041575982343,4.035533905932738,2.0,0.0,0.0,0.8966872543514879,0.9999692916583032
consensus_DB,3,BraTS-GLI-01082-000,WT,0.9824380165289256,0.9824380165289256,1.0,1.0,1.0,0.0,0.0,0.9723228699551569,0.9999103952815743
consensus_DB,3,BraTS-GLI-01082-000,TC,0.9753939618373709,0.9753939618373709,1.0,1.0,1.0,0.0,0.0,0.9617020436760512,0.9998826283500344
consensus_DB,3,BraTS-GLI-01082-000,ET,0.9269362124049796,0.9269362124049796,1.0,1.0,1.0,0.0,0.0,0.9221209065801587,0.999653358593836
consensus_DB,3,BraTS-GLI-01085-000,WT,0.9434017672593926,0.47749680812546447,44.339598554790726,188.0,1.0,0.0,1.0,0.9045477189207921,0.9997938447175155
consensus_DB,3,BraTS-GLI-01085-000,TC,0.976468785265475,0.976468785265475,1.0,1.0,1.0,0.0,0.0,0.99463571083927,0.9998313235914086
consensus_DB,3,BraTS-GLI-01085-000,ET,0.9645439585099487,0.9645439585099487,1.0,1.0,1.0,0.0,0.0,0.993051752464403,0.9997831164347848
consensus_DB,3,BraTS-GLI-01072-000,WT,0.9460163074361381,0.47648609311489376,5.830951894845301,188.1180339887499,1.0,0.0,1.0,0.9534121783602365,0.999205025220711
consensus_DB,3,BraTS-GLI-01072-000,TC,0.9735186913064784,0.9735186913064784,1.0,1.0,1.0,0.0,0.0,0.9945822875090866,0.9995991006755323
consensus_DB,3,BraTS-GLI-01072-000,ET,0.9356500069223315,0.9356500069223315,1.0,1.0,1.0,0.0,0.0,0.9852752507581058,0.9995341648429046
consensus_DB,3,BraTS-GLI-01062-000,WT,0.9749622243472295,0.9749622243472295,1.0,1.0,1.0,0.0,0.0,0.9784906849134426,0.9995536598357891
consensus_DB,3,BraTS-GLI-01062-000,TC,0.9743488555643252,0.9743954059734186,1.0,1.0,1.0,0.0,0.0,0.9987056063425289,0.9997143679670433
consensus_DB,3,BraTS-GLI-01062-000,ET,0.9339904691152222,0.9341089485701859,1.0,1.0,1.0,0.0,0.0,0.9965586574897533,0.999600770062203
consensus_DB,3,BraTS-GLI-01109-000,WT,0.9806626877958428,0.9806626877958428,1.0,1.0,1.0,0.0,0.0,0.9905704307334109,0.9997990498282
consensus_DB,3,BraTS-GLI-01109-000,TC,0.9817758068170783,0.9817758068170783,1.0,1.0,1.0,0.0,0.0,0.9866623292127521,0.9999195257865905
consensus_DB,3,BraTS-GLI-01109-000,ET,0.959015125738501,0.959015125738501,1.0,1.0,1.0,0.0,0.0,0.9612451168847275,0.9999214530997019
consensus_DB,3,BraTS-GLI-01160-001,WT,0.9810260174413077,0.9810260174413077,1.0,1.0,1.0,0.0,0.0,0.9685861908409559,0.9999083553746616
consensus_DB,3,BraTS-GLI-01160-001,TC,0.9864987710851486,0.9864987710851486,1.0,1.0,1.0,0.0,0.0,0.9908356159751107,0.9998802551579922
consensus_DB,3,BraTS-GLI-01160-001,ET,0.9697465631721687,0.9697465631721687,1.0,1.0,1.0,0.0,0.0,0.9735477056683488,0.9998355728698611
consensus_DB,3,BraTS-GLI-01138-000,WT,0.8298229766571159,0.4153273980000982,12.84523257866513,193.36396103067892,1.0,0.0,1.0,0.7570080912785712,0.9989707644101227
consensus_DB,3,BraTS-GLI-01138-000,TC,0.9720332085300342,0.49405924209829555,51.15662224971465,187.0,1.0,0.0,1.0,0.9498600152710613,0.9999920334675152
consensus_DB,3,BraTS-GLI-01138-000,ET,0.9529521074415069,0.48667069277888014,46.9148164229596,187.0,1.0,0.0,1.0,0.9321655787821201,0.9999671373502856
consensus_DB,3,BraTS-GLI-01130-000,WT,0.9507762161594688,0.9507762161594688,2.23606797749979,2.23606797749979,1.0,0.0,0.0,0.9408861877305075,0.999834073870088
consensus_DB,3,BraTS-GLI-01130-000,TC,0.9848131874612958,0.9848131874612958,1.0,1.0,1.0,0.0,0.0,0.9714352201989644,0.9999973066424593
consensus_DB,3,BraTS-GLI-01130-000,ET,0.9610325752919484,0.9610325752919484,2.8284271247461903,2.8284271247461903,1.0,0.0,0.0,0.961801070308175,0.9999273991631042
consensus_DB,3,BraTS-GLI-01118-000,WT,0.9613321921147575,0.9613321921147575,1.4142135623730951,1.4142135623730951,1.0,0.0,0.0,0.9582487364464988,0.9998158010705606
consensus_DB,3,BraTS-GLI-01118-000,TC,0.97166689333152,0.9736903825564058,1.0,0.5,2.0,0.0,0.0,0.9924986108538618,0.9999389943168272
consensus_DB,3,BraTS-GLI-01118-000,ET,0.9582462218505465,0.9599048049326219,1.0,0.5,2.0,0.0,0.0,0.9895139402911424,0.9999311651012893
consensus_DB,3,BraTS-GLI-01158-000,WT,0.9639169988756006,0.9639169988756006,1.4142135623730951,1.4142135623730951,1.0,0.0,0.0,0.957422260782884,0.9996425031041457
consensus_DB,3,BraTS-GLI-01158-000,TC,0.9247210988023367,0.4635288126297646,2.23606797749979,188.1180339887499,1.0,1.0,0.0,0.8981024667931689,0.9998687883706954
consensus_DB,3,BraTS-GLI-01158-000,ET,0.8787689296103967,0.4403182301174291,1.7320508075688772,187.86602540378445,1.0,1.0,0.0,0.8141971887752532,0.999913450052654
consensus_DB,3,BraTS-GLI-01160-000,WT,0.9777090835780894,0.9777090835780894,1.0,1.0,1.0,0.0,0.0,0.9760692665293333,0.9997037937913952
consensus_DB,3,BraTS-GLI-01160-000,TC,0.974426643567803,0.974426643567803,1.4142135623730951,1.4142135623730951,1.0,0.0,0.0,0.9726549873941431,0.999834538745454
consensus_DB,3,BraTS-GLI-01160-000,ET,0.9490669966756449,0.9490669966756449,1.4142135623730951,1.4142135623730951,1.0,0.0,0.0,0.947136457198208,0.9997732567920281
consensus_DB,3,BraTS-GLI-01137-000,WT,0.9720608778766268,0.9720608778766268,1.0,1.0,1.0,0.0,0.0,0.9955322406566101,0.999763505580852
consensus_DB,3,BraTS-GLI-01137-000,TC,0.8679029765504267,0.8679029765504267,3.0,3.0,1.0,0.0,0.0,0.8647653477940684,0.999785483396673
consensus_DB,3,BraTS-GLI-01137-000,ET,0.7281507876969242,0.7281507876969242,6.4031242374328485,6.4031242374328485,1.0,0.0,0.0,0.5729358813546817,0.9999988782254244
consensus_DB,3,BraTS-GLI-01148-000,WT,0.9847684704045596,0.9847684704045596,1.0,1.0,1.0,0.0,0.0,0.9900995716433576,0.9997515372217531
consensus_DB,3,BraTS-GLI-01148-000,TC,0.9922504220752263,0.9922504220752263,0.0,0.0,1.0,0.0,0.0,0.9902223449799752,0.9999768325743003
consensus_DB,3,BraTS-GLI-01148-000,ET,0.9892184443143359,0.9892184443143359,0.0,0.0,1.0,0.0,0.0,0.9838654698329735,0.9999789717429703
consensus_DB,3,BraTS-GLI-01145-000,WT,0.9461452719973852,0.9461452719973852,2.8284271247461903,2.8284271247461903,1.0,0.0,0.0,0.9198347646129027,0.9996578184009433
consensus_DB,3,BraTS-GLI-01145-000,TC,0.9427008255798716,0.9427008255798716,2.0,2.0,1.0,0.0,0.0,0.9013453617127911,0.9999213686680202
consensus_DB,3,BraTS-GLI-01145-000,ET,0.8855689987725759,0.4428233231039018,1.0,187.5,1.0,1.0,0.0,0.9616512433832209,0.9993800089218502
consensus_DB,3,BraTS-GLI-01105-000,WT,0.9582679805309666,0.9582679805309666,2.0,2.0,1.0,0.0,0.0,0.9277804310190436,0.999869115186823
consensus_DB,3,BraTS-GLI-01105-000,TC,0.9799596929417359,0.9799596929417359,1.0,1.0,1.0,0.0,0.0,0.9920682224565586,0.9999200555928018
consensus_DB,3,BraTS-GLI-01105-000,ET,0.9514563106796117,0.9514563106796117,1.0,1.0,1.0,0.0,0.0,0.9720512068797029,0.9999182530783771
consensus_DB,3,BraTS-GLI-01123-000,WT,0.9701103359864585,0.9701103359864585,1.0,1.0,1.0,0.0,0.0,0.9920578352509928,0.9995277663018373
consensus_DB,3,BraTS-GLI-01123-000,TC,0.9634002361275088,0.5799795260221077,3.3166247903554,2.956795678960466,2.0,0.0,0.0,0.9583270192453403,0.9999538969009071
consensus_DB,3,BraTS-GLI-01123-000,ET,0.9008734674252744,0.36652111603744014,2.0,125.95456776838542,2.0,1.0,0.0,0.8974932141146416,0.9999333089509364
consensus_DB,3,BraTS-GLI-01161-000,WT,0.9736165051790484,0.9736165051790484,1.0,1.0,1.0,0.0,0.0,0.9930597877004521,0.9994155177651867
consensus_DB,3,BraTS-GLI-01161-000,TC,0.9913095432078649,0.9479267360044655,0.0,0.5,2.0,0.0,0.0,0.9869806805737694,0.9999641971065615
consensus_DB,3,BraTS-GLI-01161-000,ET,0.976256533349959,0.9389641549228605,1.0,1.0,2.0,0.0,0.0,0.9667633923977691,0.999924544527682
consensus_DB,3,BraTS-GLI-01175-000,WT,0.9804486000381307,0.9804486000381307,1.0,1.0,1.0,0.0,0.0,0.9831652188898523,0.9995247253215482
consensus_DB,3,BraTS-GLI-01175-000,TC,0.9745891457834052,0.9705915898093544,1.4142135623730951,1.3660254037844386,2.0,0.0,0.0,0.9532623325474467,0.9999626869776531
consensus_DB,3,BraTS-GLI-01175-000,ET,0.9644873507736068,0.958889277468812,2.0,1.618033988749895,2.0,0.0,0.0,0.9369380684732209,0.9999358049666577
consensus_DB,3,BraTS-GLI-01167-000,WT,0.9273041011700744,0.9273041011700744,3.7416573867739413,3.7416573867739413,1.0,0.0,0.0,0.9782649895763718,0.9985049412947608
consensus_DB,3,BraTS-GLI-01167-000,TC,0.8696033607207329,0.8696033607207329,4.58257569495584,4.58257569495584,1.0,0.0,0.0,0.8061811811811812,0.9998276759795828
consensus_DB,3,BraTS-GLI-01167-000,ET,0.5055329878134193,0.5055329878134193,24.0,24.0,1.0,0.0,0.0,0.37030576646829466,0.9998965044054587
consensus_DB,3,BraTS-GLI-01173-000,WT,0.9670642717836716,0.9670642717836716,1.0,1.0,1.0,0.0,0.0,0.997588799975888,0.9995092332200699
consensus_DB,3,BraTS-GLI-01173-000,TC,0.7638530641287913,0.7638530641287913,7.874007874011811,7.874007874011811,1.0,0.0,0.0,0.99970898085094,0.9988087514739106
consensus_DB,3,BraTS-GLI-01173-000,ET,0.15777262180974477,1.0,6.708203932499369,0.0,0.0,0.0,0.0,0.85,0.9999600132617081
consensus_DB,3,BraTS-GLI-01200-000,WT,0.9880358191426893,0.9880358191426893,1.0,1.0,1.0,0.0,0.0,0.9879391329875722,0.9998903489931551
consensus_DB,3,BraTS-GLI-01200-000,TC,0.9883190963510098,0.9883190963510098,1.0,1.0,1.0,0.0,0.0,0.9887000338434927,0.9999276604557572
consensus_DB,3,BraTS-GLI-01200-000,ET,0.9652261049399825,0.4826233422881753,1.0,187.5,1.0,1.0,0.0,0.9574486084087641,0.9999298096505105
consensus_DB,3,BraTS-GLI-01185-000,WT,0.9312605195141483,0.9312605195141483,2.449489742783178,2.449489742783178,1.0,0.0,0.0,0.9116454175038023,0.9994418173990187
consensus_DB,3,BraTS-GLI-01185-000,TC,0.9479787134721315,0.9479787134721315,2.449489742783178,2.449489742783178,1.0,0.0,0.0,0.9119797373762777,0.9999242589123422
consensus_DB,3,BraTS-GLI-01185-000,ET,0.8986167096830322,0.8986167096830322,2.449489742783178,2.449489742783178,1.0,0.0,0.0,0.8420380434782608,0.9998673969767861
consensus_DB,3,BraTS-GLI-01199-000,WT,0.9841032527801116,0.9841032527801116,1.0,1.0,1.0,0.0,0.0,0.9910990299541627,0.9996046892287727
consensus_DB,3,BraTS-GLI-01199-000,TC,0.9904489016236867,0.9904489016236867,1.0,1.0,1.0,0.0,0.0,0.9910848950944523,0.9999229209680359
consensus_DB,3,BraTS-GLI-01199-000,ET,0.9556737865289501,0.9556737865289501,1.0,1.0,1.0,0.0,0.0,0.9358594346829641,0.9999165849285154
consensus_DB,3,BraTS-GLI-01189-000,WT,0.9601597200412759,0.9601597200412759,3.1622776601683795,3.1622776601683795,1.0,0.0,0.0,0.9328224843301863,0.9998667920682052
consensus_DB,3,BraTS-GLI-01189-000,TC,0.8870155705093571,0.8870155705093571,5.0990195135927845,5.0990195135927845,1.0,0.0,0.0,0.8042822308574482,0.9999067682093624
consensus_DB,3,BraTS-GLI-01189-000,ET,0.6913720121481062,0.6913720121481062,15.0,15.0,1.0,0.0,0.0,0.5547474747474748,0.9997771252418883
consensus_DB,3,BraTS-GLI-01172-000,WT,0.9117958672004529,0.3044095768091523,9.899494936611665,252.08207041707843,1.0,2.0,0.0,0.9863429571303587,0.9977023270590104
consensus_DB,3,BraTS-GLI-01172-000,TC,0.9636596757944866,0.9636596757944866,7.280109889280518,7.280109889280518,1.0,0.0,0.0,0.9838061222581671,0.9992966820488183
consensus_DB,3,BraTS-GLI-01172-000,ET,0.934891321103746,0.934891321103746,2.0,2.0,1.0,0.0,0.0,0.9750601309375282,0.9990260165443858
consensus_DB,3,BraTS-GLI-01169-000,WT,0.9279207947143246,0.9279207947143246,3.605551275463989,3.605551275463989,1.0,0.0,0.0,0.9943104849634246,0.997625328554252
consensus_DB,3,BraTS-GLI-01169-000,TC,0.881918549389486,0.881918549389486,3.7416573867739413,3.7416573867739413,1.0,0.0,0.0,0.9609113601359605,0.9990756261120214
consensus_DB,3,BraTS-GLI-01169-000,ET,0.0,0.0,24.08318915758459,374.0,0.0,6.0,1.0,0.0,0.9999146497250477
consensus_DB,3,BraTS-GLI-01170-000,WT,0.9129718291109897,0.9129718291109897,2.8284271247461903,2.8284271247461903,1.0,0.0,0.0,0.9727479922919662,0.9981675251187744
consensus_DB,3,BraTS-GLI-01170-000,TC,0.9048591808713707,0.6022587194987653,3.0,126.38529031638234,2.0,1.0,0.0,0.8760212683179873,0.9998957652881131
consensus_DB,3,BraTS-GLI-01170-000,ET,0.9090909090909091,0.6048400101604273,2.23606797749979,126.08088022903975,2.0,1.0,0.0,0.8712402838796891,0.999924494051242
consensus_DB,3,BraTS-GLI-01190-000,WT,0.9824988027999199,0.49125774372350833,1.0,187.5,1.0,1.0,0.0,0.9824420792381832,0.9997075428325046
consensus_DB,3,BraTS-GLI-01190-000,TC,0.9780092515998385,0.9780286686167327,1.0,1.0,1.0,0.0,0.0,0.9819276307921279,0.9997782609172046
consensus_DB,3,BraTS-GLI-01190-000,ET,0.9608664107137459,0.9608881969269838,2.23606797749979,2.23606797749979,1.0,0.0,0.0,0.9765873442612877,0.999587719920789
consensus_DB,3,BraTS-GLI-01201-000,WT,0.9765943981708313,0.9765943981708313,1.0,1.0,1.0,0.0,0.0,0.9630774186404679,0.9998960204253037
consensus_DB,3,BraTS-GLI-01201-000,TC,0.9519470510902579,0.9519470510902579,1.4142135623730951,1.4142135623730951,1.0,0.0,0.0,0.9535897552336406,0.999876712038059
consensus_DB,3,BraTS-GLI-01201-000,ET,0.8341362089539046,0.8341362089539046,4.123105625617661,4.123105625617661,1.0,0.0,0.0,0.7992716185313797,0.9998448889565311
consensus_DB,3,BraTS-GLI-01220-000,WT,0.9508120649651972,0.9508267722625253,1.4142135623730951,1.4142135623730951,1.0,0.0,0.0,0.9587011447643408,0.9997913655227705
consensus_DB,3,BraTS-GLI-01220-000,TC,0.9765902104516434,0.9765902104516434,1.0,1.0,1.0,0.0,0.0,0.9818838856925491,0.9999316265724064
consensus_DB,3,BraTS-GLI-01220-000,ET,0.9439798579264455,0.9439798579264455,1.0,1.0,1.0,0.0,0.0,0.9574972637723459,0.9999125269876672
consensus_DB,3,BraTS-GLI-01233-000,WT,0.9114704959743474,0.9114704959743474,8.246211251235321,8.246211251235321,1.0,0.0,0.0,0.8954901893641064,0.9993117951457124
consensus_DB,3,BraTS-GLI-01233-000,TC,0.932324714116545,0.932324714116545,1.4142135623730951,1.4142135623730951,1.0,0.0,0.0,0.9181258049918195,0.9998340313866088
consensus_DB,3,BraTS-GLI-01233-000,ET,0.8945593060877945,0.8945593060877945,1.0,1.0,1.0,0.0,0.0,0.8816717930161028,0.9997777875590677
consensus_DB,3,BraTS-GLI-01205-000,WT,0.8364648573416841,0.4185668592653735,3.7416573867739413,188.87082869338698,1.0,1.0,0.0,0.7388334926922552,0.999931619417256
consensus_DB,3,BraTS-GLI-01205-000,TC,0.8976436482568944,0.8126517547269878,3.0,2.679449471770337,2.0,0.0,0.0,0.8380291464260929,0.9999528809379835
consensus_DB,3,BraTS-GLI-01205-000,ET,0.8164928909952607,0.7377328112111377,2.23606797749979,2.82842712474619,2.0,0.0,0.0,0.7986278509178565,0.9998093574966351
consensus_DB,3,BraTS-GLI-01210-000,WT,0.838954075264032,0.4195134659849546,4.242640687119285,189.06155281280883,1.0,1.0,0.0,0.866852092772868,0.9989980208068561
consensus_DB,3,BraTS-GLI-01210-000,TC,0.913014851122979,0.913014851122979,2.23606797749979,2.23606797749979,1.0,0.0,0.0,0.8921933085501859,0.9999512386831709
consensus_DB,3,BraTS-GLI-01210-000,ET,0.9004806555826964,0.9004806555826964,2.0,2.0,1.0,0.0,0.0,0.8827437046191874,0.9999435074287171
consensus_DB,3,BraTS-GLI-01223-000,WT,0.9531153204235874,0.9531153204235874,1.7320508075688772,1.7320508075688772,1.0,0.0,0.0,0.9599224874482516,0.9995820486096767
consensus_DB,3,BraTS-GLI-01223-000,TC,0.9378896882494004,0.9378896882494004,2.23606797749979,2.23606797749979,1.0,0.0,0.0,0.8935927146913862,0.9999588642162852
consensus_DB,3,BraTS-GLI-01223-000,ET,0.8878889103608205,0.8878889103608205,1.4142135623730951,1.4142135623730951,1.0,0.0,0.0,0.8825530980736512,0.9997843942032681
consensus_DB,3,BraTS-GLI-01227-000,WT,0.92542470486611,0.4651015937958389,2.449489742783178,187.86602540378445,1.0,0.0,1.0,0.9628388959243978,0.9990211826376977
consensus_DB,3,BraTS-GLI-01227-000,TC,0.9685461044742403,0.9685461044742403,1.0,1.0,1.0,0.0,0.0,0.9873743531388008,0.9997861904686388
consensus_DB,3,BraTS-GLI-01227-000,ET,0.9033332423357265,0.9033332423357265,1.0,1.0,1.0,0.0,0.0,0.9490621235587678,0.9997022636157722
consensus_DB,3,BraTS-GLI-01215-000,WT,0.9513838681201043,0.9513838681201043,1.4142135623730951,1.4142135623730951,1.0,0.0,0.0,0.9505295840749639,0.9993214591910471
consensus_DB,3,BraTS-GLI-01215-000,TC,0.7862302865863998,0.7862302865863998,8.94427190999916,8.94427190999916,1.0,0.0,0.0,0.655710810657917,0.9999756462251705
consensus_DB,3,BraTS-GLI-01215-000,ET,0.8818672594474436,0.8818672594474436,1.7320508075688772,1.7320508075688772,1.0,0.0,0.0,0.9254610086647411,0.9998249803397198
consensus_DB,3,BraTS-GLI-01224-000,WT,0.9269596273679741,0.9269827790751402,1.4142135623730951,1.4142135623730951,1.0,0.0,0.0,0.9025143468534189,0.9997929531142327
consensus_DB,3,BraTS-GLI-01224-000,TC,0.9554758263733678,0.9554758263733678,1.0,1.0,1.0,0.0,0.0,0.9269085929476206,0.9999738509982746
consensus_DB,3,BraTS-GLI-01224-000,ET,0.878442458508116,0.878442458508116,1.4142135623730951,1.4142135623730951,1.0,0.0,0.0,0.8807716924202249,0.9998472591255664
consensus_DB,3,BraTS-GLI-01209-000,WT,0.9062272062861975,0.906232473257642,3.7416573867739413,3.7416573867739413,1.0,0.0,0.0,0.8516117404174904,0.9994168033367082
consensus_DB,3,BraTS-GLI-01209-000,TC,0.8797327551503252,0.8797576082887795,6.6332495807108,6.557438524302,1.0,0.0,0.0,0.8167060057697351,0.9996553220044873
consensus_DB,3,BraTS-GLI-01209-000,ET,0.8045146324054246,0.8045146324054246,3.7416573867739413,3.7416573867739413,1.0,0.0,0.0,0.7085911868136185,0.9996964098293823
consensus_DB,3,BraTS-GLI-01219-000,WT,0.9044216367813348,0.905293451094682,4.0,4.549509756796392,2.0,0.0,0.0,0.9302900107411386,0.9981197272911206
consensus_DB,3,BraTS-GLI-01219-000,TC,0.9733043950081389,0.5248995423832249,6.708203932499369,6.222761571129799,2.0,0.0,0.0,0.9597645799892991,0.9999739598240492
consensus_DB,3,BraTS-GLI-01219-000,ET,0.9722931597880111,0.5154557289136729,6.6332495807108,6.287918451395113,2.0,0.0,0.0,0.9528012485872666,0.9999851842190832
consensus_DB,3,BraTS-GLI-01226-000,WT,0.9003796507213364,0.4503060774991266,2.449489742783178,188.22474487139158,1.0,1.0,0.0,0.9300197642925115,0.9985295005090931
consensus_DB,3,BraTS-GLI-01226-000,TC,0.9043838322443397,0.8708882044555308,2.0,2.0907702751760278,2.0,0.0,0.0,0.8361548187693172,0.9999585371269128
consensus_DB,3,BraTS-GLI-01226-000,ET,0.8746778883661552,0.840323329250455,1.4142135623730951,1.4142135623730951,2.0,0.0,0.0,0.7949037469920935,0.9999407056565905
consensus_DB,3,BraTS-GLI-01265-000,WT,0.9403494118465929,0.9403575934223691,6.0,6.0,1.0,0.0,0.0,0.9283947223749313,0.9996969489250707
consensus_DB,3,BraTS-GLI-01265-000,TC,0.9725501741989303,0.9725501741989303,1.0,1.0,1.0,0.0,0.0,0.9672249551026783,0.9998740533157774
consensus_DB,3,BraTS-GLI-01265-000,ET,0.9326975181532459,0.9326975181532459,1.0,1.0,1.0,0.0,0.0,0.9236135333100802,0.9997614368855468
consensus_DB,3,BraTS-GLI-01241-000,WT,0.9042128124212573,0.9042128124212573,10.816653826391969,10.816653826391969,1.0,0.0,0.0,0.8519392231048672,0.9995106487337923
consensus_DB,3,BraTS-GLI-01241-000,TC,0.9519605421470745,0.8688568611107355,1.4142135623730951,1.9318516525781364,2.0,0.0,0.0,0.9596761237669891,0.999603079444794
consensus_DB,3,BraTS-GLI-01241-000,ET,0.8675599333671327,0.864323706749823,1.0,1.0,2.0,0.0,0.0,0.9357832567732258,0.9992032373205078
consensus_DB,3,BraTS-GLI-01300-000,WT,0.9296966347073705,0.9296966347073705,3.605551275463989,3.605551275463989,1.0,0.0,0.0,0.9657913915328725,0.9994297917112992
consensus_DB,3,BraTS-GLI-01300-000,TC,0.8665733725811899,0.4333912539820446,2.23606797749979,188.1180339887499,1.0,1.0,0.0,0.8894502228826151,0.9998150911004322
consensus_DB,3,BraTS-GLI-01300-000,ET,0.8735379386184144,0.4368781560921954,2.0,188.0,1.0,1.0,0.0,0.8944620739072576,0.9998319173387638
consensus_DB,3,BraTS-GLI-01246-000,WT,0.9763049434187016,0.9763049434187016,1.0,1.0,1.0,0.0,0.0,0.9873082260427106,0.9995856863237503
consensus_DB,3,BraTS-GLI-01246-000,TC,0.8602573807721423,0.8602573807721423,3.0,3.0,1.0,0.0,0.0,0.7660435017077116,0.9999440111114334
consensus_DB,3,BraTS-GLI-01246-000,ET,0.8670423611442762,0.8670423611442762,1.4142135623730951,1.4142135623730951,1.0,0.0,0.0,0.9787589627473179,0.9994192683701836
consensus_DB,3,BraTS-GLI-01247-000,WT,0.8202460190411998,0.8202632964718273,6.708203932499369,6.708203932499369,1.0,0.0,0.0,0.7512539547804614,0.9997655604610247
consensus_DB,3,BraTS-GLI-01247-000,TC,0.8912718204488778,0.8912718204488778,1.4142135623730951,1.4142135623730951,1.0,0.0,0.0,0.8620356970574047,0.9999831950227691
consensus_DB,3,BraTS-GLI-01247-000,ET,0.8098159509202454,0.8098159509202454,1.4142135623730951,1.4142135623730951,1.0,0.0,0.0,0.9573378839590444,0.9999465655661787
consensus_DB,3,BraTS-GLI-01293-000,WT,0.5435499932714305,0.5435587709665611,22.494443758403985,22.47220505424423,1.0,0.0,0.0,0.3898132349194339,0.9993447731136257
consensus_DB,3,BraTS-GLI-01293-000,TC,0.17325386262369075,0.17325386262369075,30.757112998459398,30.757112998459398,1.0,0.0,0.0,0.09560811530027888,0.9999141956795826
consensus_DB,3,BraTS-GLI-01293-000,ET,0.4211791497975709,0.4211791497975709,43.243496620879306,43.243496620879306,1.0,0.0,0.0,0.2835121785045137,0.9999173420060299
consensus_DB,3,BraTS-GLI-01284-000,WT,0.9461199487451949,0.47308658798819825,3.0,188.5,1.0,1.0,0.0,0.9264711283036884,0.9994036251648959
consensus_DB,3,BraTS-GLI-01284-000,TC,0.9489002644997133,0.9489002644997133,2.0,2.0,1.0,0.0,0.0,0.9290912134550432,0.9996645309262039
consensus_DB,3,BraTS-GLI-01284-000,ET,0.8989465309593702,0.8989465309593702,2.0,2.0,1.0,0.0,0.0,0.8792041749956399,0.9993527954773845
consensus_DB,3,BraTS-GLI-01255-000,WT,0.8036453091803645,0.8036902432205759,4.0,4.0,1.0,0.0,0.0,0.9566085451883403,0.9996428446115105
consensus_DB,3,BraTS-GLI-01255-000,TC,0.9375975039001561,0.9375975039001561,1.0,1.0,1.0,0.0,0.0,0.9709208400646203,0.999986109184943
consensus_DB,3,BraTS-GLI-01255-000,ET,0.9415915327322618,0.9415915327322618,1.0,1.0,1.0,0.0,0.0,0.970113085621971,0.9999874534573678
consensus_DB,3,BraTS-GLI-01281-000,WT,0.9721039722126196,0.9721039722126196,1.0,1.0,1.0,0.0,0.0,0.9554909778134466,0.9998180883962737
consensus_DB,3,BraTS-GLI-01281-000,TC,0.9443570892298103,0.9443570892298103,2.449489742783178,2.449489742783178,1.0,0.0,0.0,0.9455357776044252,0.9995465986715205
consensus_DB,3,BraTS-GLI-01281-000,ET,0.8686034571281875,0.8686034571281875,2.23606797749979,2.23606797749979,1.0,0.0,0.0,0.9000465518387977,0.9991247216980872
consensus_DB,3,BraTS-GLI-01266-000,WT,0.9137736934202959,0.9137736934202959,10.344080432788601,10.344080432788601,1.0,0.0,0.0,0.9680449056579314,0.9973493572453467
consensus_DB,3,BraTS-GLI-01266-000,TC,0.7736810456688926,0.8042338214214356,12.68857754044952,7.300735254367722,2.0,0.0,0.0,0.6427407056843877,0.9999599280860677
consensus_DB,3,BraTS-GLI-01266-000,ET,0.8515003192168547,0.8458011027955123,3.1622776601683795,2.1583123951777,2.0,0.0,0.0,0.7670424047235641,0.9999494108722204
consensus_DB,3,BraTS-GLI-01249-000,WT,0.9280651848994744,0.928177061986161,3.0,3.0,1.0,0.0,0.0,0.9220636137191033,0.9998476500383289
consensus_DB,3,BraTS-GLI-01249-000,TC,0.9334052720826268,0.9334052720826268,1.4142135623730951,1.4142135623730951,1.0,0.0,0.0,0.9030574198359433,0.9999519888183304
consensus_DB,3,BraTS-GLI-01249-000,ET,0.8229054683580592,0.8229054683580592,1.4142135623730951,1.4142135623730951,1.0,0.0,0.0,0.8789038579301899,0.9998116901837232
consensus_DB,3,BraTS-GLI-01263-000,WT,0.9362127505558332,0.8802531915591398,2.8284271247461903,3.6984531034139008,3.0,0.0,0.0,0.939304859069687,0.999561225996796
consensus_DB,3,BraTS-GLI-01263-000,TC,0.9017704733018269,0.8918209700121719,2.8284271247461903,2.9208096264818897,2.0,0.0,0.0,0.9057699937652327,0.9995909010455076
consensus_DB,3,BraTS-GLI-01263-000,ET,0.7409401926001014,0.7641963439006836,1.4142135623730951,1.2071067811865475,2.0,0.0,0.0,0.917758769520521,0.999200247396121
consensus_DB,3,BraTS-GLI-01307-000,WT,0.9879799303167783,0.9879799303167783,1.0,1.0,1.0,0.0,0.0,0.981081695261902,0.9999003654030288
consensus_DB,3,BraTS-GLI-01307-000,TC,0.9882452199888266,0.9882452199888266,1.0,1.0,1.0,0.0,0.0,0.984999659083161,0.9999582395364431
consensus_DB,3,BraTS-GLI-01307-000,ET,0.9791181280118084,0.9791181280118084,1.0,1.0,1.0,0.0,0.0,0.9722940736908663,0.9999461386591068
consensus_DB,3,BraTS-GLI-01333-000,WT,0.9641036312558526,0.9646054549240058,1.0,1.0,1.0,0.0,0.0,0.9592132505175983,0.9999834139661129
consensus_DB,3,BraTS-GLI-01333-000,TC,0.9665787159190853,0.9665787159190853,1.0,1.0,1.0,0.0,0.0,0.9900900900900901,0.9999927186287721
consensus_DB,3,BraTS-GLI-01333-000,ET,0.9698905109489051,0.9698905109489051,1.0,1.0,1.0,0.0,0.0,0.9815327793167128,0.999994847045178
consensus_DB,3,BraTS-GLI-01358-000,WT,0.9873561371112956,0.9873561371112956,1.0,1.0,1.0,0.0,0.0,0.9772753833967458,0.9999595394656611
consensus_DB,3,BraTS-GLI-01358-000,TC,0.9877887014100037,0.9877887014100037,1.0,1.0,1.0,0.0,0.0,0.9811740210165595,0.9999432987689721
consensus_DB,3,BraTS-GLI-01358-000,ET,0.9776647816375992,0.9776647816375992,0.0,0.0,1.0,0.0,0.0,0.9640882251866663,0.9999412228048297
consensus_DB,3,BraTS-GLI-01356-000,WT,0.9698921019166616,0.9698921019166616,1.7320508075688772,1.7320508075688772,1.0,0.0,0.0,0.9870582414982326,0.9992328636567053
consensus_DB,3,BraTS-GLI-01356-000,TC,0.9868676891083962,0.9868676891083962,1.0,1.0,1.0,0.0,0.0,0.9912066336654344,0.9998093350207863
consensus_DB,3,BraTS-GLI-01356-000,ET,0.9605514111199633,0.9605514111199633,1.0,1.0,1.0,0.0,0.0,0.9585843010649063,0.9998256905366728
consensus_DB,3,BraTS-GLI-01344-000,WT,0.9730447987851177,0.9730447987851177,1.0,1.0,1.0,0.0,0.0,0.9510204081632653,0.9999955142970567
consensus_DB,3,BraTS-GLI-01344-000,TC,0.9683330654235653,0.9683330654235653,1.0,1.0,1.0,0.0,0.0,0.9904636632686616,0.9999811763841157
consensus_DB,3,BraTS-GLI-01344-000,ET,0.9821633120602192,0.9821633120602192,0.0,0.0,1.0,0.0,0.0,0.9871710526315789,0.9999921568275936
consensus_DB,3,BraTS-GLI-01320-000,WT,0.9831720713061549,0.9831720713061549,1.0,1.0,1.0,0.0,0.0,0.9756019175660837,0.9997286141425031
consensus_DB,3,BraTS-GLI-01320-000,TC,0.9864798032919345,0.9864798032919345,1.0,1.0,1.0,0.0,0.0,0.982053949102004,0.9999269413198779
consensus_DB,3,BraTS-GLI-01320-000,ET,0.975841408673204,0.975841408673204,1.0,1.0,1.0,0.0,0.0,0.9645801991887724,0.9999269899217924
consensus_DB,3,BraTS-GLI-01336-000,WT,0.9816268193893114,0.9816268193893114,1.0,1.0,1.0,0.0,0.0,0.9715679609709281,0.9999552826508175
consensus_DB,3,BraTS-GLI-01336-000,TC,0.9735408791928332,0.9735408791928332,1.0,1.0,1.0,0.0,0.0,0.9560972758096574,0.9999845133383923
consensus_DB,3,BraTS-GLI-01336-000,ET,0.9481537546629183,0.9481537546629183,1.0,1.0,1.0,0.0,0.0,0.919086049680327,0.9999790322520965
consensus_DB,3,BraTS-GLI-01332-000,WT,0.9810881621470655,0.9810881621470655,1.0,1.0,1.0,0.0,0.0,0.9901081792070437,0.9997620148610254
consensus_DB,3,BraTS-GLI-01332-000,TC,0.9823645185805874,0.9823645185805874,1.0,1.0,1.0,0.0,0.0,0.9889747714521129,0.9999299074317555
consensus_DB,3,BraTS-GLI-01332-000,ET,0.968408203125,0.968408203125,1.0,1.0,1.0,0.0,0.0,0.9795525263001926,0.9999012096541069
consensus_DB,3,BraTS-GLI-01341-000,WT,0.6714448945673627,0.9777508702890874,25.69046515733026,0.0,1.0,0.0,0.0,0.9676646706586827,0.9996576900408531
consensus_DB,3,BraTS-GLI-01341-000,TC,0.9557466770914778,0.9557466770914778,1.0,1.0,1.0,0.0,0.0,0.9155182744158179,0.9999998879509386
consensus_DB,3,BraTS-GLI-01341-000,ET,0.9146953405017921,0.9146953405017921,1.0,1.0,1.0,0.0,0.0,0.8938704028021016,0.9999806165614116
consensus_DB,3,BraTS-GLI-01325-000,WT,0.9589712659676471,0.9589712659676471,2.0,2.0,1.0,0.0,0.0,0.9469986789758627,0.999582700592165
consensus_DB,3,BraTS-GLI-01325-000,TC,0.9174161247168837,0.9174161247168837,2.23606797749979,2.23606797749979,1.0,0.0,0.0,0.8632964403230631,0.9999155029476082
consensus_DB,3,BraTS-GLI-01325-000,ET,0.9295850522406045,0.9295850522406045,2.0,2.0,1.0,0.0,0.0,0.8828154450966665,0.999930827854487
consensus_DB,3,BraTS-GLI-01311-000,WT,0.9004205526139956,0.33263437671179225,30.886890422961002,134.47511360236794,2.0,0.0,1.0,0.8225566532278747,0.9999503993026007
consensus_DB,3,BraTS-GLI-01311-000,TC,0.9817036797997282,0.49192939815949116,2.23606797749979,187.5,1.0,0.0,1.0,0.9779834388699464,0.9999165227971059
consensus_DB,3,BraTS-GLI-01311-000,ET,0.9809352119484758,0.49157657794062726,1.0,187.5,1.0,0.0,1.0,0.971338532421166,0.9999486362878094
consensus_DB,3,BraTS-GLI-01322-000,WT,0.9663104965430547,0.4886063880502145,10.816653826391969,187.5,1.0,0.0,1.0,0.9418611774796299,0.9999861978839673
consensus_DB,3,BraTS-GLI-01322-000,TC,0.9308537963628891,0.48304542546385154,22.315913604421397,187.5,1.0,0.0,1.0,0.8835576360444705,0.9999914825639679
consensus_DB,3,BraTS-GLI-01322-000,ET,0.8933766077653564,0.4613856468835361,21.840329667841555,187.70710678118655,1.0,0.0,1.0,0.8641860465116279,0.9999660454744108
consensus_DB,3,BraTS-GLI-01374-000,WT,0.9885308960016939,0.9885308960016939,1.0,1.0,1.0,0.0,0.0,0.9971593133939441,0.999675563391397
consensus_DB,3,BraTS-GLI-01374-000,TC,0.9931690368930896,0.9931690368930896,0.0,0.0,1.0,0.0,0.0,0.9890048671787955,0.9999799092258189
consensus_DB,3,BraTS-GLI-01374-000,ET,0.984342558905884,0.984342558905884,0.0,0.0,1.0,0.0,0.0,0.9732748229621817,0.9999746476130896
consensus_DB,3,BraTS-GLI-01389-000,WT,0.9761840918509129,0.9762316862095024,1.0,1.0,1.0,0.0,0.0,0.9694959570038251,0.9999610433948515
consensus_DB,3,BraTS-GLI-01389-000,TC,0.9911432518079142,0.9911432518079142,0.0,0.0,1.0,0.0,0.0,0.9918685965197593,0.9999933870224912
consensus_DB,3,BraTS-GLI-01389-000,ET,0.9828009828009828,0.9828009828009828,0.0,0.0,1.0,0.0,0.0,0.9841198836949229,0.9999906987470988
consensus_DB,3,BraTS-GLI-01407-000,WT,0.9188351338656646,0.48681067091379654,23.874672772626646,187.5,1.0,1.0,0.0,0.9602395444728058,0.9998516452574588
consensus_DB,3,BraTS-GLI-01407-000,TC,0.9849397590361446,0.9849397590361446,0.0,0.0,1.0,0.0,0.0,0.9808773903262092,0.99999349970065
consensus_DB,3,BraTS-GLI-01407-000,ET,0.9761011681491801,0.9761011681491801,0.0,0.0,1.0,0.0,0.0,0.9631979695431472,0.9999945087407399
consensus_DB,3,BraTS-GLI-01375-000,WT,0.9673599075678798,0.9673599075678798,2.0,2.0,1.0,0.0,0.0,0.9739167393687225,0.9998005245124643
consensus_DB,3,BraTS-GLI-01375-000,TC,0.6884970612930311,0.32500990883868414,48.373546489791295,249.33333333333334,1.0,2.0,0.0,0.9658421672555948,0.9998402473947218
consensus_DB,3,BraTS-GLI-01375-000,ET,0.8730204434206738,0.24055855284036815,48.47679857416329,280.5,1.0,3.0,0.0,0.9410304158907511,0.9999612385254553
consensus_DB,3,BraTS-GLI-01397-000,WT,0.9640389375692873,0.32147568587235875,2.0,250.0,1.0,2.0,0.0,0.9921541659503306,0.9995223384612191
consensus_DB,3,BraTS-GLI-01397-000,TC,0.9677708576826398,0.9677708576826398,1.4142135623730951,1.4142135623730951,1.0,0.0,0.0,0.9528058007566205,0.9999419982284731
consensus_DB,3,BraTS-GLI-01397-000,ET,0.9572223044553932,0.9572223044553932,1.0,1.0,1.0,0.0,0.0,0.9475050234427328,0.9999136354080003
consensus_DB,3,BraTS-GLI-01395-000,WT,0.9775973603091217,0.9775973603091217,1.0,1.0,1.0,0.0,0.0,0.9854266958424508,0.9999215060947878
consensus_DB,3,BraTS-GLI-01395-000,TC,0.7867975022301517,0.7867975022301517,4.47213595499958,4.47213595499958,1.0,0.0,0.0,0.6991676575505351,0.999977928350496
consensus_DB,3,BraTS-GLI-01395-000,ET,0.7607100591715976,0.7607100591715976,4.58257569495584,4.58257569495584,1.0,0.0,0.0,0.6369401506143479,0.9999893563111529
consensus_DB,3,BraTS-GLI-01396-000,WT,0.9880445222228115,0.9880445222228115,1.0,1.0,1.0,0.0,0.0,0.9981071653908882,0.9997885571900222
consensus_DB,3,BraTS-GLI-01396-000,TC,0.9416262837327168,0.9416262837327168,2.8284271247461903,2.8284271247461903,1.0,0.0,0.0,0.9303347096547483,0.9999416819181535
consensus_DB,3,BraTS-GLI-01396-000,ET,0.9497770021330231,0.9497770021330231,1.4142135623730951,1.4142135623730951,1.0,0.0,0.0,0.9377153797064455,0.9999676014961607
consensus_DB,3,BraTS-GLI-01378-000,WT,0.9844829200908431,0.9844829200908431,1.0,1.0,1.0,0.0,0.0,0.9760673642182721,0.9998654588111515
consensus_DB,3,BraTS-GLI-01378-000,TC,0.9897899203645997,0.9897899203645997,1.0,1.0,1.0,0.0,0.0,0.9851967620421576,0.999921733272901
consensus_DB,3,BraTS-GLI-01378-000,ET,0.9414152453065845,0.9414152453065845,1.0,1.0,1.0,0.0,0.0,0.8994965504381875,0.9999308119900342
consensus_DB,3,BraTS-GLI-01390-000,WT,0.9806330255859037,0.9806330255859037,1.0,1.0,1.0,0.0,0.0,0.9690084212123511,0.9999567337398859
consensus_DB,3,BraTS-GLI-01390-000,TC,0.9797127468581688,0.9797127468581688,1.0,1.0,1.0,0.0,0.0,0.9686265808741957,0.9999778787519799
consensus_DB,3,BraTS-GLI-01390-000,ET,0.9633425034387896,0.9633425034387896,1.0,1.0,1.0,0.0,0.0,0.9581366714549558,0.9999490653434426
consensus_DB,3,BraTS-GLI-01377-000,WT,0.9704311980937192,0.3242481891255607,1.0,249.66666666666666,1.0,2.0,0.0,0.9547902845450125,0.9998396647064713
consensus_DB,3,BraTS-GLI-01377-000,TC,0.9868400863951279,0.49347084312313305,1.0,187.5,1.0,1.0,0.0,0.9788569154042474,0.9999520502043407
consensus_DB,3,BraTS-GLI-01377-000,ET,0.9838426913053778,0.4919688827533905,1.0,187.5,1.0,1.0,0.0,0.9750645691476872,0.9999316959974307
consensus_DB,3,BraTS-GLI-01385-000,WT,0.980202354314622,0.980202354314622,1.0,1.0,1.0,0.0,0.0,0.9638530342268717,0.9999535394987709
consensus_DB,3,BraTS-GLI-01385-000,TC,0.9898533219913619,0.9898533219913619,1.0,1.0,1.0,0.0,0.0,0.9911342845311147,0.9998620454812357
consensus_DB,3,BraTS-GLI-01385-000,ET,0.9782474846616879,0.9782474846616879,0.0,0.0,1.0,0.0,0.0,0.9620453347390617,0.9999617286934661
consensus_DB,3,BraTS-GLI-01387-000,WT,0.9060196809528503,0.9060196809528503,5.0990195135927845,5.0990195135927845,1.0,0.0,0.0,0.8464197102831078,0.9997700239584785
consensus_DB,3,BraTS-GLI-01387-000,TC,0.9610446137105549,0.9584458317896116,1.0,0.5,2.0,0.0,0.0,0.981042654028436,0.9999541543963356
consensus_DB,3,BraTS-GLI-01387-000,ET,0.9355513307984791,0.918489906854304,1.4142135623730951,1.0,2.0,0.0,0.0,0.9201570680628273,0.9999718693500542
consensus_DB,3,BraTS-GLI-01451-000,WT,0.774837585168753,0.774837585168753,4.358898943540674,4.358898943540674,1.0,0.0,0.0,0.6408912188728703,0.9999713770179904
consensus_DB,3,BraTS-GLI-01451-000,TC,0.9426943699731903,0.9426943699731903,1.7320508075688772,1.7320508075688772,1.0,0.0,0.0,0.9056664520283323,0.9999835177439895
consensus_DB,3,BraTS-GLI-01451-000,ET,0.9282136894824707,0.9282136894824707,1.4142135623730951,1.4142135623730951,1.0,0.0,0.0,0.8787536689997743,0.9999854246069857
consensus_DB,3,BraTS-GLI-01409-000,WT,0.9525785641528652,0.3176899849018621,1.7320508075688772,249.80473785412437,1.0,2.0,0.0,0.9787833367789952,0.9996681404978387
consensus_DB,3,BraTS-GLI-01409-000,TC,0.9760981682375955,0.6479856034438236,1.0,125.33333333333333,2.0,0.0,1.0,0.9763759917458285,0.9999235945870361
consensus_DB,3,BraTS-GLI-01409-000,ET,0.9725369769295057,0.6452086207982298,1.0,125.33333333333333,2.0,0.0,1.0,0.971687121329812,0.9999231655091319
consensus_DB,3,BraTS-GLI-01411-000,WT,0.8817488016566921,0.8817488016566921,4.358898943540674,4.358898943540674,1.0,0.0,0.0,0.9870663420572124,0.9968088567100213
consensus_DB,3,BraTS-GLI-01411-000,TC,0.9671979555465886,0.9671979555465886,1.0,1.0,1.0,0.0,0.0,0.9804513072229608,0.9996893788772676
consensus_DB,3,BraTS-GLI-01411-000,ET,0.8959374256483464,0.8959374256483464,1.0,1.0,1.0,0.0,0.0,0.9568048276957282,0.9993662687018456
consensus_DB,3,BraTS-GLI-01479-000,WT,0.8837050061220107,0.883815272115259,8.774964387392123,8.602325267042627,1.0,0.0,0.0,0.8004583418746813,0.9997574890283527
consensus_DB,3,BraTS-GLI-01479-000,TC,0.7117892870710396,0.7117892870710396,14.317821063276353,14.317821063276353,1.0,0.0,0.0,0.5533569600315023,0.9999691257651665
consensus_DB,3,BraTS-GLI-01479-000,ET,0.835973538804684,0.41799471526426846,6.082762530298219,190.0413812651491,1.0,1.0,0.0,0.7366604873472852,0.9997392077845288
consensus_DB,3,BraTS-GLI-01452-000,WT,0.9243364227666702,0.9243364227666702,1.4142135623730951,1.4142135623730951,1.0,0.0,0.0,0.9890063968626442,0.9994722875665218
consensus_DB,3,BraTS-GLI-01452-000,TC,0.8997364500973989,0.8997364500973989,1.0,1.0,1.0,0.0,0.0,0.820995399414471,0.9999978707233198
consensus_DB,3,BraTS-GLI-01452-000,ET,0.8830423940149625,0.8830423940149625,1.0,1.0,1.0,0.0,0.0,0.7977021851768417,0.9999955174845557
consensus_DB,3,BraTS-GLI-01444-000,WT,0.940019898022634,0.940019898022634,1.7320508075688772,1.7320508075688772,1.0,0.0,0.0,0.8988447382972524,0.9997398346288899
consensus_DB,3,BraTS-GLI-01444-000,TC,0.9573400945537484,0.9573400945537484,1.4142135623730951,1.4142135623730951,1.0,0.0,0.0,0.9580932541441362,0.999779125589505
consensus_DB,3,BraTS-GLI-01444-000,ET,0.9474414659847336,0.9474414659847336,1.0,1.0,1.0,0.0,0.0,0.949124613800206,0.9997621822534413
consensus_DB,3,BraTS-GLI-01417-000,WT,0.8713284428736895,0.8713284428736895,3.0,3.0,1.0,0.0,0.0,0.9605795203405091,0.9983171148026118
consensus_DB,3,BraTS-GLI-01417-000,TC,0.9413436937363783,0.9413436937363783,1.0,1.0,1.0,0.0,0.0,0.9482264900156542,0.9998046464488285
consensus_DB,3,BraTS-GLI-01417-000,ET,0.8951991283271442,0.8951991283271442,1.4142135623730951,1.4142135623730951,1.0,0.0,0.0,0.9285879042302901,0.9996446344916976
consensus_DB,3,BraTS-GLI-01458-000,WT,0.9583933333901381,0.9583933333901381,11.180339887498949,11.180339887498949,1.0,0.0,0.0,0.9317880575253495,0.9999136185440011
consensus_DB,3,BraTS-GLI-01458-000,TC,0.9052469775896353,0.9052469775896353,2.8284271247461903,2.8284271247461903,1.0,0.0,0.0,0.949070166014376,0.9993502013239648
consensus_DB,3,BraTS-GLI-01458-000,ET,0.7757618748806373,0.3879021036260948,2.0,188.0,1.0,1.0,0.0,0.8315493946306369,0.9994008463564242
consensus_DB,3,BraTS-GLI-01471-000,WT,0.9662180265678406,0.9662180265678406,2.449489742783178,2.449489742783178,1.0,0.0,0.0,0.9616740022230973,0.9993351955953786
consensus_DB,3,BraTS-GLI-01471-000,TC,0.9677592646281358,0.9677592646281358,1.4142135623730951,1.4142135623730951,1.0,0.0,0.0,0.9691641617707337,0.9995515779552954
consensus_DB,3,BraTS-GLI-01471-000,ET,0.9188317227900916,0.9188317227900916,1.0,1.0,1.0,0.0,0.0,0.910065753087937,0.9994796290337212
consensus_DB,3,BraTS-GLI-01427-000,WT,0.9295075486521515,0.9295075486521515,2.0,2.0,1.0,0.0,0.0,0.9207121826455047,0.9993101945853957
consensus_DB,3,BraTS-GLI-01427-000,TC,0.9554939925923696,0.9554939925923696,1.4142135623730951,1.4142135623730951,1.0,0.0,0.0,0.9439255116611137,0.9998795869393541
consensus_DB,3,BraTS-GLI-01427-000,ET,0.8900877756369086,0.8900877756369086,1.0,1.0,1.0,0.0,0.0,0.8965368525466857,0.9996928627249106
consensus_DB,3,BraTS-GLI-01419-000,WT,0.9391820855317026,0.9391820855317026,3.0,3.0,1.0,0.0,0.0,0.921953771520974,0.999002493765586
consensus_DB,3,BraTS-GLI-01419-000,TC,0.7812465334453196,0.7812465334453196,11.224972160321824,11.224972160321824,1.0,0.0,0.0,0.6432373894209441,0.9999700610911908
consensus_DB,3,BraTS-GLI-01419-000,ET,0.9187317336738954,0.9187317336738954,2.23606797749979,2.23606797749979,1.0,0.0,0.0,0.8829721946844168,0.9998131815917694
consensus_DB,3,BraTS-GLI-01466-000,WT,0.969119129207821,0.969119129207821,1.0,1.0,1.0,0.0,0.0,0.9743565493481051,0.9993854193123667
consensus_DB,3,BraTS-GLI-01466-000,TC,0.9577543967945149,0.9577543967945149,1.4142135623730951,1.4142135623730951,1.0,0.0,0.0,0.9268737598941776,0.9999083114846771
consensus_DB,3,BraTS-GLI-01466-000,ET,0.9166173538595996,0.9166173538595996,1.0,1.0,1.0,0.0,0.0,0.8617844426184607,0.9998776718276754
consensus_DB,3,BraTS-GLI-01480-000,WT,0.804086197399389,0.804086197399389,6.324555320336759,6.324555320336759,1.0,0.0,0.0,0.6941210374639769,0.9998737251638874
consensus_DB,3,BraTS-GLI-01480-000,TC,0.023652613523517198,0.023652613523517198,23.53720459187964,23.53720459187964,1.0,0.0,0.0,0.01240882826560576,0.9999563776297757
consensus_DB,3,BraTS-GLI-01480-000,ET,0.0,0.0,374.0,374.0,0.0,1.0,0.0,0.0,0.9999974238351255
consensus_DB,3,BraTS-GLI-01517-000,WT,0.9190903773209429,0.3063662303646504,4.123105625617661,250.70770187520588,1.0,2.0,0.0,0.961340742656381,0.9976389654962831
consensus_DB,3,BraTS-GLI-01517-000,TC,0.7649254841300532,0.38368683741299175,14.142135623730951,193.57647321898295,1.0,0.0,1.0,0.7872187356497781,0.9980018436881888
consensus_DB,3,BraTS-GLI-01517-000,ET,0.0,0.0,374.0,374.0,0.0,17.0,0.0,0.0,0.9999047939068101
consensus_DB,3,BraTS-GLI-01534-000,WT,0.9034407519301779,0.9034407519301779,4.0,4.0,1.0,0.0,0.0,0.8552792563756256,0.9997295000093062
consensus_DB,3,BraTS-GLI-01534-000,TC,0.8026950925181013,0.8026950925181013,8.48528137423857,8.48528137423857,1.0,0.0,0.0,0.6973919881176008,0.9997926193660187
consensus_DB,3,BraTS-GLI-01534-000,ET,0.0,0.0,374.0,374.0,0.0,6.0,0.0,0.0,0.999964829749104
consensus_DB,3,BraTS-GLI-01493-000,WT,0.923407415265475,0.923407415265475,4.123105625617661,4.123105625617661,1.0,0.0,0.0,0.9043518915338762,0.999526946054338
consensus_DB,3,BraTS-GLI-01493-000,TC,0.7835274993226767,0.3918050307838208,7.874007874011811,190.9370039370059,1.0,1.0,0.0,0.7005059748089137,0.9996340055004902
consensus_DB,3,BraTS-GLI-01493-000,ET,0.8973437809397188,0.8973437809397188,1.4142135623730951,1.4142135623730951,1.0,0.0,0.0,0.8675272110703932,0.9998645299283917
consensus_DB,3,BraTS-GLI-01494-000,WT,0.963753101981329,0.963753101981329,4.123105625617661,4.123105625617661,1.0,0.0,0.0,0.9579946436122727,0.9993410369173851
consensus_DB,3,BraTS-GLI-01494-000,TC,0.63312899986511,0.21107779943037028,9.899494936611665,252.63316497887055,1.0,2.0,0.0,0.9995031232254401,0.9944928591171288
consensus_DB,3,BraTS-GLI-01494-000,ET,0.0,0.0,374.0,374.0,0.0,14.0,0.0,0.0,0.9999133064516129
consensus_DB,3,BraTS-GLI-01536-000,WT,0.8682374690432174,0.8682450403313713,3.0,3.0,1.0,0.0,0.0,0.9984957278671427,0.9983065150343394
consensus_DB,3,BraTS-GLI-01536-000,TC,0.5542366391335266,0.5542366391335266,9.219544457292887,9.219544457292887,1.0,0.0,0.0,0.47003154574132494,0.999726708609475
consensus_DB,3,BraTS-GLI-01536-000,ET,0.799442119944212,0.799442119944212,1.7320508075688772,1.7320508075688772,1.0,0.0,0.0,0.6846631629240325,0.9999933900274784
consensus_DB,3,BraTS-GLI-01524-000,WT,0.9529317254816676,0.9529317254816676,5.385164807134504,5.385164807134504,1.0,0.0,0.0,0.9175940646528882,0.9998905913808253
consensus_DB,3,BraTS-GLI-01524-000,TC,0.9299266562462426,0.9299266562462426,4.242640687119285,4.242640687119285,1.0,0.0,0.0,0.9251103429302776,0.9993900092906277
consensus_DB,3,BraTS-GLI-01524-000,ET,0.0,0.0,374.0,374.0,0.0,25.0,0.0,0.0,0.9999167786738351
consensus_DB,3,BraTS-GLI-01510-000,WT,0.9450603557173471,0.9450603557173471,5.385164807134504,5.385164807134504,1.0,0.0,0.0,0.9335278781065371,0.9994006302016716
consensus_DB,3,BraTS-GLI-01510-000,TC,0.8830259721319952,0.8830259721319952,3.1622776601683795,3.1622776601683795,1.0,0.0,0.0,0.9298728133245843,0.9985746986943752
consensus_DB,3,BraTS-GLI-01510-000,ET,0.0,0.0,374.0,374.0,0.0,52.0,0.0,0.0,0.9999311155913978
consensus_DB,3,BraTS-GLI-01525-000,WT,0.8389439350113853,0.8389439350113853,14.352700094407323,14.352700094407323,1.0,0.0,0.0,0.7276997811348956,0.9999700805373446
consensus_DB,3,BraTS-GLI-01525-000,TC,0.804175460612629,0.804175460612629,3.7416573867739413,3.7416573867739413,1.0,0.0,0.0,0.6823814133591481,0.9999829551889675
consensus_DB,3,BraTS-GLI-01525-000,ET,0.8558799892847576,0.8558799892847576,4.47213595499958,4.47213595499958,1.0,0.0,0.0,0.7645369705671213,0.9999793713693891
consensus_DB,3,BraTS-GLI-01527-000,WT,0.972394160500659,0.972394160500659,1.0,1.0,1.0,0.0,0.0,0.9736995441406652,0.9997130244049159
consensus_DB,3,BraTS-GLI-01527-000,TC,0.9459516162871391,0.9459516162871391,2.0,2.0,1.0,0.0,0.0,0.9435608499678042,0.9996399680573164
consensus_DB,3,BraTS-GLI-01527-000,ET,0.4077669902912621,0.1037037037037037,18.681541692269406,281.6180339887499,1.0,3.0,0.0,0.35294117647058826,0.9999949596102368
consensus_DB,3,BraTS-GLI-01498-000,WT,0.8833102605131156,0.8833277298233186,6.48074069840786,6.557438524302,1.0,0.0,0.0,0.8241315105258744,0.998553637488159
consensus_DB,3,BraTS-GLI-01498-000,TC,0.6511473413236637,0.2872086478108526,21.72556098240043,193.17290955845542,2.0,2.0,0.0,0.4924512028671194,0.9997273112331311
consensus_DB,3,BraTS-GLI-01498-000,ET,0.8661135161135162,0.3347713046997737,13.74772708486752,227.2907248094147,2.0,3.0,0.0,0.916338006666497,0.9991173061434525
consensus_DB,3,BraTS-GLI-01512-000,WT,0.9227737476437996,0.9227836306580652,13.892443989449804,13.856406460551018,1.0,0.0,0.0,0.8745018168039137,0.9996486417812416
consensus_DB,3,BraTS-GLI-01512-000,TC,0.9037784498173842,0.903783028043443,4.69041575982343,4.69041575982343,1.0,0.0,0.0,0.9469454912159652,0.9984155167739347
consensus_DB,3,BraTS-GLI-01512-000,ET,0.024844720496894408,0.0,19.87460691435179,374.0,0.0,13.0,0.0,0.0625,0.9999857750386202
