config,seed,patient_id,region,legacy_dice,lw_dice,legacy_hd95,lw_hd95,num_tp,num_fp,num_fn,sensitivity,specificity
baseline,1,BraTS-GLI-00026-000,WT,0.9126256784411424,0.9126256784411424,4.123105625617661,4.123105625617661,1.0,0.0,0.0,0.8600536642629549,0.9998001455211595
baseline,1,BraTS-GLI-00026-000,TC,0.9491361458349079,0.9491361458349079,1.0,1.0,1.0,0.0,0.0,0.9342101347933466,0.9998702553395156
baseline,1,BraTS-GLI-00026-000,ET,0.9327916802079949,0.9327916802079949,1.0,1.0,1.0,0.0,0.0,0.926707994317448,0.999790267041983
baseline,1,BraTS-GLI-00036-001,WT,0.981992065458543,0.981992065458543,1.0,1.0,1.0,0.0,0.0,0.975273093437272,0.9997769456152958
baseline,1,BraTS-GLI-00036-001,TC,0.9759467437040759,0.9759467437040759,2.23606797749979,2.23606797749979,1.0,0.0,0.0,0.9824095585794889,0.999779914260191
baseline,1,BraTS-GLI-00036-001,ET,0.9639582339534637,0.9639582339534637,1.0,1.0,1.0,0.0,0.0,0.9643927141607233,0.9998451117922793
baseline,1,BraTS-GLI-00017-001,WT,0.9674462281447033,0.48390343552427534,1.0,187.5,1.0,1.0,0.0,0.978324766742535,0.9996693620617454
baseline,1,BraTS-GLI-00017-001,TC,0.0,0.0,374.0,374.0,0.0,1.0,0.0,0.0,0.998531474014337
baseline,1,BraTS-GLI-00017-001,ET,1.0,1.0,0.0,0.0,0.0,0.0,0.0,1.0,1.0
baseline,1,BraTS-GLI-00000-000,WT,0.9591295023467576,0.4796111213663493,2.23606797749979,188.1180339887499,1.0,1.0,0.0,0.9521333216996771,0.9997850224813276
baseline,1,BraTS-GLI-00000-000,TC,0.9786261236266786,0.9786261236266786,1.0,1.0,1.0,0.0,0.0,0.9915221839933437,0.9998256323977481
baseline,1,BraTS-GLI-00000-000,ET,0.9526352278258817,0.9526352278258817,1.0,1.0,1.0,0.0,0.0,0.9865570865540313,0.9996884860930007
baseline,1,BraTS-GLI-00045-001,WT,0.9714905344960014,0.9715124816446402,1.0,1.0,1.0,0.0,0.0,0.9496091507309102,0.9999864126727317
baseline,1,BraTS-GLI-00045-001,TC,0.9822866344605475,0.9822866344605475,1.0,1.0,1.0,0.0,0.0,0.9910319729659475,0.9999769066218132
baseline,1,BraTS-GLI-00045-001,ET,0.9666522304027718,0.9666522304027718,1.0,1.0,1.0,0.0,0.0,0.9917061611374408,0.999954490672157
baseline,1,BraTS-GLI-00059-001,WT,0.9665789299064387,0.9665789299064387,1.0,1.0,1.0,0.0,0.0,0.9671565155807366,0.9998268567085032
baseline,1,BraTS-GLI-00059-001,TC,0.9789847161572053,0.9790114359016349,1.0,1.0,1.0,0.0,0.0,0.9673678532901834,0.999981480359079
baseline,1,BraTS-GLI-00059-001,ET,0.964176245210728,0.9642070308758262,1.0,1.0,1.0,0.0,0.0,0.9488468547728273,0.9999654401937503
baseline,1,BraTS-GLI-00054-000,WT,0.9411184177400026,0.9411184177400026,2.8284271247461903,2.8284271247461903,1.0,0.0,0.0,0.9300201023028084,0.9994718784926311
baseline,1,BraTS-GLI-00054-000,TC,0.9113309957250588,0.9113309957250588,3.7416573867739413,3.7416573867739413,1.0,0.0,0.0,0.8483534172460819,0.9998640047193305
baseline,1,BraTS-GLI-00054-000,ET,0.7823164334109864,0.7823164334109864,2.449489742783178,2.449489742783178,1.0,0.0,0.0,0.7878364583892978,0.9985758824710237
baseline,1,BraTS-GLI-00066-000,WT,0.9798192301698613,0.9798192301698613,1.0,1.0,1.0,0.0,0.0,0.9744536860050628,0.9999364403395278
baseline,1,BraTS-GLI-00066-000,TC,0.9810531993796777,0.9810531993796777,1.0,1.0,1.0,0.0,0.0,0.9653662420382165,0.9999977579641597
baseline,1,BraTS-GLI-00066-000,ET,0.9464351680827484,0.9464351680827484,1.0,1.0,1.0,0.0,0.0,0.9045013239187997,0.9999956289469069
baseline,1,BraTS-GLI-00032-000,WT,0.9672321716311404,0.9672321716311404,1.4142135623730951,1.4142135623730951,1.0,0.0,0.0,0.9509352404014801,0.9998463736082982
baseline,1,BraTS-GLI-00032-000,TC,0.9636266050121796,0.9636266050121796,1.0,1.0,1.0,0.0,0.0,0.9660596026490066,0.9999471731464616
baseline,1,BraTS-GLI-00032-000,ET,0.9376316053344029,0.9376316053344029,1.0,1.0,1.0,0.0,0.0,0.9356613968381029,0.9999326082534593
baseline,1,BraTS-GLI-00014-001,WT,0.9425871409175841,0.4713442587688047,3.4641016151377544,188.73205080756887,1.0,1.0,0.0,0.9082901554404145,0.9999177672283843
baseline,1,BraTS-GLI-00014-001,TC,0.05510907003444317,0.055127530267502514,14.45683229480096,14.352700094407323,1.0,0.0,0.0,0.02833530106257379,1.0
baseline,1,BraTS-GLI-00014-001,ET,0.021331515121998733,0.021338789827535808,14.866068747318506,14.798648586948742,1.0,0.0,0.0,0.010780742345180663,1.0
baseline,1,BraTS-GLI-00043-000,WT,0.9823116650391116,0.9823116650391116,1.0,1.0,1.0,0.0,0.0,0.9884014222186205,0.9997316882314653
baseline,1,BraTS-GLI-00043-000,TC,0.8112142835816439,0.1624757063836149,6.082762530298219,300.41655250605965,1.0,4.0,0.0,0.7329376854599406,0.999845894225972
baseline,1,BraTS-GLI-00043-000,ET,0.41259378725194584,0.412651658601585,11.916375287812984,11.916375287812984,1.0,0.0,0.0,0.2613020694555467,0.9999932710841326
baseline,1,BraTS-GLI-00030-000,WT,0.9319454912105596,0.18650838945325876,5.0990195135927845,300.3489125293076,1.0,3.0,1.0,0.9693548933862165,0.9985143026041758
baseline,1,BraTS-GLI-00030-000,TC,0.9479237116190992,0.9480402887607148,2.0,2.0,1.0,0.0,0.0,0.9781748045883667,0.9996202999888847
baseline,1,BraTS-GLI-00030-000,ET,0.9006053707248927,0.9007607251901812,1.7320508075688772,1.7320508075688772,1.0,0.0,0.0,0.9604193489056465,0.9994734190071358
baseline,1,BraTS-GLI-00095-001,WT,0.9868241613863526,0.9868241613863526,1.0,1.0,1.0,0.0,0.0,0.9794047982569799,0.999844916829598
baseline,1,BraTS-GLI-00095-001,TC,0.9885077265152935,0.9885077265152935,1.0,1.0,1.0,0.0,0.0,0.9819971219546557,0.9999456314101841
baseline,1,BraTS-GLI-00095-001,ET,0.9620913814394557,0.9620913814394557,1.0,1.0,1.0,0.0,0.0,0.9372191202505787,0.9999450694297644
baseline,1,BraTS-GLI-00072-000,WT,0.9407804678045458,0.47160028906907825,12.529964086141668,193.36396103067892,1.0,1.0,0.0,0.957335702076688,0.9993466007823397
baseline,1,BraTS-GLI-00072-000,TC,0.9781477415945034,0.9781477415945034,1.0,1.0,1.0,0.0,0.0,0.9668856873028312,0.9999434572172188
baseline,1,BraTS-GLI-00072-000,ET,0.9432485322896281,0.9432485322896281,1.0,1.0,1.0,0.0,0.0,0.9374345471410191,0.99981123333662
baseline,1,BraTS-GLI-00113-000,WT,0.8340300760610811,0.8340300760610811,7.0710678118654755,7.0710678118654755,1.0,0.0,0.0,0.7498303492196065,0.9997920061518484
baseline,1,BraTS-GLI-00113-000,TC,0.8615384615384616,0.8615384615384616,1.4142135623730951,1.4142135623730951,1.0,0.0,0.0,0.793743890518084,0.9999887967157348
baseline,1,BraTS-GLI-00113-000,ET,0.7989347536617842,0.7989347536617842,1.7320508075688772,1.7320508075688772,1.0,0.0,0.0,0.7220216606498195,0.9999840920207145
baseline,1,BraTS-GLI-00077-000,WT,0.9619255387021753,0.32071692814678915,3.1622776601683795,250.33333333333334,1.0,2.0,0.0,0.9479662099808334,0.9994802298350823
baseline,1,BraTS-GLI-00077-000,TC,0.9836258027211481,0.9836258027211481,1.0,1.0,1.0,0.0,0.0,0.9756169621133125,0.9999474660840588
baseline,1,BraTS-GLI-00077-000,ET,0.9658699795686098,0.9658699795686098,1.0,1.0,1.0,0.0,0.0,0.9540049299780589,0.9999110344600315
baseline,1,BraTS-GLI-00097-000,WT,0.9649408787893533,0.9649408787893533,2.0,2.0,1.0,0.0,0.0,0.9461342112168706,0.9999297778176904
baseline,1,BraTS-GLI-00097-000,TC,0.9763403238538177,0.9763403238538177,1.0,1.0,1.0,0.0,0.0,0.9835375026864388,0.9999184703419024
baseline,1,BraTS-GLI-00097-000,ET,0.9492392196477051,0.9492392196477051,1.0,1.0,1.0,0.0,0.0,0.9593542623787646,0.9998910497908067
baseline,1,BraTS-GLI-00110-000,WT,0.9728256425631661,0.9728256425631661,1.0,1.0,1.0,0.0,0.0,0.9833590478289619,0.9996067785716387
baseline,1,BraTS-GLI-00110-000,TC,0.9715440529352326,0.9715440529352326,1.0,1.0,1.0,0.0,0.0,0.9514172625127681,0.99998743314884
baseline,1,BraTS-GLI-00110-000,ET,0.9812002408510069,0.9812002408510069,1.0,1.0,1.0,0.0,0.0,0.9719019218025182,0.999984516841301
baseline,1,BraTS-GLI-00111-000,WT,0.8986718332093885,0.8986718332093885,3.3166247903554,3.3166247903554,1.0,0.0,0.0,0.8163808327308499,0.9999907526371538
baseline,1,BraTS-GLI-00111-000,TC,0.8251735336216582,0.8252370397734269,7.3484692283495345,7.280109889280518,1.0,0.0,0.0,0.714777090443686,0.999925538462646
baseline,1,BraTS-GLI-00111-000,ET,0.5663686184020768,0.2834295612009238,8.54400374531753,191.55521678957214,1.0,1.0,0.0,0.8321749449059163,0.9992684458514872
baseline,1,BraTS-GLI-00088-000,WT,0.9701936203038797,0.48510268785718613,2.0,188.0,1.0,1.0,0.0,0.9589923749451076,0.9997450798074012
baseline,1,BraTS-GLI-00088-000,TC,0.9777604115789131,0.9777604115789131,1.0,1.0,1.0,0.0,0.0,0.9709472458894476,0.9998945426914306
baseline,1,BraTS-GLI-00088-000,ET,0.9433402469678447,0.9433402469678447,1.0,1.0,1.0,0.0,0.0,0.9345471369475289,0.9998065515153315
baseline,1,BraTS-GLI-00090-000,WT,0.9631020826684942,0.9631020826684942,1.4142135623730951,1.4142135623730951,1.0,0.0,0.0,0.942776668203001,0.9998339819475186
baseline,1,BraTS-GLI-00090-000,TC,0.9568890814558059,0.9568890814558059,1.0,1.0,1.0,0.0,0.0,0.9753781605388098,0.9999357547189168
baseline,1,BraTS-GLI-00090-000,ET,0.9378159757330637,0.9378159757330637,1.0,1.0,1.0,0.0,0.0,0.9483640081799591,0.9999349788614036
baseline,1,BraTS-GLI-00098-001,WT,0.981569368142843,0.981569368142843,1.0,1.0,1.0,0.0,0.0,0.9755924020074963,0.9997805164760866
baseline,1,BraTS-GLI-00098-001,TC,0.9784140663006463,0.9784140663006463,1.4142135623730951,1.4142135623730951,1.0,0.0,0.0,0.9713796815058097,0.9998834627025316
baseline,1,BraTS-GLI-00098-001,ET,0.979756124563096,0.979756124563096,1.0,1.0,1.0,0.0,0.0,0.9812925708854744,0.9998444421632805
baseline,1,BraTS-GLI-00094-000,WT,0.9732307398849978,0.9732307398849978,1.4142135623730951,1.4142135623730951,1.0,0.0,0.0,0.9739408866995074,0.9994901661038605
baseline,1,BraTS-GLI-00094-000,TC,0.958902652985273,0.958902652985273,2.23606797749979,2.23606797749979,1.0,0.0,0.0,0.9505739493406697,0.9996557279632783
baseline,1,BraTS-GLI-00094-000,ET,0.8222653195282931,0.8222653195282931,1.4142135623730951,1.4142135623730951,1.0,0.0,0.0,0.7662284664937185,0.9996240032121639
baseline,1,BraTS-GLI-00074-000,WT,0.9740241653807802,0.9191024768507305,1.4142135623730951,2.0,2.0,0.0,0.0,0.9627031669823372,0.9997082220110364
baseline,1,BraTS-GLI-00074-000,TC,0.954946648826724,0.5833475697823767,2.0,125.71542145664732,2.0,1.0,0.0,0.9427880025753169,0.9998390175703878
baseline,1,BraTS-GLI-00074-000,ET,0.919076052796983,0.5340468717481396,1.0,125.47140452079104,2.0,1.0,0.0,0.9080042225534029,0.9997541534244506
baseline,1,BraTS-GLI-00120-000,WT,0.9676240880213411,0.2423070938386998,2.23606797749979,280.8535533905933,1.0,3.0,0.0,0.9864460463084316,0.9994564553145837
baseline,1,BraTS-GLI-00120-000,TC,0.9691100082860375,0.9691100082860375,1.4142135623730951,1.4142135623730951,1.0,0.0,0.0,0.9604415011037527,0.9998616899860506
baseline,1,BraTS-GLI-00120-000,ET,0.9113295625756416,0.9113295625756416,2.23606797749979,2.23606797749979,1.0,0.0,0.0,0.9337703092574784,0.9994866392319232
baseline,1,BraTS-GLI-00151-000,WT,0.9461565912886186,0.9461565912886186,12.328828005937952,12.328828005937952,1.0,0.0,0.0,0.9302047790710755,0.999229520606234
baseline,1,BraTS-GLI-00151-000,TC,0.9382475459869669,0.9382475459869669,5.385164807134504,5.385164807134504,1.0,0.0,0.0,0.9576203405527141,0.9990998505826687
baseline,1,BraTS-GLI-00151-000,ET,0.908248570973941,0.908248570973941,3.1622776601683795,3.1622776601683795,1.0,0.0,0.0,0.9391714867926438,0.9988489083105633
baseline,1,BraTS-GLI-00195-000,WT,0.9848272344766034,0.9848272344766034,1.0,1.0,1.0,0.0,0.0,0.9875413748526132,0.9998571849033266
baseline,1,BraTS-GLI-00195-000,TC,0.9855162424994828,0.9855162424994828,0.0,0.0,1.0,0.0,0.0,0.9865368682684341,0.9999915949171438
baseline,1,BraTS-GLI-00195-000,ET,0.9385858138762864,0.9385858138762864,2.23606797749979,2.23606797749979,1.0,0.0,0.0,0.9713696747595053,0.9999518133531698
baseline,1,BraTS-GLI-00124-000,WT,0.873236916844772,0.873236916844772,16.278820596099706,16.278820596099706,1.0,0.0,0.0,0.7762814104603081,0.9999666359839596
baseline,1,BraTS-GLI-00124-000,TC,0.9589228054991512,0.9589228054991512,2.0,2.0,1.0,0.0,0.0,0.994725437892247,0.9989490659555584
baseline,1,BraTS-GLI-00124-000,ET,0.4776159837453437,0.4776159837453437,11.090536506409418,11.090536506409418,1.0,0.0,0.0,0.9943853352134342,0.9904799136460308
baseline,1,BraTS-GLI-00194-000,WT,0.975891595311331,0.975891595311331,1.0,1.0,1.0,0.0,0.0,0.9884849377934025,0.9998003490119979
baseline,1,BraTS-GLI-00194-000,TC,0.9805202045139608,0.9805202045139608,1.0,1.0,1.0,0.0,0.0,0.9891381194164149,0.9999005269486546
baseline,1,BraTS-GLI-00194-000,ET,0.9536427732079906,0.9536427732079906,1.0,1.0,1.0,0.0,0.0,0.9633212653569945,0.999892269808917
baseline,1,BraTS-GLI-00171-000,WT,0.9210283326043641,0.9210283326043641,4.0,4.0,1.0,0.0,0.0,0.9033221588471744,0.9995865791756152
baseline,1,BraTS-GLI-00171-000,TC,0.9410344437318444,0.9410344437318444,6.164414002968976,6.164414002968976,1.0,0.0,0.0,0.916519694297472,0.9999040533957458
baseline,1,BraTS-GLI-00171-000,ET,0.9142790225622609,0.9142790225622609,6.164414002968976,6.164414002968976,1.0,0.0,0.0,0.86059670781893,0.9999328149070913
baseline,1,BraTS-GLI-00128-000,WT,0.9734673917875614,0.9734673917875614,1.0,1.0,1.0,0.0,0.0,0.9940531584084255,0.9992751109645265
baseline,1,BraTS-GLI-00128-000,TC,0.9478111784203909,0.31596233934974033,2.0,250.0,1.0,2.0,0.0,0.9212549437852731,0.9998849487008546
baseline,1,BraTS-GLI-00128-000,ET,0.9278558932158362,0.30930533955417316,1.7320508075688772,249.91068360252294,1.0,2.0,0.0,0.885018541409147,0.9998969344757555
baseline,1,BraTS-GLI-00137-000,WT,0.96077062606497,0.96077062606497,1.4142135623730951,1.4142135623730951,1.0,0.0,0.0,0.9384304819581125,0.9996790112356363
baseline,1,BraTS-GLI-00137-000,TC,0.9714380084834157,0.9714380084834157,1.0,1.0,1.0,0.0,0.0,0.981349770823455,0.9997492970679819
baseline,1,BraTS-GLI-00137-000,ET,0.9545280855941918,0.9545280855941918,1.0,1.0,1.0,0.0,0.0,0.9540484039559379,0.9997481486220485
baseline,1,BraTS-GLI-00199-000,WT,0.9811318252057593,0.4920376233935556,1.4142135623730951,187.5,1.0,0.0,1.0,0.9808260956043228,0.9998419670638576
baseline,1,BraTS-GLI-00199-000,TC,0.9871950429384255,0.9874846799283492,1.0,1.0,1.0,0.0,0.0,0.9879515231538244,0.9999351759275807
baseline,1,BraTS-GLI-00199-000,ET,0.970768981968141,0.9711766014684763,0.0,0.0,1.0,0.0,0.0,0.9697104317273131,0.999921826202801
baseline,1,BraTS-GLI-00192-000,WT,0.9696180678393026,0.4921565247371143,66.87301398920195,187.5,1.0,0.0,1.0,0.9590728402665024,0.9999229668708063
baseline,1,BraTS-GLI-00192-000,TC,0.9784083044982699,0.9784083044982699,1.0,1.0,1.0,0.0,0.0,0.9979529893414273,0.9999332498152029
baseline,1,BraTS-GLI-00192-000,ET,0.9814829659318637,0.9814829659318637,0.0,0.0,1.0,0.0,0.0,0.9938311688311688,0.9999567054896542
baseline,1,BraTS-GLI-00146-000,WT,0.9526340505464481,0.9526340505464481,7.280109889280518,7.280109889280518,1.0,0.0,0.0,0.9664140320485058,0.9986792142079403
baseline,1,BraTS-GLI-00146-000,TC,0.9161984530320869,0.9161984530320869,4.0,4.0,1.0,0.0,0.0,0.9217620775482053,0.9989757541918806
baseline,1,BraTS-GLI-00146-000,ET,0.6694561756870898,0.33473243756010085,2.449489742783178,188.22474487139158,1.0,1.0,0.0,0.924886000502675,0.99737701020511
baseline,1,BraTS-GLI-00142-000,WT,0.950853732028582,0.9529762660155673,2.8284271247461903,2.699172818834085,2.0,0.0,0.0,0.9344267842840867,0.9996888911866946
baseline,1,BraTS-GLI-00142-000,TC,0.9448041812267751,0.9477081711004458,2.0,1.724744871391589,2.0,0.0,0.0,0.9374125734383119,0.9997354121296812
baseline,1,BraTS-GLI-00142-000,ET,0.887364358021994,0.8925986771938363,1.0,1.2071067811865475,2.0,0.0,0.0,0.9745960646296593,0.9992200518279438
baseline,1,BraTS-GLI-00259-000,WT,0.9873906771710732,0.9873906771710732,1.0,1.0,1.0,0.0,0.0,0.9828202502158765,0.9999106293933469
baseline,1,BraTS-GLI-00259-000,TC,0.9865657209866892,0.9865657209866892,1.0,1.0,1.0,0.0,0.0,0.9821406627616434,0.9999756278003461
baseline,1,BraTS-GLI-00259-000,ET,0.9760417699348997,0.9760417699348997,0.0,0.0,1.0,0.0,0.0,0.9648503854697504,0.9999790186895231
baseline,1,BraTS-GLI-00201-000,WT,0.9863186839044527,0.9863186839044527,1.0,1.0,1.0,0.0,0.0,0.9927056690078898,0.999659233818219
baseline,1,BraTS-GLI-00201-000,TC,0.9797404115685571,0.9797404115685571,1.0,1.0,1.0,0.0,0.0,0.977429059919683,0.9998478404355626
baseline,1,BraTS-GLI-00201-000,ET,0.944989281886388,0.944989281886388,1.0,1.0,1.0,0.0,0.0,0.9282255092909407,0.9998448819944553
baseline,1,BraTS-GLI-00282-000,WT,0.9706148195157599,0.9706148195157599,1.0,1.0,1.0,0.0,0.0,0.9616271315613985,0.9998825983618979
baseline,1,BraTS-GLI-00282-000,TC,0.9702173069460613,0.9702173069460613,1.0,1.0,1.0,0.0,0.0,0.9746613390507748,0.9999603038393476
baseline,1,BraTS-GLI-00282-000,ET,0.951103052281656,0.951103052281656,1.0,1.0,1.0,0.0,0.0,0.9738829063002847,0.9999329590475072
baseline,1,BraTS-GLI-00231-000,WT,0.9692277174504246,0.9692277174504246,5.830951894845301,5.830951894845301,1.0,0.0,0.0,0.955983893159642,0.9998506008569091
baseline,1,BraTS-GLI-00231-000,TC,0.9712112132975536,0.9712112132975536,1.0,1.0,1.0,0.0,0.0,0.9746901636772473,0.9999302942447179
baseline,1,BraTS-GLI-00231-000,ET,0.9243105596792545,0.9243105596792545,1.0,1.0,1.0,0.0,0.0,0.9167114454594304,0.9999302588551352
baseline,1,BraTS-GLI-00212-000,WT,0.8415482737833876,0.8415482737833876,4.898979485566356,4.898979485566356,1.0,0.0,0.0,0.7620735668746883,0.9995889904559722
baseline,1,BraTS-GLI-00212-000,TC,0.9778213935230619,0.9778213935230619,0.0,0.0,1.0,0.0,0.0,0.9625193199381762,0.9999982073656656
baseline,1,BraTS-GLI-00212-000,ET,0.8824569155987627,0.8824569155987627,2.0,2.0,1.0,0.0,0.0,0.9455492424242424,0.9999532819591731
baseline,1,BraTS-GLI-00237-000,WT,0.9757334770248425,0.9757334770248425,1.0,1.0,1.0,0.0,0.0,0.9976063375064116,0.9997198987173592
baseline,1,BraTS-GLI-00237-000,TC,0.9748761738272933,0.9748761738272933,1.0,1.0,1.0,0.0,0.0,0.9882764574907984,0.999903098958196
baseline,1,BraTS-GLI-00237-000,ET,0.960167605080529,0.960167605080529,1.0,1.0,1.0,0.0,0.0,0.9744843716776526,0.9998831543346037
baseline,1,BraTS-GLI-00270-000,WT,0.8536043765266367,0.8536043765266367,13.19090595827292,13.19090595827292,1.0,0.0,0.0,0.8683108135857736,0.9990887797261542
baseline,1,BraTS-GLI-00270-000,TC,0.9569765147029801,0.9569765147029801,1.0,1.0,1.0,0.0,0.0,0.9987641606591143,0.9999518107124786
baseline,1,BraTS-GLI-00270-000,ET,0.963994430077581,0.963994430077581,1.0,1.0,1.0,0.0,0.0,0.9981462409886714,0.9999604399569882
baseline,1,BraTS-GLI-00253-000,WT,0.9586208089087168,0.47931454855136996,1.0,187.5,1.0,1.0,0.0,0.9915755960578798,0.9995136434015386
baseline,1,BraTS-GLI-00253-000,TC,0.9804772234273319,0.9804772234273319,0.0,0.0,1.0,0.0,0.0,0.9897810218978103,0.9999887949846351
baseline,1,BraTS-GLI-00253-000,ET,0.9761904761904762,0.9761904761904762,0.0,0.0,1.0,0.0,0.0,0.9716337522441651,0.9999940617676997
baseline,1,BraTS-GLI-00280-000,WT,0.8546568185912449,0.1723502806386573,8.602325267042627,300.4806248474866,1.0,3.0,1.0,0.7738304952045411,0.9998724338696056
baseline,1,BraTS-GLI-00280-000,TC,0.9277998862990335,0.9277998862990335,2.0,2.0,1.0,0.0,0.0,0.8892614636599883,0.9999629881816778
baseline,1,BraTS-GLI-00280-000,ET,0.8672726246259809,0.8672726246259809,1.4142135623730951,1.4142135623730951,1.0,0.0,0.0,0.7985237550680944,0.9999536911464088
baseline,1,BraTS-GLI-00249-000,WT,0.986741081415144,0.986741081415144,1.0,1.0,1.0,0.0,0.0,0.9887842797547131,0.9997702468930753
baseline,1,BraTS-GLI-00249-000,TC,0.9769603160468241,0.9769603160468241,5.0,5.0,1.0,0.0,0.0,0.9762648243726438,0.9998444653753872
baseline,1,BraTS-GLI-00249-000,ET,0.9608010028010338,0.9608010028010338,1.0,1.0,1.0,0.0,0.0,0.9350019577723563,0.9999578405313038
baseline,1,BraTS-GLI-00266-000,WT,0.9803659005130292,0.9803659005130292,1.0,1.0,1.0,0.0,0.0,0.9894504542007151,0.9994173184607108
baseline,1,BraTS-GLI-00266-000,TC,0.9793505901170237,0.9793505901170237,1.0,1.0,1.0,0.0,0.0,0.9726959068682205,0.9998751049175206
baseline,1,BraTS-GLI-00266-000,ET,0.9519226276690184,0.9519226276690184,1.0,1.0,1.0,0.0,0.0,0.953414913778984,0.9997608398897905
baseline,1,BraTS-GLI-00291-000,WT,0.9501854483982473,0.6292850916990682,2.0,125.80473785412437,2.0,1.0,0.0,0.9832381814384181,0.9994408462701515
baseline,1,BraTS-GLI-00291-000,TC,0.9315719741251656,0.9345113615184845,2.0,1.3333333333333333,3.0,0.0,0.0,0.961393066838253,0.9998568795456307
baseline,1,BraTS-GLI-00291-000,ET,0.9277618682692695,0.9299355023807702,2.0,1.3333333333333333,3.0,0.0,0.0,0.9538857095463217,0.9998614840853065
baseline,1,BraTS-GLI-00340-000,WT,0.8345384798180399,0.8345384798180399,5.196152422706632,5.196152422706632,1.0,0.0,0.0,0.7448039750348422,0.9998510398095828
baseline,1,BraTS-GLI-00340-000,TC,0.9626612355736592,0.9626612355736592,1.0,1.0,1.0,0.0,0.0,0.956729039222742,0.9999614215010535
baseline,1,BraTS-GLI-00340-000,ET,0.9614478969481509,0.9614478969481509,1.0,1.0,1.0,0.0,0.0,0.9604280047966055,0.9999544698036673
baseline,1,BraTS-GLI-00297-000,WT,0.9301257626148052,0.9301257626148052,3.3166247903554,3.3166247903554,1.0,0.0,0.0,0.914030626048374,0.999462854510647
baseline,1,BraTS-GLI-00297-000,TC,0.9280360402345722,0.9280360402345722,6.4031242374328485,6.4031242374328485,1.0,0.0,0.0,0.9978494623655914,0.9991769241467302
baseline,1,BraTS-GLI-00297-000,ET,0.8276833631484795,0.8276833631484795,4.69041575982343,4.69041575982343,1.0,0.0,0.0,0.9821163234981957,0.999172873390027
baseline,1,BraTS-GLI-00299-000,WT,0.9289222351981314,0.9289222351981314,4.123105625617661,4.123105625617661,1.0,0.0,0.0,0.9786129603101037,0.9991411334174873
baseline,1,BraTS-GLI-00299-000,TC,0.8097735399284863,0.8097735399284863,3.605551275463989,3.605551275463989,1.0,0.0,0.0,0.795736706488639,0.999837658369978
baseline,1,BraTS-GLI-00299-000,ET,0.8226625652764862,0.8226625652764862,2.8284271247461903,2.8284271247461903,1.0,0.0,0.0,0.8061124351605216,0.9998771419863114
baseline,1,BraTS-GLI-00377-000,WT,0.969711438985182,0.24286465973595256,1.0,280.75,1.0,3.0,0.0,0.9954578132148225,0.999801739789543
baseline,1,BraTS-GLI-00377-000,TC,0.9699208092100885,0.9699208092100885,1.0,1.0,1.0,0.0,0.0,0.9777941768415404,0.999935712559522
baseline,1,BraTS-GLI-00377-000,ET,0.942597141967406,0.942597141967406,2.0,2.0,1.0,0.0,0.0,0.9739024739024739,0.9998548353188585
baseline,1,BraTS-GLI-00364-000,WT,0.9872949597375484,0.9872949597375484,1.0,1.0,1.0,0.0,0.0,0.9975624782364129,0.9998040286292147
baseline,1,BraTS-GLI-00364-000,TC,0.9938313268141079,0.9938313268141079,0.0,0.0,1.0,0.0,0.0,0.9921649743011157,0.9999839255259501
baseline,1,BraTS-GLI-00364-000,ET,0.9841986455981941,0.9841986455981941,0.0,0.0,1.0,0.0,0.0,0.9882456773779436,0.9999440642573637
baseline,1,BraTS-GLI-00318-000,WT,0.9384802478837552,0.9384802478837552,2.0,2.0,1.0,0.0,0.0,0.9159424685338341,0.9992945848739903
baseline,1,BraTS-GLI-00318-000,TC,0.9562177565440312,0.9562177565440312,2.0,2.0,1.0,0.0,0.0,0.9325963425973758,0.9999019100511791
baseline,1,BraTS-GLI-00318-000,ET,0.892990291978886,0.892990291978886,1.4142135623730951,1.4142135623730951,1.0,0.0,0.0,0.8577810871183916,0.9997992089033042
baseline,1,BraTS-GLI-00320-000,WT,0.8404871703913918,0.4202634628574131,6.4031242374328485,190.20156211871642,1.0,1.0,0.0,0.9017786912283373,0.9989178259901543
baseline,1,BraTS-GLI-00320-000,TC,0.9243371416253503,0.9243371416253503,2.8284271247461903,2.8284271247461903,1.0,0.0,0.0,0.8965709506551436,0.9999651377574229
baseline,1,BraTS-GLI-00320-000,ET,0.812138434994418,0.812138434994418,2.0,2.0,1.0,0.0,0.0,0.9259430687340894,0.9998284339900617
baseline,1,BraTS-GLI-00356-000,WT,0.9827820956487208,0.4914258967703502,1.0,187.5,1.0,1.0,0.0,0.9956892835589275,0.9998803580667168
baseline,1,BraTS-GLI-00356-000,TC,0.9796941713831794,0.9796941713831794,1.0,1.0,1.0,0.0,0.0,0.9860583649810114,0.9999394925094196
baseline,1,BraTS-GLI-00356-000,ET,0.9521788096681971,0.9521788096681971,1.0,1.0,1.0,0.0,0.0,0.9563212390150526,0.9999324847723442
baseline,1,BraTS-GLI-00353-000,WT,0.9039665015387783,0.48961141164587707,64.389440128021,188.4142135623731,1.0,1.0,0.0,0.9937242177281417,0.9981591205186694
baseline,1,BraTS-GLI-00353-000,TC,0.9809576445761945,0.9809576445761945,1.4142135623730951,1.4142135623730951,1.0,0.0,0.0,0.9901612739628766,0.9998411930568704
baseline,1,BraTS-GLI-00353-000,ET,0.9838054164232715,0.9838054164232715,0.0,0.0,1.0,0.0,0.0,0.9832066378496547,0.9999294534294747
baseline,1,BraTS-GLI-00347-000,WT,0.978961874138723,0.978961874138723,1.0,1.0,1.0,0.0,0.0,0.9738733078197293,0.9998442389625433
baseline,1,BraTS-GLI-00347-000,TC,0.9831288136051844,0.9831288136051844,1.0,1.0,1.0,0.0,0.0,0.978166056429033,0.9999509608523633
baseline,1,BraTS-GLI-00347-000,ET,0.9514752383443095,0.9514752383443095,1.0,1.0,1.0,0.0,0.0,0.9694767441860465,0.9998415916725045
baseline,1,BraTS-GLI-00336-000,WT,0.9834305349119007,0.9834305349119007,1.0,1.0,1.0,0.0,0.0,0.9870593423555029,0.9996642329915623
baseline,1,BraTS-GLI-00336-000,TC,0.9840492281640737,0.9840492281640737,1.0,1.0,1.0,0.0,0.0,0.995350971096498,0.9998984857742371
baseline,1,BraTS-GLI-00336-000,ET,0.9536345776031434,0.9536345776031434,1.0,1.0,1.0,0.0,0.0,0.9895736253494875,0.9998346955705146
baseline,1,BraTS-GLI-00325-000,WT,0.9838774514026474,0.9838774514026474,1.0,1.0,1.0,0.0,0.0,0.9824739977205444,0.9997670817966174
baseline,1,BraTS-GLI-00325-000,TC,0.9550282299268189,0.9550282299268189,1.4142135623730951,1.4142135623730951,1.0,0.0,0.0,0.9783863804589193,0.9996244671740958
baseline,1,BraTS-GLI-00325-000,ET,0.9018497692635824,0.9018497692635824,3.0,3.0,1.0,0.0,0.0,0.8515562065177591,0.9998298645161181
baseline,1,BraTS-GLI-00405-000,WT,0.9789175549719347,0.9789175549719347,1.0,1.0,1.0,0.0,0.0,0.9947670280905933,0.9993863178593455
baseline,1,BraTS-GLI-00405-000,TC,0.9746476099834266,0.9746476099834266,1.0,1.0,1.0,0.0,0.0,0.9879902857713164,0.9998669355078889
baseline,1,BraTS-GLI-00405-000,ET,0.9713753696739567,0.9713753696739567,1.0,1.0,1.0,0.0,0.0,0.9615801648113343,0.9999432605435393
baseline,1,BraTS-GLI-00442-000,WT,0.9492502218789981,0.4452305596287607,12.24744871391589,127.28273065419442,2.0,0.0,1.0,0.9153514426710532,0.9999330182300737
baseline,1,BraTS-GLI-00442-000,TC,0.9718892104175278,0.9718892104175278,1.4142135623730951,1.4142135623730951,1.0,0.0,0.0,0.9846010115653491,0.9998550066376612
baseline,1,BraTS-GLI-00442-000,ET,0.9093327075021513,0.9093327075021513,1.7320508075688772,1.7320508075688772,1.0,0.0,0.0,0.8942914294506847,0.9998941110725494
baseline,1,BraTS-GLI-00479-001,WT,0.9869415368904774,0.9869415368904774,1.0,1.0,1.0,0.0,0.0,0.9937662270892779,0.9998236197653431
baseline,1,BraTS-GLI-00479-001,TC,0.9956495777531349,0.9956495777531349,0.0,0.0,1.0,0.0,0.0,0.9948857824752813,0.9999952895090188
baseline,1,BraTS-GLI-00479-001,ET,0.9901041129780435,0.9901041129780435,0.0,0.0,1.0,0.0,0.0,0.9850271766998256,0.9999948420368169
baseline,1,BraTS-GLI-00477-001,WT,0.9754270774456136,0.9754270774456136,1.0,1.0,1.0,0.0,0.0,0.9790429709761986,0.9993730957324946
baseline,1,BraTS-GLI-00477-001,TC,0.9838253709966481,0.9838253709966481,1.0,1.0,1.0,0.0,0.0,0.9778347518893378,0.9999243870242265
baseline,1,BraTS-GLI-00477-001,ET,0.9699557460932098,0.9699557460932098,1.0,1.0,1.0,0.0,0.0,0.9525507172565996,0.9999232165175815
baseline,1,BraTS-GLI-00407-000,WT,0.9369201781979019,0.9369201781979019,2.0,2.0,1.0,0.0,0.0,0.9653121658303858,0.9986844839509313
baseline,1,BraTS-GLI-00407-000,TC,0.9432683158896289,0.9432683158896289,1.4142135623730951,1.4142135623730951,1.0,0.0,0.0,0.9036117124302153,0.9999757587891784
baseline,1,BraTS-GLI-00407-000,ET,0.8892132880927958,0.8892132880927958,1.4142135623730951,1.4142135623730951,1.0,0.0,0.0,0.8599008012209081,0.9998909689906611
baseline,1,BraTS-GLI-00464-001,WT,0.9443764982143731,0.9443764982143731,1.0,1.0,1.0,0.0,0.0,0.9004571321951674,0.9999921500735482
baseline,1,BraTS-GLI-00464-001,TC,0.9761504870675176,0.9761504870675176,1.0,1.0,1.0,0.0,0.0,0.9638474295190713,0.9999926025306071
baseline,1,BraTS-GLI-00464-001,ET,0.9648404164533196,0.9648404164533196,1.0,1.0,1.0,0.0,0.0,0.958785617367707,0.9999810582795269
baseline,1,BraTS-GLI-00410-000,WT,0.9074243638167182,0.653398265345789,9.219544457292887,7.49805164237849,2.0,0.0,0.0,0.9176472857749142,0.9993874604812305
baseline,1,BraTS-GLI-00410-000,TC,0.9876760563380281,0.9876760563380281,0.0,0.0,1.0,0.0,0.0,0.9824868651488616,0.9999932731165146
baseline,1,BraTS-GLI-00410-000,ET,0.9701464395701087,0.9701464395701087,1.0,1.0,1.0,0.0,0.0,0.952251696483652,0.9999901344130172
baseline,1,BraTS-GLI-00413-000,WT,0.9914218929169974,0.9914218929169974,0.0,0.0,1.0,0.0,0.0,0.9940193899998895,0.9998851490476819
baseline,1,BraTS-GLI-00413-000,TC,0.9922576104170333,0.9922576104170333,0.0,0.0,1.0,0.0,0.0,0.9857529936194389,0.9999956148621093
baseline,1,BraTS-GLI-00413-000,ET,0.9818757093235203,0.9818757093235203,0.0,0.0,1.0,0.0,0.0,0.9675670179957299,0.9999890992778215
baseline,1,BraTS-GLI-00449-000,WT,0.9889907883030239,0.9890109392545369,1.0,1.0,1.0,0.0,0.0,0.9902663934426229,0.9996880822617573
baseline,1,BraTS-GLI-00449-000,TC,0.969619862273415,0.969619862273415,2.23606797749979,2.23606797749979,1.0,0.0,0.0,0.956627710006459,0.9998462572051391
baseline,1,BraTS-GLI-00449-000,ET,0.9305291656812936,0.9305291656812936,2.0,2.0,1.0,0.0,0.0,0.8829564975161335,0.9998921405066215
baseline,1,BraTS-GLI-00423-000,WT,0.9556901988599947,0.9556901988599947,1.4142135623730951,1.4142135623730951,1.0,0.0,0.0,0.9565157891135516,0.99970201392586
baseline,1,BraTS-GLI-00423-000,TC,0.9622701971349561,0.9622701971349561,1.0,1.0,1.0,0.0,0.0,0.9450090913329293,0.9999077106824434
baseline,1,BraTS-GLI-00423-000,ET,0.94696580997248,0.94696580997248,1.0,1.0,1.0,0.0,0.0,0.9320539895326416,0.9998661094752335
baseline,1,BraTS-GLI-00446-000,WT,0.9829746063479545,0.9829746063479545,1.0,1.0,1.0,0.0,0.0,0.991343152442831,0.9993624705928943
baseline,1,BraTS-GLI-00446-000,TC,0.9802981249484276,0.9802981249484276,1.4142135623730951,1.4142135623730951,1.0,0.0,0.0,0.9913705085411348,0.9996397065988076
baseline,1,BraTS-GLI-00446-000,ET,0.9674867070316953,0.9674867070316953,1.0,1.0,1.0,0.0,0.0,0.9681163698823151,0.9997206747765482
baseline,1,BraTS-GLI-00418-000,WT,0.9107785670806129,0.9107898241504934,17.204650534085253,17.204650534085253,1.0,0.0,0.0,0.8455090988365422,0.999777693800513
baseline,1,BraTS-GLI-00418-000,TC,0.9877602976695606,0.9877602976695606,1.0,1.0,1.0,0.0,0.0,0.9869549620063268,0.9999606623869591
baseline,1,BraTS-GLI-00418-000,ET,0.9832052155298239,0.9832052155298239,0.0,0.0,1.0,0.0,0.0,0.9719507502885725,0.9999849472197851
baseline,1,BraTS-GLI-00499-000,WT,0.9762578958832498,0.9762578958832498,1.0,1.0,1.0,0.0,0.0,0.9731888299378811,0.9997535726859693
baseline,1,BraTS-GLI-00499-000,TC,0.9892233242955693,0.9892233242955693,1.0,1.0,1.0,0.0,0.0,0.9850649350649351,0.9999569309587484
baseline,1,BraTS-GLI-00499-000,ET,0.9597452865526283,0.9597452865526283,1.0,1.0,1.0,0.0,0.0,0.9715116279069768,0.999764075585817
baseline,1,BraTS-GLI-00574-000,WT,0.976403135452986,0.32555997064108727,1.0,249.66666666666666,1.0,2.0,0.0,0.9745242232009375,0.9997575037909145
baseline,1,BraTS-GLI-00574-000,TC,0.9817444219066938,0.9817444219066938,1.0,1.0,1.0,0.0,0.0,0.972288039559081,0.9999815907934211
baseline,1,BraTS-GLI-00574-000,ET,0.9731906859660163,0.9731906859660163,0.0,0.0,1.0,0.0,0.0,0.9590672289754404,0.9999784557145993
baseline,1,BraTS-GLI-00599-000,WT,0.9786782843250341,0.9786782843250341,1.0,1.0,1.0,0.0,0.0,0.9882183238661817,0.9996040327635383
baseline,1,BraTS-GLI-00599-000,TC,0.9771124048917229,0.9771124048917229,1.0,1.0,1.0,0.0,0.0,0.9747702897882671,0.9999252427558826
baseline,1,BraTS-GLI-00599-000,ET,0.964731873870255,0.964731873870255,1.0,1.0,1.0,0.0,0.0,0.9652359135117756,0.999899922701238
baseline,1,BraTS-GLI-00555-001,WT,0.9314594059712108,0.9316322585633651,3.7416573867739413,3.7416573867739413,1.0,0.0,0.0,0.9529564364579708,0.9996688544826773
baseline,1,BraTS-GLI-00555-001,TC,0.9648506151142355,0.9648506151142355,1.0,1.0,1.0,0.0,0.0,0.9814449513007028,0.9999036107048448
baseline,1,BraTS-GLI-00555-001,ET,0.9461966604823747,0.9461966604823747,1.0,1.0,1.0,0.0,0.0,0.9461622408148418,0.9999170990733381
baseline,1,BraTS-GLI-00567-000,WT,0.9212663487416781,0.9212663487416781,2.0,2.0,1.0,0.0,0.0,0.9152594051974857,0.9996559510673958
baseline,1,BraTS-GLI-00567-000,TC,0.9497078264201552,0.9497078264201552,1.7320508075688772,1.7320508075688772,1.0,0.0,0.0,0.9617461600646726,0.99977891610445
baseline,1,BraTS-GLI-00567-000,ET,0.90930591755961,0.90930591755961,1.4142135623730951,1.4142135623730951,1.0,0.0,0.0,0.9363320079522863,0.9997219315931513
baseline,1,BraTS-GLI-00584-000,WT,0.914505283381364,0.914505283381364,3.605551275463989,3.605551275463989,1.0,0.0,0.0,0.9542902967121091,0.9998143688597313
baseline,1,BraTS-GLI-00584-000,TC,0.9585316111488783,0.9585316111488783,1.0,1.0,1.0,0.0,0.0,0.9247114375655824,0.9999959642956754
baseline,1,BraTS-GLI-00584-000,ET,0.9559224694903087,0.9559224694903087,1.0,1.0,1.0,0.0,0.0,0.9221606648199446,0.9999941709133058
baseline,1,BraTS-GLI-00537-000,WT,0.8187926199632378,0.8187926199632378,12.727922061357855,12.727922061357855,1.0,0.0,0.0,0.6987119776443003,0.9999156724791533
baseline,1,BraTS-GLI-00537-000,TC,0.9189775848321078,0.9182045950725002,2.0,1.9840593925343335,2.0,0.0,0.0,0.8754272692745917,0.9999207124914774
baseline,1,BraTS-GLI-00537-000,ET,0.8740758463931092,0.8833639819601489,2.8284271247461903,2.121320343559643,2.0,0.0,0.0,0.8418287399760347,0.9997944152354142
baseline,1,BraTS-GLI-00597-000,WT,0.96234530636885,0.96234530636885,2.8284271247461903,2.8284271247461903,1.0,0.0,0.0,0.9741435282435168,0.999552853617699
baseline,1,BraTS-GLI-00597-000,TC,0.0,0.0,374.0,374.0,0.0,0.0,1.0,0.0,1.0
baseline,1,BraTS-GLI-00597-000,ET,0.0,0.0,374.0,374.0,0.0,0.0,1.0,0.0,1.0
baseline,1,BraTS-GLI-00570-000,WT,0.927893864013267,0.927893864013267,2.0,2.0,1.0,0.0,0.0,0.9428735128576725,0.9994017133144609
baseline,1,BraTS-GLI-00570-000,TC,0.9271096218692342,0.927129284017645,8.54400374531753,8.54400374531753,1.0,0.0,0.0,0.8834370705682645,0.9999378879057531
baseline,1,BraTS-GLI-00570-000,ET,0.8568229322185728,0.8568549139636445,7.0710678118654755,7.0710678118654755,1.0,0.0,0.0,0.7816138917262513,0.9999294314180527
baseline,1,BraTS-GLI-00572-000,WT,0.9573413798537386,0.9573413798537386,2.449489742783178,2.449489742783178,1.0,0.0,0.0,0.9826390136946911,0.9993374441194605
baseline,1,BraTS-GLI-00572-000,TC,0.9525107682241971,0.6338380417762363,1.4142135623730951,125.47140452079104,2.0,1.0,0.0,0.9711490355217077,0.9998627386655302
baseline,1,BraTS-GLI-00572-000,ET,0.9459571445483603,0.6317657121573957,1.0,125.33333333333333,2.0,1.0,0.0,0.9593588666106375,0.9998710631911557
baseline,1,BraTS-GLI-00580-000,WT,0.9435695959979167,0.9435695959979167,3.0,3.0,1.0,0.0,0.0,0.9327320341202344,0.9992054202447839
baseline,1,BraTS-GLI-00580-000,TC,0.9522176099690951,0.3174295405079933,1.7320508075688772,249.91068360252294,1.0,2.0,0.0,0.9389992809987581,0.9997706050567938
baseline,1,BraTS-GLI-00580-000,ET,0.9186690506301514,0.3062586319691793,1.0,249.66666666666666,1.0,2.0,0.0,0.9528102762031118,0.9995469281277362
baseline,1,BraTS-GLI-00587-000,WT,0.9472792992282393,0.9473440822746679,2.8284271247461903,2.8284271247461903,1.0,0.0,0.0,0.9683561579995074,0.9986970534861993
baseline,1,BraTS-GLI-00587-000,TC,0.9646610231336203,0.5085835654550606,2.23606797749979,10.272670016041044,2.0,0.0,0.0,0.9452851945544422,0.9998154518837009
baseline,1,BraTS-GLI-00587-000,ET,0.9094038577126933,0.3824069882891716,1.0,125.81649658092772,2.0,1.0,0.0,0.8751029708176321,0.9996818828208268
baseline,1,BraTS-GLI-00610-000,WT,0.9393956752112272,0.9393956752112272,2.23606797749979,2.23606797749979,1.0,0.0,0.0,0.9338325313896877,0.9995691910161425
baseline,1,BraTS-GLI-00610-000,TC,0.9552785490636262,0.9552785490636262,1.0,1.0,1.0,0.0,0.0,0.9205282932938631,0.9999933850695638
baseline,1,BraTS-GLI-00610-000,ET,0.9298408393405182,0.9298408393405182,1.0,1.0,1.0,0.0,0.0,0.8855356171832518,0.9999841939662653
baseline,1,BraTS-GLI-00616-000,WT,0.9880493373908661,0.9880530540697106,1.0,1.0,1.0,0.0,0.0,0.9895867083600196,0.9997959133785886
baseline,1,BraTS-GLI-00616-000,TC,0.99238632270565,0.99238632270565,0.0,0.0,1.0,0.0,0.0,0.9915119626724909,0.9999695084491975
baseline,1,BraTS-GLI-00616-000,ET,0.9683197074010327,0.9683197074010327,0.0,0.0,1.0,0.0,0.0,0.9512311106414456,0.9999713774966961
baseline,1,BraTS-GLI-00630-000,WT,0.9018526838406068,0.4824706486226647,28.6705423736629,187.70710678118655,1.0,1.0,0.0,0.9619708242632964,0.9988103457959799
baseline,1,BraTS-GLI-00630-000,TC,0.805541551553772,0.4831281294598583,45.65084884205331,187.5,1.0,1.0,0.0,0.9785889269965703,0.998966499356167
baseline,1,BraTS-GLI-00630-000,ET,0.793848236762497,0.48060963114754096,45.18849411078001,187.5,1.0,1.0,0.0,0.9720250738227219,0.9989667400294342
baseline,1,BraTS-GLI-00611-000,WT,0.6908120527145721,0.345410955483093,12.12435565298214,193.06217782649108,1.0,1.0,0.0,0.5410761389547101,0.9997427174557947
baseline,1,BraTS-GLI-00611-000,TC,0.9814290838082333,0.9814290838082333,1.0,1.0,1.0,0.0,0.0,0.9936652679147837,0.9999129528026727
baseline,1,BraTS-GLI-00611-000,ET,0.9454057387456016,0.9454057387456016,1.0,1.0,1.0,0.0,0.0,0.9497121201078639,0.9999085736490859
baseline,1,BraTS-GLI-00654-000,WT,0.8650876971192691,0.4325486035914715,9.433981132056603,191.7169905660283,1.0,1.0,0.0,0.8076729650118543,0.9993425110754496
baseline,1,BraTS-GLI-00654-000,TC,0.9837140671111597,0.6298818682694568,1.0,125.0,2.0,1.0,0.0,0.9764353599791694,0.999954514308515
baseline,1,BraTS-GLI-00654-000,ET,0.9513397043273547,0.5688875961674504,1.0,125.33333333333333,2.0,1.0,0.0,0.9359346784957211,0.9999093515705543
baseline,1,BraTS-GLI-00624-000,WT,0.8953700570033114,0.8953700570033114,8.306623862918075,8.306623862918075,1.0,0.0,0.0,0.889192039014103,0.9991685616908021
baseline,1,BraTS-GLI-00624-000,TC,0.9721661308821866,0.9721661308821866,1.0,1.0,1.0,0.0,0.0,0.9816651441993998,0.9998695116792105
baseline,1,BraTS-GLI-00624-000,ET,0.9059535267427471,0.9059535267427471,1.0,1.0,1.0,0.0,0.0,0.9172408992830793,0.9998264456254817
baseline,1,BraTS-GLI-00621-000,WT,0.7470004137360364,0.7470132914993018,8.246211251235321,8.246211251235321,1.0,0.0,0.0,0.8073784237003913,0.9989319375609822
baseline,1,BraTS-GLI-00621-000,TC,0.2878293054648378,0.2878293054648378,16.673332000533065,16.673332000533065,1.0,0.0,0.0,0.17431434599156118,0.9999843123333746
baseline,1,BraTS-GLI-00621-000,ET,0.28077091546211125,0.28077091546211125,16.673332000533065,16.673332000533065,1.0,0.0,0.0,0.16904008438818566,0.9999850967167059
baseline,1,BraTS-GLI-00625-000,WT,0.9619083125929957,0.9619083125929957,1.4142135623730951,1.4142135623730951,1.0,0.0,0.0,0.931730931900108,0.9999032402988998
baseline,1,BraTS-GLI-00625-000,TC,0.989457743607665,0.989457743607665,1.0,1.0,1.0,0.0,0.0,0.9826753434562545,0.9999717796327966
baseline,1,BraTS-GLI-00625-000,ET,0.959153166933185,0.959153166933185,1.0,1.0,1.0,0.0,0.0,0.9557641679368158,0.9998794264429385
baseline,1,BraTS-GLI-00612-001,WT,0.9657270860556282,0.9657270860556282,1.0,1.0,1.0,0.0,0.0,0.950119375573921,0.9998922640882172
baseline,1,BraTS-GLI-00612-001,TC,0.8108815066701544,0.779745725663128,2.0,1.9840593925343335,2.0,0.0,0.0,0.9149940968122786,0.9999351355420708
baseline,1,BraTS-GLI-00612-001,ET,0.8297466630345954,0.8013779903068631,1.4142135623730951,2.0,2.0,0.0,0.0,0.8990554899645808,0.9999491390951644
baseline,1,BraTS-GLI-00613-001,WT,0.9270401166524902,0.4689662439846851,39.0,188.5811388300842,1.0,1.0,0.0,0.8911955143181363,0.9997873270368905
baseline,1,BraTS-GLI-00613-001,TC,0.852157943067034,0.9036027263875365,44.395945760846224,1.0,1.0,0.0,0.0,0.7733333333333333,0.9999971996325918
baseline,1,BraTS-GLI-00613-001,ET,0.856338028169014,0.909272183449651,44.395945760846224,1.0,1.0,0.0,0.0,0.76,0.999998991867733
baseline,1,BraTS-GLI-00628-000,WT,0.957894921436588,0.957894921436588,1.0,1.0,1.0,0.0,0.0,0.990390368610955,0.9995185310870344
baseline,1,BraTS-GLI-00628-000,TC,0.9540509407397927,0.5590946780283702,19.339079605813716,125.66666666666667,2.0,0.0,1.0,0.9296582688949863,0.9999827353911701
baseline,1,BraTS-GLI-00628-000,ET,0.9375612945406996,0.551477466571287,18.35755975068582,126.07868932583325,2.0,0.0,1.0,0.9191129342392002,0.9999636779403688
baseline,1,BraTS-GLI-00610-001,WT,0.8526341030310493,0.8534653336879869,9.848857801796104,15.556349186104045,1.0,0.0,0.0,0.8989559418388543,0.9982670463015414
baseline,1,BraTS-GLI-00610-001,TC,0.8617267485192014,0.4346484112223497,23.706539182259394,189.29128784747792,1.0,0.0,1.0,0.9070189925681256,0.9997309298342621
baseline,1,BraTS-GLI-00610-001,ET,0.81029070560939,0.41137749445676275,22.20360331117452,188.1180339887499,1.0,0.0,1.0,0.8271106157704096,0.9998274822656478
baseline,1,BraTS-GLI-00685-000,WT,0.8671714367644278,0.8671714367644278,9.0,9.0,1.0,0.0,0.0,0.795517893723484,0.9996035601295987
baseline,1,BraTS-GLI-00685-000,TC,0.9774360236220473,0.9774360236220473,1.0,1.0,1.0,0.0,0.0,0.9904503066872787,0.9998367442275977
baseline,1,BraTS-GLI-00685-000,ET,0.9239705692526139,0.9239705692526139,1.0,1.0,1.0,0.0,0.0,0.9637548470486859,0.9997449893551015
baseline,1,BraTS-GLI-00675-001,WT,0.0,0.0,374.0,374.0,0.0,0.0,1.0,0.0,1.0
baseline,1,BraTS-GLI-00675-001,TC,1.0,1.0,0.0,0.0,0.0,0.0,0.0,1.0,1.0
baseline,1,BraTS-GLI-00675-001,ET,1.0,1.0,0.0,0.0,0.0,0.0,0.0,1.0,1.0
baseline,1,BraTS-GLI-00656-000,WT,0.9563269965909679,0.48356873614636675,48.14561246884289,188.0,1.0,0.0,1.0,0.9574886692209044,0.9993590425945846
baseline,1,BraTS-GLI-00656-000,TC,0.20277529945519088,0.06767269778521108,30.4138126514911,259.47127088383036,1.0,2.0,0.0,0.9581987800502332,0.9953192102685974
baseline,1,BraTS-GLI-00656-000,ET,0.7974568574023615,0.26703163017031634,6.782329983125268,251.46770807914427,1.0,2.0,0.0,0.732429614181439,0.9999438542541609
baseline,1,BraTS-GLI-00723-000,WT,0.9694070370990504,0.48470641702595874,1.0,187.5,1.0,1.0,0.0,0.97606088338712,0.9996463521130009
baseline,1,BraTS-GLI-00723-000,TC,0.966745105003774,0.966745105003774,1.4142135623730951,1.4142135623730951,1.0,0.0,0.0,0.9540793970729997,0.9999241041506934
baseline,1,BraTS-GLI-00723-000,ET,0.924349376114082,0.924349376114082,1.0,1.0,1.0,0.0,0.0,0.8752362948960303,0.9999538502065287
baseline,1,BraTS-GLI-00714-000,WT,0.9570809600311572,0.9570809600311572,1.4142135623730951,1.4142135623730951,1.0,0.0,0.0,0.9233319869621168,0.9998499153536363
baseline,1,BraTS-GLI-00714-000,TC,0.9783835545855349,0.9783835545855349,1.0,1.0,1.0,0.0,0.0,0.9676916863785842,0.9998768132645482
baseline,1,BraTS-GLI-00714-000,ET,0.9293234293536244,0.9293234293536244,1.0,1.0,1.0,0.0,0.0,0.9076895853404376,0.9997378659948887
baseline,1,BraTS-GLI-00708-000,WT,0.9040390201128953,0.4520318965281013,4.0,189.0,1.0,1.0,0.0,0.9979431336963097,0.9996108386158512
baseline,1,BraTS-GLI-00708-000,TC,0.9425104646849998,0.9425104646849998,1.0,1.0,1.0,0.0,0.0,0.9995504607777028,0.9998787994576136
baseline,1,BraTS-GLI-00708-000,ET,0.8961538461538462,0.8961538461538462,1.4142135623730951,1.4142135623730951,1.0,0.0,0.0,0.9982034273079049,0.9998138051852958
baseline,1,BraTS-GLI-00682-000,WT,0.943592766036503,0.943592766036503,2.23606797749979,2.23606797749979,1.0,0.0,0.0,0.9004279251742267,0.9999252787351871
baseline,1,BraTS-GLI-00682-000,TC,0.9797470279587336,0.9797470279587336,1.0,1.0,1.0,0.0,0.0,0.9780364372469635,0.9999590266988766
baseline,1,BraTS-GLI-00682-000,ET,0.9450856368341068,0.9450856368341068,1.0,1.0,1.0,0.0,0.0,0.9281219748305906,0.9999499753465946
baseline,1,BraTS-GLI-00692-001,WT,0.9859967287440099,0.9859967287440099,1.0,1.0,1.0,0.0,0.0,0.986124065490967,0.999888804987768
baseline,1,BraTS-GLI-00692-001,TC,0.9792567403449114,0.9792567403449114,1.0,1.0,1.0,0.0,0.0,0.9963916761405763,0.999912323725503
baseline,1,BraTS-GLI-00692-001,ET,0.9692822099309396,0.9692822099309396,1.0,1.0,1.0,0.0,0.0,0.9939118174826967,0.9999003634937227
baseline,1,BraTS-GLI-00682-001,WT,0.9850165281596589,0.9850165281596589,1.0,1.0,1.0,0.0,0.0,0.9786200364809878,0.9998914223423547
baseline,1,BraTS-GLI-00682-001,TC,0.9717480774591306,0.9717480774591306,1.0,1.0,1.0,0.0,0.0,0.9452596656884011,0.999999213187163
baseline,1,BraTS-GLI-00682-001,ET,0.9619132296637695,0.9619132296637695,1.0,1.0,1.0,0.0,0.0,0.9282762485115921,0.9999942693062017
baseline,1,BraTS-GLI-00674-001,WT,0.9694768298329054,0.6468257550853277,1.0,125.47140452079104,2.0,1.0,0.0,0.9508433575786597,0.9998526151778888
baseline,1,BraTS-GLI-00674-001,TC,0.9832695425448346,0.9810185302512131,1.0,1.0,2.0,0.0,0.0,0.978673143465531,0.9999595412153639
baseline,1,BraTS-GLI-00674-001,ET,0.9681989648214756,0.966267870672844,1.0,0.5,2.0,0.0,0.0,0.9680291202526095,0.9999190360506302
baseline,1,BraTS-GLI-00697-000,WT,0.9683841161124277,0.4841937604821158,1.0,187.5,1.0,1.0,0.0,0.9854801774724489,0.9992076929904213
baseline,1,BraTS-GLI-00697-000,TC,0.9875675638361763,0.9875675638361763,1.0,1.0,1.0,0.0,0.0,0.9819077818501284,0.9999454554755758
baseline,1,BraTS-GLI-00697-000,ET,0.965566572393833,0.965566572393833,1.0,1.0,1.0,0.0,0.0,0.959999124707324,0.9998535289448083
baseline,1,BraTS-GLI-00683-001,WT,0.9879457219028576,0.9879457219028576,1.0,1.0,1.0,0.0,0.0,0.9803296476180634,0.9999057755144566
baseline,1,BraTS-GLI-00683-001,TC,0.9881964230133837,0.9881964230133837,2.0,2.0,1.0,0.0,0.0,0.985633638682192,0.9998910839706319
baseline,1,BraTS-GLI-00683-001,ET,0.9758471440425198,0.9758471440425198,0.0,0.0,1.0,0.0,0.0,0.968958760131825,0.9998713410930454
baseline,1,BraTS-GLI-00727-001,WT,0.9727360687774638,0.9727360687774638,1.0,1.0,1.0,0.0,0.0,0.9489825613932976,0.9999667954933297
baseline,1,BraTS-GLI-00727-001,TC,0.9641747395357338,0.9641747395357338,1.7320508075688772,1.7320508075688772,1.0,0.0,0.0,0.9507502365610778,0.9998930615400444
baseline,1,BraTS-GLI-00727-001,ET,0.8839477686297131,0.8839477686297131,4.0,4.0,1.0,0.0,0.0,0.8553739977671775,0.9998230862160589
baseline,1,BraTS-GLI-00765-000,WT,0.9339435273837852,0.9339435273837852,2.0,2.0,1.0,0.0,0.0,0.9056807754853597,0.9995781321392205
baseline,1,BraTS-GLI-00765-000,TC,0.881602232507487,0.881602232507487,4.898979485566356,4.898979485566356,1.0,0.0,0.0,0.8986366947653242,0.9995464747117513
baseline,1,BraTS-GLI-00765-000,ET,0.8689895108526327,0.8689895108526327,2.0,2.0,1.0,0.0,0.0,0.7980448259418217,0.999908948325087
baseline,1,BraTS-GLI-00730-001,WT,0.9861197829114836,0.9861197829114836,1.0,1.0,1.0,0.0,0.0,0.986282944950309,0.9998510355238394
baseline,1,BraTS-GLI-00730-001,TC,0.9788298951640176,0.9788298951640176,1.0,1.0,1.0,0.0,0.0,0.9825736658670167,0.9999377940955368
baseline,1,BraTS-GLI-00730-001,ET,0.9565581931562124,0.9565581931562124,1.0,1.0,1.0,0.0,0.0,0.9772994967341257,0.9998614933886103
baseline,1,BraTS-GLI-00805-000,WT,0.972221570238235,0.9722386851077064,1.0,1.0,1.0,0.0,0.0,0.9726895936314857,0.999727689017239
baseline,1,BraTS-GLI-00805-000,TC,0.8815098623527742,0.8815098623527742,2.8284271247461903,2.8284271247461903,1.0,0.0,0.0,0.7945766180608851,0.9999964142006171
baseline,1,BraTS-GLI-00805-000,ET,0.8194444444444444,0.8194444444444444,2.449489742783178,2.449489742783178,1.0,0.0,0.0,0.7000304228780042,0.9999968626442105
baseline,1,BraTS-GLI-00777-000,WT,0.9726202908216546,0.9726202908216546,1.0,1.0,1.0,0.0,0.0,0.9777685636904184,0.9995779751588464
baseline,1,BraTS-GLI-00777-000,TC,0.9827115368456433,0.9827115368456433,1.0,1.0,1.0,0.0,0.0,0.9895086405651797,0.9998705060387538
baseline,1,BraTS-GLI-00777-000,ET,0.9326381780962129,0.9326381780962129,1.0,1.0,1.0,0.0,0.0,0.9508250179351725,0.9998483057877064
baseline,1,BraTS-GLI-00778-000,WT,0.9018301738446755,0.9018301738446755,6.324555320336759,6.324555320336759,1.0,0.0,0.0,0.8518411552346571,0.9997963855048553
baseline,1,BraTS-GLI-00778-000,TC,0.9800870612207094,0.9800870612207094,1.0,1.0,1.0,0.0,0.0,0.9766797932562146,0.9999701517592284
baseline,1,BraTS-GLI-00778-000,ET,0.9594605378660921,0.9594605378660921,1.0,1.0,1.0,0.0,0.0,0.961301671064204,0.9999403285942796
baseline,1,BraTS-GLI-00789-000,WT,0.9903519420024446,0.9903519420024446,1.0,1.0,1.0,0.0,0.0,0.9860982158540563,0.999927910107196
baseline,1,BraTS-GLI-00789-000,TC,0.9909405473419314,0.9909405473419314,1.0,1.0,1.0,0.0,0.0,0.987420332253683,0.9999704959772616
baseline,1,BraTS-GLI-00789-000,ET,0.9724618697020341,0.9724618697020341,1.0,1.0,1.0,0.0,0.0,0.9558679887524049,0.9999619977704609
baseline,1,BraTS-GLI-00739-000,WT,0.9441225886962402,0.9441225886962402,3.7416573867739413,3.7416573867739413,1.0,0.0,0.0,0.9021971335556966,0.9997674323206795
baseline,1,BraTS-GLI-00739-000,TC,0.9456413183050364,0.9456413183050364,1.4142135623730951,1.4142135623730951,1.0,0.0,0.0,0.9143903479067901,0.9999124675564598
baseline,1,BraTS-GLI-00739-000,ET,0.9411032646445937,0.9411032646445937,1.0,1.0,1.0,0.0,0.0,0.897094931994372,0.9999617623206583
baseline,1,BraTS-GLI-00737-000,WT,0.9436577667832466,0.94611008938882,1.4142135623730951,1.4142135623730951,1.0,0.0,0.0,0.9112813542567652,0.9999451914542246
baseline,1,BraTS-GLI-00737-000,TC,0.9498265450340486,0.9498265450340486,2.0,2.0,1.0,0.0,0.0,0.9112480739599383,0.9999863102468364
baseline,1,BraTS-GLI-00737-000,ET,0.9282782549824398,0.9282782549824398,1.4142135623730951,1.4142135623730951,1.0,0.0,0.0,0.8799133643510348,0.9999777915714303
baseline,1,BraTS-GLI-00764-000,WT,0.8056634792819997,0.8056634792819997,15.427248620541512,15.427248620541512,1.0,0.0,0.0,0.6802338757195304,0.9999161740809805
baseline,1,BraTS-GLI-00764-000,TC,0.9350052779936664,0.9511777706641735,6.557438524302,4.623105625617661,2.0,0.0,0.0,0.906070143884892,0.9998395906127301
baseline,1,BraTS-GLI-00764-000,ET,0.9108844719500622,0.9282282012173262,3.0,3.582207001484488,2.0,0.0,0.0,0.8758900799465309,0.9997931173901877
baseline,1,BraTS-GLI-00751-000,WT,0.948265891668273,0.948265891668273,4.123105625617661,4.123105625617661,1.0,0.0,0.0,0.9167956878261369,0.9998674680896124
baseline,1,BraTS-GLI-00751-000,TC,0.9861972487759384,0.9861972487759384,1.0,1.0,1.0,0.0,0.0,0.9890104751215862,0.9999599174366561
baseline,1,BraTS-GLI-00751-000,ET,0.9667918177110305,0.9667918177110305,1.0,1.0,1.0,0.0,0.0,0.9811457101563527,0.9999170853352344
baseline,1,BraTS-GLI-00799-000,WT,0.9794783013662571,0.48974410893720416,1.0,187.5,1.0,1.0,0.0,0.9786460309030676,0.9995548828016496
baseline,1,BraTS-GLI-00799-000,TC,0.9742968675187437,0.9742968675187437,1.0,1.0,1.0,0.0,0.0,0.9627296003562285,0.9998625281025371
baseline,1,BraTS-GLI-00799-000,ET,0.958070370071046,0.958070370071046,1.0,1.0,1.0,0.0,0.0,0.9264927387955779,0.9999397129659798
baseline,1,BraTS-GLI-01012-000,WT,0.966583107670394,0.966583107670394,2.449489742783178,2.449489742783178,1.0,0.0,0.0,0.9537614941159656,0.999718020746493
baseline,1,BraTS-GLI-01012-000,TC,0.9679179685780926,0.9679179685780926,5.385164807134504,5.385164807134504,1.0,0.0,0.0,0.9541727523824673,0.9998639778147251
baseline,1,BraTS-GLI-01012-000,ET,0.9598268719870154,0.9598268719870154,2.8284271247461903,2.8284271247461903,1.0,0.0,0.0,0.9393393393393393,0.9998717389023692
baseline,1,BraTS-GLI-00834-000,WT,0.8783258638347945,0.8783258638347945,6.164414002968976,6.164414002968976,1.0,0.0,0.0,0.8237169443725392,0.999569489353614
baseline,1,BraTS-GLI-00834-000,TC,0.9688624513475802,0.96801425936772,1.0,1.0,2.0,0.0,0.0,0.9680449058957332,0.9999073111087468
baseline,1,BraTS-GLI-00834-000,ET,0.9576693670435324,0.9608782781921665,1.0,1.0,2.0,0.0,0.0,0.9472548760621671,0.9999209458381296
baseline,1,BraTS-GLI-00839-000,WT,0.9507381602774623,0.47652452156790354,4.58257569495584,189.29128784747792,1.0,1.0,0.0,0.9803152098234066,0.9998548057881549
baseline,1,BraTS-GLI-00839-000,TC,0.8648,0.8648,1.0,1.0,1.0,0.0,0.0,0.946584938704028,0.9999689700452276
baseline,1,BraTS-GLI-00839-000,ET,0.8931788931788932,0.8931788931788932,1.0,1.0,1.0,0.0,0.0,0.936993699369937,0.9999799482216033
baseline,1,BraTS-GLI-01000-000,WT,0.9877826982855473,0.9877826982855473,1.0,1.0,1.0,0.0,0.0,0.9845338046840477,0.9998997556529883
baseline,1,BraTS-GLI-01000-000,TC,0.990297979873949,0.990297979873949,0.0,0.0,1.0,0.0,0.0,0.9821284721186264,0.9999948282547733
baseline,1,BraTS-GLI-01000-000,ET,0.9653564768325922,0.9653564768325922,0.0,0.0,1.0,0.0,0.0,0.9425730093143777,0.9999836207572572
baseline,1,BraTS-GLI-01039-000,WT,0.8919402131159265,0.8919402131159265,6.082762530298219,6.082762530298219,1.0,0.0,0.0,0.834247491638796,0.9999389658983177
baseline,1,BraTS-GLI-01039-000,TC,0.9368890897790836,0.4686034024755553,4.123105625617661,189.06155281280883,1.0,1.0,0.0,0.8880676949443016,0.9999919270419875
baseline,1,BraTS-GLI-01039-000,ET,0.9321378124424247,0.46624070774712784,3.0,188.5,1.0,1.0,0.0,0.88770616446368,0.9999837433940721
baseline,1,BraTS-GLI-01025-000,WT,0.9784439205119568,0.9784439205119568,1.0,1.0,1.0,0.0,0.0,0.9969328443043133,0.9997855062339995
baseline,1,BraTS-GLI-01025-000,TC,0.9873832752053231,0.9873832752053231,1.0,1.0,1.0,0.0,0.0,0.9921832100520043,0.9999389684727765
baseline,1,BraTS-GLI-01025-000,ET,0.9327170813255974,0.9327170813255974,2.0,2.0,1.0,0.0,0.0,0.8907922912205567,0.9999422561510399
baseline,1,BraTS-GLI-01009-000,WT,0.9564093975788315,0.9564093975788315,2.0,2.0,1.0,0.0,0.0,0.9290348969081749,0.9999168376959173
baseline,1,BraTS-GLI-01009-000,TC,0.9366479550922213,0.9366479550922213,1.4142135623730951,1.4142135623730951,1.0,0.0,0.0,0.9782244556113903,0.9997555088799781
baseline,1,BraTS-GLI-01009-000,ET,0.8753899936097432,0.8753899936097432,1.0,1.0,1.0,0.0,0.0,0.961201915139508,0.9996809066423684
baseline,1,BraTS-GLI-01029-000,WT,0.9754720577313625,0.9754720577313625,3.0,3.0,1.0,0.0,0.0,0.9953525490564267,0.9992287176300045
baseline,1,BraTS-GLI-01029-000,TC,0.9743662600718476,0.9743662600718476,1.0,1.0,1.0,0.0,0.0,0.9831258191349934,0.9999044205120096
baseline,1,BraTS-GLI-01029-000,ET,0.9736781872281987,0.9736781872281987,1.0,1.0,1.0,0.0,0.0,0.9653701266282395,0.9999565459876507
baseline,1,BraTS-GLI-01002-000,WT,0.939624931543346,0.939624931543346,3.0,3.0,1.0,0.0,0.0,0.9503008891949343,0.9994540241624214
baseline,1,BraTS-GLI-01002-000,TC,0.9239654995379403,0.9239654995379403,3.0,3.0,1.0,0.0,0.0,0.9811907098462544,0.9994113357347776
baseline,1,BraTS-GLI-01002-000,ET,0.90266845843732,0.90266845843732,3.0,3.0,1.0,0.0,0.0,0.9398897741226192,0.9994385459723798
baseline,1,BraTS-GLI-01019-000,WT,0.9847748562829757,0.9847748562829757,1.0,1.0,1.0,0.0,0.0,0.9821883740689519,0.9997690137869683
baseline,1,BraTS-GLI-01019-000,TC,0.9760713012477719,0.9760713012477719,4.123105625617661,4.123105625617661,1.0,0.0,0.0,0.9957810204111323,0.9996539215508107
baseline,1,BraTS-GLI-01019-000,ET,0.9751487873034834,0.9751487873034834,1.0,1.0,1.0,0.0,0.0,0.9828008771552651,0.9998277315305119
baseline,1,BraTS-GLI-01004-000,WT,0.9387757616832507,0.1353126373797164,13.0,321.816828269583,1.0,6.0,0.0,0.979593936042998,0.9990565215883115
baseline,1,BraTS-GLI-01004-000,TC,0.9837902220237098,0.9837902220237098,1.0,1.0,1.0,0.0,0.0,0.9709782888211308,0.9999908996729387
baseline,1,BraTS-GLI-01004-000,ET,0.9541518426528831,0.9541518426528831,1.0,1.0,1.0,0.0,0.0,0.9169139465875371,0.9999912482448804
baseline,1,BraTS-GLI-01049-000,WT,0.8704806782923228,0.1757712849868571,7.0,239.6341866471402,2.0,3.0,0.0,0.9079785392869505,0.9988393748971277
baseline,1,BraTS-GLI-01049-000,TC,0.8943563574509447,0.8967533654139003,2.23606797749979,1.7320508075688772,1.0,0.0,0.0,0.899877750611247,0.9998968589052245
baseline,1,BraTS-GLI-01049-000,ET,0.888143815094878,0.8909403177329326,1.4142135623730951,1.0,1.0,0.0,0.0,0.9114202049780381,0.9998920545175128
baseline,1,BraTS-GLI-01083-000,WT,0.9878156275436828,0.9878156275436828,1.0,1.0,1.0,0.0,0.0,0.9801228616383784,0.9999416473785142
baseline,1,BraTS-GLI-01083-000,TC,0.9881653099561678,0.9881653099561678,1.0,1.0,1.0,0.0,0.0,0.9792739683524666,0.9999901076579093
baseline,1,BraTS-GLI-01083-000,ET,0.9634112452527248,0.9634112452527248,0.0,0.0,1.0,0.0,0.0,0.9384624639076035,0.9999818209892614
baseline,1,BraTS-GLI-01061-000,WT,0.9804332913966157,0.9804332913966157,2.0,2.0,1.0,0.0,0.0,0.9677842485926483,0.9998794978483634
baseline,1,BraTS-GLI-01061-000,TC,0.9874653166528744,0.9874653166528744,1.0,1.0,1.0,0.0,0.0,0.9835393939393939,0.9999605029960335
baseline,1,BraTS-GLI-01061-000,ET,0.9682833518449957,0.9682833518449957,1.0,1.0,1.0,0.0,0.0,0.9523770989277767,0.9999590038957531
baseline,1,BraTS-GLI-01057-000,WT,0.9274433927731005,0.6268125317362604,3.605551275463989,125.74535599249992,2.0,0.0,1.0,0.9147904577691812,0.9997473345539122
baseline,1,BraTS-GLI-01057-000,TC,0.9774540409295872,0.8394279265121103,1.0,1.2071067811865475,2.0,0.0,0.0,0.9877588438308887,0.9999306354955904
baseline,1,BraTS-GLI-01057-000,ET,0.9377607070581919,0.7817808279297368,1.0,1.2071067811865475,2.0,0.0,0.0,0.9858457797846475,0.9998492679401432
baseline,1,BraTS-GLI-01088-000,WT,0.982182685159074,0.982182685159074,1.0,1.0,1.0,0.0,0.0,0.9972408766723931,0.9999279363496124
baseline,1,BraTS-GLI-01088-000,TC,0.9673640167364017,0.9673640167364017,1.0,1.0,1.0,0.0,0.0,0.9914236706689536,0.9999847630451861
baseline,1,BraTS-GLI-01088-000,ET,0.9497282608695652,0.9497282608695652,1.0,1.0,1.0,0.0,0.0,0.9872881355932204,0.999978153404775
baseline,1,BraTS-GLI-01074-000,WT,0.955688352689142,0.955688352689142,4.123105625617661,4.123105625617661,1.0,0.0,0.0,0.9776034894937717,0.9992629600159771
baseline,1,BraTS-GLI-01074-000,TC,0.934917545083924,0.934917545083924,3.0,3.0,1.0,0.0,0.0,0.98452910462193,0.9996468266917692
baseline,1,BraTS-GLI-01074-000,ET,0.9107680982724115,0.9107680982724115,2.0,2.0,1.0,0.0,0.0,0.9828707611340053,0.9996032716728004
baseline,1,BraTS-GLI-01090-000,WT,0.9555288461538461,0.47776905405798364,1.0,187.5,1.0,1.0,0.0,0.9799984094162557,0.9995965172977157
baseline,1,BraTS-GLI-01090-000,TC,0.9659476396405728,0.9659476396405728,5.385164807134504,5.385164807134504,1.0,0.0,0.0,0.9742986992634384,0.9999076200235338
baseline,1,BraTS-GLI-01090-000,ET,0.9597202958853445,0.9597202958853445,2.23606797749979,2.23606797749979,1.0,0.0,0.0,0.967830293140626,0.9999055083577408
baseline,1,BraTS-GLI-01102-000,WT,0.7542823695491246,0.3203391907317709,32.341923257592455,128.2829526005987,2.0,1.0,0.0,0.9669830059589495,0.998481249182373
baseline,1,BraTS-GLI-01102-000,TC,0.9415488810365136,0.4890639339247476,22.737634001804146,187.5,1.0,0.0,1.0,0.9198791714614499,0.999973433614526
baseline,1,BraTS-GLI-01102-000,ET,0.9198532251834686,0.4822314467955857,21.77154105707724,187.0,1.0,0.0,1.0,0.8914467527606214,0.9999719814400576
baseline,1,BraTS-GLI-01084-000,WT,0.9835687908662805,0.9835687908662805,1.0,1.0,1.0,0.0,0.0,0.9845138245201547,0.9999133250568143
baseline,1,BraTS-GLI-01084-000,TC,0.9804195478568601,0.9804195478568601,1.0,1.0,1.0,0.0,0.0,0.9808077514324312,0.9999518331094714
baseline,1,BraTS-GLI-01084-000,ET,0.964482799107667,0.964482799107667,1.0,1.0,1.0,0.0,0.0,0.9797244916214444,0.9999023703908023
baseline,1,BraTS-GLI-01072-000,WT,0.9484557936995146,0.4777238955376607,5.385164807134504,188.0,1.0,0.0,1.0,0.9534032994157654,0.9992713865571671
baseline,1,BraTS-GLI-01072-000,TC,0.9793171750883548,0.9793171750883548,1.0,1.0,1.0,0.0,0.0,0.9900560973268047,0.9997375521042077
baseline,1,BraTS-GLI-01072-000,ET,0.9451611086074808,0.9451611086074808,1.0,1.0,1.0,0.0,0.0,0.9784522976440401,0.9996452546655477
baseline,1,BraTS-GLI-01085-000,WT,0.9422125170952118,0.47691513366734234,44.339598554790726,188.1180339887499,1.0,0.0,1.0,0.9002952876708372,0.9998309344648058
baseline,1,BraTS-GLI-01085-000,TC,0.9782229113411278,0.9782229113411278,1.0,1.0,1.0,0.0,0.0,0.9938126188516447,0.9998492032907192
baseline,1,BraTS-GLI-01085-000,ET,0.9652117437426102,0.9652117437426102,1.0,1.0,1.0,0.0,0.0,0.9919222343921139,0.9997917693024125
baseline,1,BraTS-GLI-01082-000,WT,0.9812671551391693,0.9812671551391693,1.0,1.0,1.0,0.0,0.0,0.9698923766816143,0.9999124369080701
baseline,1,BraTS-GLI-01082-000,TC,0.9707211059573997,0.9707211059573997,1.4142135623730951,1.4142135623730951,1.0,0.0,0.0,0.9520609451631684,0.9998910120393177
baseline,1,BraTS-GLI-01082-000,ET,0.9243489136570411,0.9243489136570411,1.0,1.0,1.0,0.0,0.0,0.9152821007408707,0.9996656300823946
baseline,1,BraTS-GLI-01062-000,WT,0.9753301221589348,0.9753301221589348,1.0,1.0,1.0,0.0,0.0,0.9753551308068191,0.9996165614950167
baseline,1,BraTS-GLI-01062-000,TC,0.9753706266060487,0.9754072433971216,1.0,1.0,1.0,0.0,0.0,0.9979775099102014,0.9997305868206496
baseline,1,BraTS-GLI-01062-000,ET,0.9301712304024276,0.9302502032336736,1.0,1.0,1.0,0.0,0.0,0.9956306550150801,0.999578415881668
baseline,1,BraTS-GLI-01105-000,WT,0.9575806606953674,0.9575806606953674,2.23606797749979,2.23606797749979,1.0,0.0,0.0,0.9274222434481524,0.9998538775109188
baseline,1,BraTS-GLI-01105-000,TC,0.9786130036547399,0.9786130036547399,1.0,1.0,1.0,0.0,0.0,0.9944064921369951,0.9999072555051325
baseline,1,BraTS-GLI-01105-000,ET,0.9470757340119704,0.9470757340119704,1.0,1.0,1.0,0.0,0.0,0.9819212352193882,0.9998948167181313
baseline,1,BraTS-GLI-01138-000,WT,0.8316061963939019,0.2775317268944551,12.68857754044952,253.5497035468912,1.0,1.0,1.0,0.7570379208769902,0.9990297825596252
baseline,1,BraTS-GLI-01138-000,TC,0.9747142810891314,0.4953763122387863,51.088159097779204,187.0,1.0,0.0,1.0,0.9578136930516671,0.9999867598474196
baseline,1,BraTS-GLI-01138-000,ET,0.9546613179557896,0.4874333262214636,46.9148164229596,187.0,1.0,0.0,1.0,0.9438155829133272,0.999954575518313
baseline,1,BraTS-GLI-01158-000,WT,0.9664576831538297,0.3221570361589717,1.0,249.66666666666666,1.0,2.0,0.0,0.9632463564789603,0.9996301443468834
baseline,1,BraTS-GLI-01158-000,TC,0.9291442778089662,0.9291442778089662,2.23606797749979,2.23606797749979,1.0,0.0,0.0,0.8793548387096775,0.9999601197530795
baseline,1,BraTS-GLI-01158-000,ET,0.8751314551392041,0.8751314551392041,2.0,2.0,1.0,0.0,0.0,0.7965640586427528,0.9999467903047445
baseline,1,BraTS-GLI-01130-000,WT,0.9487756452680344,0.9487756452680344,3.0,3.0,1.0,0.0,0.0,0.9308607345072983,0.9998641093119094
baseline,1,BraTS-GLI-01130-000,TC,0.9831140026615407,0.9831140026615407,1.0,1.0,1.0,0.0,0.0,0.9670137878876025,0.9999995511070766
baseline,1,BraTS-GLI-01130-000,ET,0.9577751713068708,0.9577751713068708,2.449489742783178,2.449489742783178,1.0,0.0,0.0,0.9543581226548564,0.9999297556044873
baseline,1,BraTS-GLI-01123-000,WT,0.9708968125674841,0.9708968125674841,1.0,1.0,1.0,0.0,0.0,0.9899704714387537,0.999562118789093
baseline,1,BraTS-GLI-01123-000,TC,0.9663836753340693,0.48439050454163807,5.0990195135927845,188.6583123951777,1.0,0.0,1.0,0.961660857705713,0.9999577107825839
baseline,1,BraTS-GLI-01123-000,ET,0.9002217294900222,0.45252642007926025,3.0,187.5,1.0,0.0,1.0,0.8751397094044387,0.9999514668500091
baseline,1,BraTS-GLI-01109-000,WT,0.9803289208467367,0.9803289208467367,1.0,1.0,1.0,0.0,0.0,0.9908365208714452,0.9997925093624512
baseline,1,BraTS-GLI-01109-000,TC,0.9807336771431352,0.9807336771431352,1.4142135623730951,1.4142135623730951,1.0,0.0,0.0,0.9836369551073519,0.9999230100053275
baseline,1,BraTS-GLI-01109-000,ET,0.957153905645785,0.957153905645785,1.0,1.0,1.0,0.0,0.0,0.9592608668692255,0.99991831122369
baseline,1,BraTS-GLI-01148-000,WT,0.9818511453985761,0.9818511453985761,1.0,1.0,1.0,0.0,0.0,0.9832345181696973,0.999765252548472
baseline,1,BraTS-GLI-01148-000,TC,0.9906103286384976,0.9906103286384976,0.0,0.0,1.0,0.0,0.0,0.9965750586935506,0.9999370205903307
baseline,1,BraTS-GLI-01148-000,ET,0.9889963792713283,0.9889963792713283,0.0,0.0,1.0,0.0,0.0,0.9931541870242018,0.9999396140426475
baseline,1,BraTS-GLI-01160-001,WT,0.9792065965805388,0.9792065965805388,1.0,1.0,1.0,0.0,0.0,0.9649514111056039,0.9999101746228073
baseline,1,BraTS-GLI-01160-001,TC,0.9863564216000811,0.9863564216000811,1.0,1.0,1.0,0.0,0.0,0.9876906428595583,0.9998998743693945
baseline,1,BraTS-GLI-01160-001,ET,0.9715965658198343,0.9715965658198343,1.0,1.0,1.0,0.0,0.0,0.9735007628212651,0.9998541426689528
baseline,1,BraTS-GLI-01137-000,WT,0.966385839503021,0.1946353586425572,23.83275057562597,299.4,1.0,4.0,0.0,0.9976155216987526,0.9996996003334324
baseline,1,BraTS-GLI-01137-000,TC,0.8747076071558001,0.8747076071558001,3.1622776601683795,3.1622776601683795,1.0,0.0,0.0,0.8887326772444266,0.9997597907700192
baseline,1,BraTS-GLI-01137-000,ET,0.7316252103983543,0.7316252103983543,6.4031242374328485,6.4031242374328485,1.0,0.0,0.0,0.5772891610713495,0.9999987660479669
baseline,1,BraTS-GLI-01145-000,WT,0.9506594652042328,0.9506594652042328,2.23606797749979,2.23606797749979,1.0,0.0,0.0,0.9328792347678719,0.9995858160332692
baseline,1,BraTS-GLI-01145-000,TC,0.9395879504227201,0.9395879504227201,2.23606797749979,2.23606797749979,1.0,0.0,0.0,0.8964118467008098,0.9999158407838494
baseline,1,BraTS-GLI-01145-000,ET,0.887336090821086,0.4437149043285395,1.0,187.5,1.0,1.0,0.0,0.9599375452225903,0.9993991063096533
baseline,1,BraTS-GLI-01160-000,WT,0.9736798517174745,0.9736798517174745,1.4142135623730951,1.4142135623730951,1.0,0.0,0.0,0.9743407603848492,0.9996110802255257
baseline,1,BraTS-GLI-01160-000,TC,0.9730699301269455,0.9730699301269455,4.898979485566356,4.898979485566356,1.0,0.0,0.0,0.9644126963604629,0.9998758194674471
baseline,1,BraTS-GLI-01160-000,ET,0.9524451360723432,0.9524451360723432,2.8284271247461903,2.8284271247461903,1.0,0.0,0.0,0.941155103523429,0.9998367223847309
baseline,1,BraTS-GLI-01118-000,WT,0.9627768797238848,0.9627768797238848,1.4142135623730951,1.4142135623730951,1.0,0.0,0.0,0.9519633677480669,0.999866692217325
baseline,1,BraTS-GLI-01118-000,TC,0.9713222615482349,0.9731635393958269,1.0,0.5,2.0,0.0,0.0,0.991202074458233,0.9999397793164269
baseline,1,BraTS-GLI-01118-000,ET,0.9592326139088729,0.9604826956236144,1.0,0.5,2.0,0.0,0.0,0.9869232667160128,0.9999356494595115
baseline,1,BraTS-GLI-01161-000,WT,0.9757337585053109,0.9757337585053109,1.0,1.0,1.0,0.0,0.0,0.9880570134347229,0.9995361792121874
baseline,1,BraTS-GLI-01161-000,TC,0.9900513740520264,0.9433899966939974,1.0,1.0,2.0,0.0,0.0,0.9848445928589776,0.9999612605916423
baseline,1,BraTS-GLI-01161-000,ET,0.97611574199181,0.9334441775854834,1.0,1.0,2.0,0.0,0.0,0.9663929534275895,0.9999251076282216
baseline,1,BraTS-GLI-01175-000,WT,0.9799396661527117,0.9799396661527117,1.0,1.0,1.0,0.0,0.0,0.9840322693564978,0.999483431901832
baseline,1,BraTS-GLI-01175-000,TC,0.9784451663595719,0.9770148340734377,1.4142135623730951,1.2071067811865475,2.0,0.0,0.0,0.9617625538603289,0.999948056643663
baseline,1,BraTS-GLI-01175-000,ET,0.9691364305797295,0.9680023749888577,2.0,1.618033988749895,2.0,0.0,0.0,0.9470384442281324,0.9999204072161558
baseline,1,BraTS-GLI-01173-000,WT,0.9667423573133958,0.9667423573133958,1.4142135623730951,1.4142135623730951,1.0,0.0,0.0,0.9976792199767922,0.9995033652337383
baseline,1,BraTS-GLI-01173-000,TC,0.8196745345257294,0.8196745345257294,9.695359714832659,9.695359714832659,1.0,0.0,0.0,0.9762528374367033,0.9992175803368916
baseline,1,BraTS-GLI-01173-000,ET,0.19704433497536947,1.0,4.123105625617661,0.0,0.0,0.0,0.0,0.5,0.9999839829031492
baseline,1,BraTS-GLI-01200-000,WT,0.9878142079847234,0.9878142079847234,1.0,1.0,1.0,0.0,0.0,0.9871073490556806,0.9998940793882333
baseline,1,BraTS-GLI-01200-000,TC,0.9887065882952326,0.9887065882952326,1.0,1.0,1.0,0.0,0.0,0.9851652690557665,0.999954027205528
baseline,1,BraTS-GLI-01200-000,ET,0.9648751948412444,0.9648751948412444,1.0,1.0,1.0,0.0,0.0,0.955672108958633,0.9999329541781676
baseline,1,BraTS-GLI-01185-000,WT,0.9316505301982481,0.9316505301982481,2.449489742783178,2.449489742783178,1.0,0.0,0.0,0.9106408547233228,0.9994656229120581
baseline,1,BraTS-GLI-01185-000,TC,0.9481731792468682,0.9481731792468682,2.23606797749979,2.23606797749979,1.0,0.0,0.0,0.912303077116528,0.9999244843322459
baseline,1,BraTS-GLI-01185-000,ET,0.8983124188662917,0.8983124188662917,2.8284271247461903,2.8284271247461903,1.0,0.0,0.0,0.846195652173913,0.9998436656469318
baseline,1,BraTS-GLI-01167-000,WT,0.9250308515014397,0.9250308515014397,2.449489742783178,2.449489742783178,1.0,0.0,0.0,0.9869530088875146,0.9983313975808323
baseline,1,BraTS-GLI-01167-000,TC,0.9090938386182006,0.9090938386182006,2.8284271247461903,2.8284271247461903,1.0,0.0,0.0,0.8824762262262262,0.9997881077765908
baseline,1,BraTS-GLI-01167-000,ET,0.5000695313586427,0.5000695313586427,24.020824298928627,24.020824298928627,1.0,0.0,0.0,0.3689718859019085,0.9998833852455873
baseline,1,BraTS-GLI-01199-000,WT,0.9859771113048147,0.9859771113048147,1.0,1.0,1.0,0.0,0.0,0.9909990939132288,0.9996719034521225
baseline,1,BraTS-GLI-01199-000,TC,0.9896392853129565,0.9896392853129565,1.0,1.0,1.0,0.0,0.0,0.9863510789218248,0.9999470716456937
baseline,1,BraTS-GLI-01199-000,ET,0.9525449195517436,0.9525449195517436,1.0,1.0,1.0,0.0,0.0,0.9298701298701298,0.9999171470246845
baseline,1,BraTS-GLI-01189-000,WT,0.9563556420513929,0.9563556420513929,3.3166247903554,3.3166247903554,1.0,0.0,0.0,0.9253166653590327,0.9998728057141891
baseline,1,BraTS-GLI-01189-000,TC,0.8895199425918316,0.8895199425918316,5.196152422706632,5.196152422706632,1.0,0.0,0.0,0.8073998196252213,0.999919101055454
baseline,1,BraTS-GLI-01189-000,ET,0.6950676861368764,0.6950676861368764,12.0,12.0,1.0,0.0,0.0,0.5601262626262626,0.9997701498582422
baseline,1,BraTS-GLI-01172-000,WT,0.9032918601349379,0.22616124678071192,10.488088481701515,282.70794021658196,1.0,3.0,0.0,0.9880139982502187,0.9974118701566879
baseline,1,BraTS-GLI-01172-000,TC,0.9558644940276595,0.9558644940276595,7.0,7.0,1.0,0.0,0.0,0.9861435757428427,0.9990638298451227
baseline,1,BraTS-GLI-01172-000,ET,0.927590748966151,0.463798215948635,2.0,188.0,1.0,1.0,0.0,0.9737095965117625,0.9988955118006231
baseline,1,BraTS-GLI-01169-000,WT,0.9382220465150855,0.9382220465150855,2.8284271247461903,2.8284271247461903,1.0,0.0,0.0,0.98983302200231,0.9980817597967715
baseline,1,BraTS-GLI-01169-000,TC,0.8994728715190884,0.8994728715190884,3.0,3.0,1.0,0.0,0.0,0.8971798820967656,0.9995860676675881
baseline,1,BraTS-GLI-01169-000,ET,0.0,0.0,24.124676163629637,374.0,0.0,3.0,1.0,0.0,0.9999399635861228
baseline,1,BraTS-GLI-01190-000,WT,0.979527847624477,0.979527847624477,1.0,1.0,1.0,0.0,0.0,0.9803229027284398,0.9996428560446785
baseline,1,BraTS-GLI-01190-000,TC,0.9766080715006031,0.9766273827414379,1.0,1.0,1.0,0.0,0.0,0.9844790240920628,0.9997310439347245
baseline,1,BraTS-GLI-01190-000,ET,0.9606106778101287,0.9606324158375512,2.23606797749979,2.23606797749979,1.0,0.0,0.0,0.9782311462061973,0.9995706826214018
baseline,1,BraTS-GLI-01170-000,WT,0.9170106907320615,0.9170106907320615,2.23606797749979,2.23606797749979,1.0,0.0,0.0,0.963641165595563,0.9984008192373945
baseline,1,BraTS-GLI-01170-000,TC,0.8270660011092623,0.40783415587012345,5.0,189.03803694014985,2.0,2.0,0.0,0.7251977694203087,0.9999507437690868
baseline,1,BraTS-GLI-01170-000,ET,0.8355306145981474,0.4112765797299769,4.123105625617661,188.80901699437496,2.0,2.0,0.0,0.7346400811084826,0.9999603958396559
baseline,1,BraTS-GLI-01201-000,WT,0.9721277972856582,0.9721277972856582,1.0,1.0,1.0,0.0,0.0,0.9600475121548574,0.9998300987341563
baseline,1,BraTS-GLI-01201-000,TC,0.9523157654574492,0.9523157654574492,1.4142135623730951,1.4142135623730951,1.0,0.0,0.0,0.9477317106398437,0.9998945652128756
baseline,1,BraTS-GLI-01201-000,ET,0.8294681857072095,0.8294681857072095,6.4031242374328485,6.4031242374328485,1.0,0.0,0.0,0.7800457355805878,0.9998665349662126
baseline,1,BraTS-GLI-01220-000,WT,0.9493094668621248,0.9493241157953213,1.4142135623730951,1.4142135623730951,1.0,0.0,0.0,0.9594809569855579,0.999776752116499
baseline,1,BraTS-GLI-01220-000,TC,0.975883103986381,0.975883103986381,1.0,1.0,1.0,0.0,0.0,0.981265750558699,0.999929717954559
baseline,1,BraTS-GLI-01220-000,ET,0.9414819789567943,0.9414819789567943,1.0,1.0,1.0,0.0,0.0,0.9589565851878876,0.9999038918313216
baseline,1,BraTS-GLI-01233-000,WT,0.9108940803272116,0.9108940803272116,8.18535277187245,8.18535277187245,1.0,0.0,0.0,0.8947939138672968,0.9993077229276397
baseline,1,BraTS-GLI-01233-000,TC,0.9299178864691182,0.9299178864691182,1.4142135623730951,1.4142135623730951,1.0,0.0,0.0,0.9067079750757128,0.9998599885631108
baseline,1,BraTS-GLI-01233-000,ET,0.8907825196153757,0.8907825196153757,1.0,1.0,1.0,0.0,0.0,0.8652976298172608,0.9998076554263178
baseline,1,BraTS-GLI-01227-000,WT,0.9266180253005092,0.46570770925255406,2.449489742783178,187.70710678118655,1.0,0.0,1.0,0.9615316529814671,0.9990559669630223
baseline,1,BraTS-GLI-01227-000,TC,0.9686618781590849,0.9686618781590849,1.0,1.0,1.0,0.0,0.0,0.9865344495922403,0.999790914298369
baseline,1,BraTS-GLI-01227-000,ET,0.9040714344228721,0.9040714344228721,1.0,1.0,1.0,0.0,0.0,0.9495783858199965,0.9997043959155462
baseline,1,BraTS-GLI-01205-000,WT,0.8364349688976073,0.8364349688976073,4.123105625617661,4.123105625617661,1.0,0.0,0.0,0.7377407457997541,0.9999352124856432
baseline,1,BraTS-GLI-01205-000,TC,0.915711739241151,0.8664684634681563,3.0,2.79128784747792,2.0,0.0,0.0,0.8734212352532963,0.9999446911962521
baseline,1,BraTS-GLI-01205-000,ET,0.8360827084753465,0.801941215206869,2.0,2.7686595939953778,2.0,0.0,0.0,0.8528648247728537,0.9997734718489429
baseline,1,BraTS-GLI-01210-000,WT,0.8403295238511461,0.1681485773002044,4.123105625617661,299.9483314773548,1.0,4.0,0.0,0.8625902830738863,0.9990445119209745
baseline,1,BraTS-GLI-01210-000,TC,0.9112391079604194,0.9112391079604194,2.23606797749979,2.23606797749979,1.0,0.0,0.0,0.8821847297683729,0.9999576280971003
baseline,1,BraTS-GLI-01210-000,ET,0.9014151693432978,0.9014151693432978,2.23606797749979,2.23606797749979,1.0,0.0,0.0,0.8757917503475977,0.9999511294423029
baseline,1,BraTS-GLI-01215-000,WT,0.9517135260327597,0.9517135260327597,1.4142135623730951,1.4142135623730951,1.0,0.0,0.0,0.9527883978385626,0.9992958988893538
baseline,1,BraTS-GLI-01215-000,TC,0.7836293121045111,0.7836293121045111,8.602325267042627,8.602325267042627,1.0,0.0,0.0,0.6515245799626633,0.9999775541245811
baseline,1,BraTS-GLI-01215-000,ET,0.8848200979348521,0.8848200979348521,1.4142135623730951,1.4142135623730951,1.0,0.0,0.0,0.9233503665852033,0.9998347347986848
baseline,1,BraTS-GLI-01223-000,WT,0.952955791012057,0.952955791012057,1.7320508075688772,1.7320508075688772,1.0,0.0,0.0,0.957250653278135,0.9996020263023819
baseline,1,BraTS-GLI-01223-000,TC,0.9345257545790696,0.9345257545790696,2.23606797749979,2.23606797749979,1.0,0.0,0.0,0.8868035382054379,0.9999618988232806
baseline,1,BraTS-GLI-01223-000,ET,0.8860899961160739,0.8860899961160739,1.4142135623730951,1.4142135623730951,1.0,0.0,0.0,0.8764612260578454,0.9997918017944104
baseline,1,BraTS-GLI-01224-000,WT,0.9248983919420393,0.9249217408866001,1.4142135623730951,1.4142135623730951,1.0,0.0,0.0,0.8909152806147262,0.9998352626952374
baseline,1,BraTS-GLI-01224-000,TC,0.9577200492581951,0.9577200492581951,1.0,1.0,1.0,0.0,0.0,0.9318726463539884,0.9999721675861464
baseline,1,BraTS-GLI-01224-000,ET,0.8816463442273695,0.8816463442273695,1.4142135623730951,1.4142135623730951,1.0,0.0,0.0,0.8891835055316815,0.9998431097772887
baseline,1,BraTS-GLI-01209-000,WT,0.9060978558879316,0.9061031359169271,3.7416573867739413,3.7416573867739413,1.0,0.0,0.0,0.8492632199853627,0.9994705489115606
baseline,1,BraTS-GLI-01209-000,TC,0.8722788617479584,0.8723037902332726,8.0,7.874007874011811,1.0,0.0,0.0,0.8004982953055337,0.9996991551943459
baseline,1,BraTS-GLI-01209-000,ET,0.7887672883070245,0.7887672883070245,4.242640687119285,4.242640687119285,1.0,0.0,0.0,0.6817744248639516,0.9997308805500535
baseline,1,BraTS-GLI-01219-000,WT,0.9076567881024817,0.9082174798286358,4.123105625617661,4.077258687480592,2.0,0.0,0.0,0.901849010280804,0.9987354592016513
baseline,1,BraTS-GLI-01219-000,TC,0.9705505062911106,0.4897397052747555,63.324560795950255,187.5,1.0,0.0,1.0,0.951310861423221,0.9999810310787255
baseline,1,BraTS-GLI-01219-000,ET,0.96703479199535,0.48802905433719795,63.150613615387776,187.5,1.0,0.0,1.0,0.9401539206716538,0.9999911329796028
baseline,1,BraTS-GLI-01226-000,WT,0.901116411245306,0.4507617872681765,2.23606797749979,188.1180339887499,1.0,1.0,0.0,0.9284720842439896,0.9985682216998761
baseline,1,BraTS-GLI-01226-000,TC,0.8971116015737454,0.8642999723127471,2.0,2.414213562373095,2.0,0.0,0.0,0.8208766507445912,0.9999706726019627
baseline,1,BraTS-GLI-01226-000,ET,0.8656551856379281,0.8287733471805049,1.4142135623730951,1.5731321849709863,2.0,0.0,0.0,0.7759539360605019,0.9999560907419069
baseline,1,BraTS-GLI-01265-000,WT,0.9402934271276085,0.940301633850021,5.477225575051661,5.477225575051661,1.0,0.0,0.0,0.92543980208906,0.9997180317193458
baseline,1,BraTS-GLI-01265-000,TC,0.971997792929492,0.971997792929492,1.0,1.0,1.0,0.0,0.0,0.9628523463730773,0.9998942183036806
baseline,1,BraTS-GLI-01265-000,ET,0.9305701175092932,0.9305701175092932,1.0,1.0,1.0,0.0,0.0,0.9168254138606423,0.9997751590448882
baseline,1,BraTS-GLI-01241-000,WT,0.9009897406404961,0.9009897406404961,11.045361017187261,11.045361017187261,1.0,0.0,0.0,0.8442441325876908,0.9995505563300838
baseline,1,BraTS-GLI-01241-000,TC,0.9525933386087332,0.8637840595770705,1.4142135623730951,1.9318516525781364,2.0,0.0,0.0,0.9573145262346174,0.999630713868217
baseline,1,BraTS-GLI-01241-000,ET,0.8693126533931658,0.8694367469221687,1.0,1.0,2.0,0.0,0.0,0.9352832723977376,0.9992212229340404
baseline,1,BraTS-GLI-01300-000,WT,0.9299564701226751,0.9299564701226751,3.605551275463989,3.605551275463989,1.0,0.0,0.0,0.9601157218259314,0.9994660418729896
baseline,1,BraTS-GLI-01300-000,TC,0.8667368219649861,0.8667368219649861,2.23606797749979,2.23606797749979,1.0,0.0,0.0,0.8974739970282318,0.9998036534365414
baseline,1,BraTS-GLI-01300-000,ET,0.873524618499679,0.873524618499679,2.0,2.0,1.0,0.0,0.0,0.9053127239226123,0.9998165555478435
baseline,1,BraTS-GLI-01247-000,WT,0.8121730659268515,0.8121902664238214,6.324555320336759,6.324555320336759,1.0,0.0,0.0,0.7398333204722587,0.9997611794634109
baseline,1,BraTS-GLI-01247-000,TC,0.887414079165679,0.887414079165679,1.4142135623730951,1.4142135623730951,1.0,0.0,0.0,0.9030390738060782,0.9999693029082581
baseline,1,BraTS-GLI-01247-000,ET,0.7839721254355401,0.7839721254355401,3.0,3.0,1.0,0.0,0.0,0.9598976109215017,0.9999358114662902
baseline,1,BraTS-GLI-01246-000,WT,0.9767319787361971,0.9767319787361971,1.0,1.0,1.0,0.0,0.0,0.9862481689923676,0.9996091444558575
baseline,1,BraTS-GLI-01246-000,TC,0.8839655143992219,0.8839655143992219,2.8284271247461903,2.8284271247461903,1.0,0.0,0.0,0.8032835999760322,0.9999468217986104
baseline,1,BraTS-GLI-01246-000,ET,0.8699005868966343,0.8699005868966343,1.4142135623730951,1.4142135623730951,1.0,0.0,0.0,0.9788667852714432,0.9994344208189708
baseline,1,BraTS-GLI-01293-000,WT,0.830266335869083,0.8302765671660184,9.0,9.0,1.0,0.0,0.0,0.7802981755854264,0.9985377018005044
baseline,1,BraTS-GLI-01293-000,TC,0.7428615998596044,0.7428615998596044,12.36931687685298,12.36931687685298,1.0,0.0,0.0,0.6082749664700998,0.9996875726591664
baseline,1,BraTS-GLI-01293-000,ET,0.4207139763657737,0.4207139763657737,26.076809620810597,26.076809620810597,1.0,0.0,0.0,0.28955884857775505,0.9998854900789098
baseline,1,BraTS-GLI-01284-000,WT,0.9416294713019425,0.4708576566041413,3.1622776601683795,188.5811388300842,1.0,1.0,0.0,0.9168003035904467,0.9994321489278146
baseline,1,BraTS-GLI-01284-000,TC,0.9501225754377873,0.9501225754377873,2.0,2.0,1.0,0.0,0.0,0.9331088200250116,0.9996424382313744
baseline,1,BraTS-GLI-01284-000,ET,0.9021703387043736,0.9021703387043736,2.0,2.0,1.0,0.0,0.0,0.8833496558848388,0.9993691732532622
baseline,1,BraTS-GLI-01255-000,WT,0.8169275362318841,0.8169748970954838,6.0,9.055385138137417,1.0,0.0,0.0,0.9378410754691867,0.9996983348554849
baseline,1,BraTS-GLI-01255-000,TC,0.9415481832543444,0.9415481832543444,1.0,1.0,1.0,0.0,0.0,0.962843295638126,0.9999885736843885
baseline,1,BraTS-GLI-01255-000,ET,0.9429477020602218,0.9429477020602218,1.0,1.0,1.0,0.0,0.0,0.9612277867528272,0.999989245820601
baseline,1,BraTS-GLI-01281-000,WT,0.9730616790592551,0.9730616790592551,1.0,1.0,1.0,0.0,0.0,0.9613288632303829,0.9997436596511401
baseline,1,BraTS-GLI-01281-000,TC,0.9408830096950168,0.9408830096950168,2.8284271247461903,2.8284271247461903,1.0,0.0,0.0,0.9442592723920289,0.9994991812019086
baseline,1,BraTS-GLI-01281-000,ET,0.8651591826276344,0.8651591826276344,2.23606797749979,2.23606797749979,1.0,0.0,0.0,0.8981844782868923,0.9990952267893926
baseline,1,BraTS-GLI-01249-000,WT,0.9278996865203761,0.9280124434938998,2.8284271247461903,2.8284271247461903,1.0,0.0,0.0,0.9145430159034298,0.9998671849634069
baseline,1,BraTS-GLI-01249-000,TC,0.9321449331524898,0.9321449331524898,1.4142135623730951,1.4142135623730951,1.0,0.0,0.0,0.8968680089485459,0.9999587193578168
baseline,1,BraTS-GLI-01249-000,ET,0.8242890307603018,0.8242890307603018,1.0,1.0,1.0,0.0,0.0,0.8697183098591549,0.9998239079039458
baseline,1,BraTS-GLI-01266-000,WT,0.9146412790181374,0.9146412790181374,10.344080432788601,10.344080432788601,1.0,0.0,0.0,0.9680124968401402,0.9973853738909637
baseline,1,BraTS-GLI-01266-000,TC,0.7640903838746951,0.797762875374378,12.806248474865697,7.300735254367722,2.0,0.0,0.0,0.6259136562023453,0.9999735098832269
baseline,1,BraTS-GLI-01266-000,ET,0.8413745227351614,0.8369794598275767,3.3166247903554,2.232050807568877,2.0,0.0,0.0,0.7435012652403957,0.999965114814325
baseline,1,BraTS-GLI-01263-000,WT,0.9366071197075372,0.662487423695975,2.449489742783178,95.74430406619682,3.0,1.0,0.0,0.9369877226353104,0.9995838862163859
baseline,1,BraTS-GLI-01263-000,TC,0.9085566459522537,0.9005260446716141,2.23606797749979,3.0615528128088303,2.0,0.0,0.0,0.915688941789945,0.9996031582709171
baseline,1,BraTS-GLI-01263-000,ET,0.7541217707386733,0.7684602619408496,1.4142135623730951,1.2071067811865475,2.0,0.0,0.0,0.9117162363650632,0.9992764089694778
baseline,1,BraTS-GLI-01307-000,WT,0.9866899723483817,0.9866899723483817,1.0,1.0,1.0,0.0,0.0,0.9781274855130099,0.9999091634121651
baseline,1,BraTS-GLI-01307-000,TC,0.9881935035806587,0.9881935035806587,1.0,1.0,1.0,0.0,0.0,0.9863405986499694,0.9999509230131784
baseline,1,BraTS-GLI-01307-000,ET,0.9792205166712394,0.9792205166712394,1.0,1.0,1.0,0.0,0.0,0.9744783583376444,0.9999380425911646
baseline,1,BraTS-GLI-01333-000,WT,0.9688962862789972,0.9694004995836802,1.0,1.0,1.0,0.0,0.0,0.9641821946169772,0.9999858794576367
baseline,1,BraTS-GLI-01333-000,TC,0.9773030707610146,0.9773030707610146,0.0,0.0,1.0,0.0,0.0,0.9891891891891892,0.9999956311772633
baseline,1,BraTS-GLI-01333-000,ET,0.9755872869645325,0.9755872869645325,0.0,0.0,1.0,0.0,0.0,0.9778393351800554,0.999996751398047
baseline,1,BraTS-GLI-01358-000,WT,0.985531635168447,0.985531635168447,1.0,1.0,1.0,0.0,0.0,0.9734186913217936,0.9999648962124609
baseline,1,BraTS-GLI-01358-000,TC,0.9865988682030673,0.9865988682030673,1.0,1.0,1.0,0.0,0.0,0.9784086842419182,0.9999479389894754
baseline,1,BraTS-GLI-01358-000,ET,0.9749727965179543,0.9749727965179543,0.0,0.0,1.0,0.0,0.0,0.9587303570870692,0.9999425765981925
baseline,1,BraTS-GLI-01320-000,WT,0.9828160105711962,0.4914108533122114,1.0,187.5,1.0,1.0,0.0,0.9732030469864905,0.9997818066936537
baseline,1,BraTS-GLI-01320-000,TC,0.9858268597439466,0.9858268597439466,1.0,1.0,1.0,0.0,0.0,0.9776714513556619,0.9999529127208486
baseline,1,BraTS-GLI-01320-000,ET,0.9742835865644071,0.9742835865644071,1.0,1.0,1.0,0.0,0.0,0.9591720145487784,0.9999419750150048
baseline,1,BraTS-GLI-01356-000,WT,0.9728053014681259,0.9728053014681259,1.4142135623730951,1.4142135623730951,1.0,0.0,0.0,0.9893813050741731,0.999290666276461
baseline,1,BraTS-GLI-01356-000,TC,0.986301795365596,0.986301795365596,1.0,1.0,1.0,0.0,0.0,0.9948305031643586,0.9997564605877146
baseline,1,BraTS-GLI-01356-000,ET,0.9536606132708165,0.9536606132708165,1.0,1.0,1.0,0.0,0.0,0.9849660290078542,0.9996231359634069
baseline,1,BraTS-GLI-01344-000,WT,0.9682418940762575,0.9682418940762575,1.0,1.0,1.0,0.0,0.0,0.9446196660482374,0.9999920378772756
baseline,1,BraTS-GLI-01344-000,TC,0.9634593904579544,0.9634593904579544,1.4142135623730951,1.4142135623730951,1.0,0.0,0.0,0.9927655376520881,0.9999768066161424
baseline,1,BraTS-GLI-01344-000,ET,0.9763830475574248,0.9763830475574248,0.0,0.0,1.0,0.0,0.0,0.9927631578947368,0.9999861063803087
baseline,1,BraTS-GLI-01336-000,WT,0.9802642904156752,0.9802642904156752,1.0,1.0,1.0,0.0,0.0,0.9677890190746591,0.9999619283022073
baseline,1,BraTS-GLI-01336-000,TC,0.9757947441708885,0.9757947441708885,1.0,1.0,1.0,0.0,0.0,0.9627031450952882,0.9999799122287842
baseline,1,BraTS-GLI-01336-000,ET,0.9523398283586118,0.9523398283586118,1.0,1.0,1.0,0.0,0.0,0.9246410229535688,0.9999816111729616
baseline,1,BraTS-GLI-01332-000,WT,0.9807248731371723,0.9807248731371723,1.0,1.0,1.0,0.0,0.0,0.9844039406222318,0.9998056134674062
baseline,1,BraTS-GLI-01332-000,TC,0.9815475024485798,0.9815475024485798,1.0,1.0,1.0,0.0,0.0,0.9830109467571703,0.9999428251326339
baseline,1,BraTS-GLI-01332-000,ET,0.9657208383145875,0.9657208383145875,1.0,1.0,1.0,0.0,0.0,0.9774781449103571,0.9998934635928949
baseline,1,BraTS-GLI-01341-000,WT,0.6045040014889261,0.9796287913082843,24.43358344574123,0.0,1.0,0.0,0.0,0.9724550898203593,0.9995340998984835
baseline,1,BraTS-GLI-01341-000,TC,0.9480642115203022,0.9480642115203022,1.0,1.0,1.0,0.0,0.0,0.902336728579988,0.9999995518037545
baseline,1,BraTS-GLI-01341-000,ET,0.9075206908960057,0.9075206908960057,1.0,1.0,1.0,0.0,0.0,0.8833625218914186,0.9999797202174306
baseline,1,BraTS-GLI-01325-000,WT,0.9569294540904114,0.9569294540904114,2.23606797749979,2.23606797749979,1.0,0.0,0.0,0.9342847761513146,0.9997262715951876
baseline,1,BraTS-GLI-01325-000,TC,0.9259366373077429,0.9259366373077429,2.23606797749979,2.23606797749979,1.0,0.0,0.0,0.8779040781732974,0.9999171906384017
baseline,1,BraTS-GLI-01325-000,ET,0.9378074933770657,0.9378074933770657,2.0,2.0,1.0,0.0,0.0,0.9007754860250956,0.9999154187749174
baseline,1,BraTS-GLI-01311-000,WT,0.8984229192627133,0.32949121979867163,65.33758489567853,249.66666666666666,1.0,0.0,2.0,0.8172939812677602,0.9999767850617195
baseline,1,BraTS-GLI-01311-000,TC,0.9809300177829303,0.4915467856123042,1.4142135623730951,187.5,1.0,0.0,1.0,0.9726449098879688,0.9999395043752306
baseline,1,BraTS-GLI-01311-000,ET,0.979668963844708,0.49094573517794565,1.0,187.5,1.0,0.0,1.0,0.9668508287292817,0.9999605760980993
baseline,1,BraTS-GLI-01322-000,WT,0.9581090121372368,0.48453408944451604,11.445523142259598,187.5,1.0,0.0,1.0,0.9212767260920174,0.9999966336302359
baseline,1,BraTS-GLI-01322-000,TC,0.938455267984512,0.4868379321281319,22.315913604421397,187.5,1.0,0.0,1.0,0.898186073727326,0.9999908101348075
baseline,1,BraTS-GLI-01322-000,ET,0.8948183442525313,0.4619926199261993,21.840329667841555,187.70710678118655,1.0,0.0,1.0,0.8734883720930232,0.9999620112733507
baseline,1,BraTS-GLI-01374-000,WT,0.9877193787990634,0.9877193787990634,1.0,1.0,1.0,0.0,0.0,0.995493346812949,0.99967635997374
baseline,1,BraTS-GLI-01374-000,TC,0.9928498317390888,0.9928498317390888,0.0,0.0,1.0,0.0,0.0,0.9883158388553334,0.9999803607038904
baseline,1,BraTS-GLI-01374-000,ET,0.9840458990145435,0.9840458990145435,0.0,0.0,1.0,0.0,0.0,0.9723142986288986,0.999977013835868
baseline,1,BraTS-GLI-01389-000,WT,0.9768204626116754,0.9768682838469636,1.0,1.0,1.0,0.0,0.0,0.9661550380090059,0.9999721578153405
baseline,1,BraTS-GLI-01389-000,TC,0.9909365558912386,0.9909365558912386,0.0,0.0,1.0,0.0,0.0,0.9868271263620101,0.9999966374690633
baseline,1,BraTS-GLI-01389-000,ET,0.9815895823978447,0.9815895823978447,0.0,0.0,1.0,0.0,0.0,0.9778573026168642,0.9999927158862822
baseline,1,BraTS-GLI-01407-000,WT,0.9681159420289855,0.32341647467361184,1.0,249.66666666666666,1.0,2.0,0.0,0.9509130178676615,0.9999845253556533
baseline,1,BraTS-GLI-01407-000,TC,0.9823301521307758,0.9823301521307758,0.0,0.0,1.0,0.0,0.0,0.9745031871016123,0.9999942842195371
baseline,1,BraTS-GLI-01407-000,ET,0.9745188689388238,0.9745188689388238,0.0,0.0,1.0,0.0,0.0,0.9585448392554992,0.999995405272864
baseline,1,BraTS-GLI-01375-000,WT,0.9645088336057681,0.9645088336057681,2.23606797749979,2.23606797749979,1.0,0.0,0.0,0.9635594926514999,0.9998265283711667
baseline,1,BraTS-GLI-01375-000,TC,0.7208994708994709,0.24330357142857142,48.38388161361178,280.5,1.0,3.0,0.0,0.9628975265017667,0.9998652297446355
baseline,1,BraTS-GLI-01375-000,ET,0.8806013298641225,0.320496632996633,48.47679857416329,249.33333333333334,1.0,2.0,0.0,0.9453755431409062,0.9999635911004999
baseline,1,BraTS-GLI-01397-000,WT,0.9709790236784609,0.4854932600404552,1.7320508075688772,187.86602540378445,1.0,1.0,0.0,0.9828235625087914,0.9996999103228255
baseline,1,BraTS-GLI-01397-000,TC,0.9591066016175827,0.9591066016175827,2.0,2.0,1.0,0.0,0.0,0.9327553593947037,0.9999561614517529
baseline,1,BraTS-GLI-01397-000,ET,0.9587685541506322,0.9587685541506322,1.0,1.0,1.0,0.0,0.0,0.9490957803081045,0.9999175661761667
baseline,1,BraTS-GLI-01395-000,WT,0.9799079386548573,0.9799079386548573,1.0,1.0,1.0,0.0,0.0,0.9828884026258206,0.9999404838773069
baseline,1,BraTS-GLI-01395-000,TC,0.8139778196275371,0.8139778196275371,2.8284271247461903,2.8284271247461903,1.0,0.0,0.0,0.7709076496234641,0.9999651559238795
baseline,1,BraTS-GLI-01395-000,ET,0.8117025956885173,0.8117025956885173,3.0,3.0,1.0,0.0,0.0,0.7312722948870393,0.9999800570882654
baseline,1,BraTS-GLI-01396-000,WT,0.9895802603164863,0.9895802603164863,1.0,1.0,1.0,0.0,0.0,0.9983214485541839,0.99981625959026
baseline,1,BraTS-GLI-01396-000,TC,0.9375908390222418,0.9375908390222418,2.23606797749979,2.23606797749979,1.0,0.0,0.0,0.9350786260212598,0.9999239621932847
baseline,1,BraTS-GLI-01396-000,ET,0.948825931597754,0.948825931597754,1.4142135623730951,1.4142135623730951,1.0,0.0,0.0,0.9489470325462668,0.999954933569054
baseline,1,BraTS-GLI-01390-000,WT,0.9807183654693908,0.9807183654693908,1.0,1.0,1.0,0.0,0.0,0.970487823382141,0.9999486213161146
baseline,1,BraTS-GLI-01390-000,TC,0.9845111541975886,0.9845111541975886,1.0,1.0,1.0,0.0,0.0,0.9801641890392723,0.9999721519314264
baseline,1,BraTS-GLI-01390-000,ET,0.967473576542789,0.967473576542789,1.0,1.0,1.0,0.0,0.0,0.9705178192762843,0.9999413241731729
baseline,1,BraTS-GLI-01385-000,WT,0.9803091888136182,0.9803091888136182,1.0,1.0,1.0,0.0,0.0,0.9640853587705932,0.9999530840036608
baseline,1,BraTS-GLI-01385-000,TC,0.9914438351916327,0.9914438351916327,1.0,1.0,1.0,0.0,0.0,0.9929601325151527,0.9998783687768003
baseline,1,BraTS-GLI-01385-000,ET,0.9818011594829138,0.9818011594829138,0.0,0.0,1.0,0.0,0.0,0.9711493253928678,0.9999433268558112
baseline,1,BraTS-GLI-01377-000,WT,0.9701418658298544,0.19445060627758198,1.0,299.4,1.0,4.0,0.0,0.9531569723162753,0.9998538386185584
baseline,1,BraTS-GLI-01377-000,TC,0.9883836395579084,0.49424024073442807,1.0,187.5,1.0,1.0,0.0,0.9846519468964386,0.99992468263229
baseline,1,BraTS-GLI-01377-000,ET,0.9848538508759503,0.4924750990429294,1.0,187.5,1.0,1.0,0.0,0.9793965719652501,0.9999082871753581
baseline,1,BraTS-GLI-01378-000,WT,0.9858322772363763,0.9858322772363763,1.0,1.0,1.0,0.0,0.0,0.9818590156513867,0.9998016145627932
baseline,1,BraTS-GLI-01378-000,TC,0.9878844286176757,0.9878844286176757,1.0,1.0,1.0,0.0,0.0,0.9783040795062916,0.9999673983299312
baseline,1,BraTS-GLI-01378-000,ET,0.9324043467073099,0.9324043467073099,1.0,1.0,1.0,0.0,0.0,0.8783516688420661,0.9999655186790725
baseline,1,BraTS-GLI-01387-000,WT,0.8979671180909407,0.8979671180909407,5.656854249492381,5.656854249492381,1.0,0.0,0.0,0.8258014886724379,0.9998593207580653
baseline,1,BraTS-GLI-01387-000,TC,0.9647333139026523,0.9644287084986515,1.0,0.5,2.0,0.0,0.0,0.9804502369668247,0.9999605436369441
baseline,1,BraTS-GLI-01387-000,ET,0.9393074581430746,0.9264352425664234,1.0,0.7071067811865476,2.0,0.0,0.0,0.9231488406881077,0.999974559133316
baseline,1,BraTS-GLI-01451-000,WT,0.7899060302445703,0.7899060302445703,4.123105625617661,4.123105625617661,1.0,0.0,0.0,0.6654259501965925,0.999958468614339
baseline,1,BraTS-GLI-01451-000,TC,0.9434801958166444,0.9434801958166444,1.4142135623730951,1.4142135623730951,1.0,0.0,0.0,0.910066537883666,0.9999800418940825
baseline,1,BraTS-GLI-01451-000,ET,0.9346366741255447,0.9346366741255447,1.4142135623730951,1.4142135623730951,1.0,0.0,0.0,0.8959132987130277,0.9999789217393332
baseline,1,BraTS-GLI-01409-000,WT,0.9552322185825652,0.23912076176915548,1.4142135623730951,280.75,1.0,3.0,0.0,0.9721418234442837,0.9997246128605795
baseline,1,BraTS-GLI-01409-000,TC,0.9762962170260581,0.6463512333581349,1.0,125.33333333333333,2.0,0.0,1.0,0.9737431956452129,0.9999335947072622
baseline,1,BraTS-GLI-01409-000,ET,0.9726556405055391,0.6430458370307192,1.0,125.33333333333333,2.0,0.0,1.0,0.9684247320180208,0.9999338369661969
baseline,1,BraTS-GLI-01411-000,WT,0.880432309896592,0.880432309896592,4.47213595499958,4.47213595499958,1.0,0.0,0.0,0.9872632558805629,0.9967632592264579
baseline,1,BraTS-GLI-01411-000,TC,0.9654011689246897,0.9654011689246897,1.0,1.0,1.0,0.0,0.0,0.9824965061185533,0.9996499170286446
baseline,1,BraTS-GLI-01411-000,ET,0.890083825630902,0.890083825630902,1.4142135623730951,1.4142135623730951,1.0,0.0,0.0,0.9594727648086391,0.9993047839519182
baseline,1,BraTS-GLI-01479-000,WT,0.8781698355301528,0.4391412638971523,8.831760866327848,191.3011626335213,1.0,1.0,0.0,0.7914334221633527,0.9997598923933384
baseline,1,BraTS-GLI-01479-000,TC,0.6922843354040373,0.6922843354040373,14.628738838327793,14.628738838327793,1.0,0.0,0.0,0.5299490275863578,0.9999777019415091
baseline,1,BraTS-GLI-01479-000,ET,0.8132486023929365,0.40665327805130863,7.14142842854285,190.64005494464027,1.0,1.0,0.0,0.7009916690862796,0.9997676064162352
baseline,1,BraTS-GLI-01452-000,WT,0.9113602457866206,0.9113602457866206,1.4142135623730951,1.4142135623730951,1.0,0.0,0.0,0.9916744350509499,0.999354606007874
baseline,1,BraTS-GLI-01452-000,TC,0.9093381686310064,0.9093381686310064,1.0,1.0,1.0,0.0,0.0,0.8389795064826433,0.9999966379841891
baseline,1,BraTS-GLI-01452-000,ET,0.8906712734452122,0.8906712734452122,1.0,1.0,1.0,0.0,0.0,0.8130209506645641,0.9999937244783781
baseline,1,BraTS-GLI-01417-000,WT,0.8696018880906757,0.2903162065098725,3.4641016151377544,250.33333333333334,1.0,2.0,0.0,0.9620856184005894,0.9982734694084696
baseline,1,BraTS-GLI-01417-000,TC,0.9436247982531093,0.9436247982531093,1.0,1.0,1.0,0.0,0.0,0.9487228437249436,0.9998173404978696
baseline,1,BraTS-GLI-01417-000,ET,0.8967784936680737,0.8967784936680737,1.4142135623730951,1.4142135623730951,1.0,0.0,0.0,0.9310328920053513,0.999646206408638
baseline,1,BraTS-GLI-01471-000,WT,0.9659569469472221,0.9659569469472221,2.23606797749979,2.23606797749979,1.0,0.0,0.0,0.9632341579395975,0.9992844357968182
baseline,1,BraTS-GLI-01471-000,TC,0.968411868857507,0.968411868857507,1.4142135623730951,1.4142135623730951,1.0,0.0,0.0,0.9668158218335838,0.9996027645769511
baseline,1,BraTS-GLI-01471-000,ET,0.915385700183331,0.915385700183331,1.0,1.0,1.0,0.0,0.0,0.8974835617280157,0.9995343514792211
baseline,1,BraTS-GLI-01419-000,WT,0.9379681105706124,0.9379681105706124,3.0,3.0,1.0,0.0,0.0,0.9243888518976505,0.9988747083533117
baseline,1,BraTS-GLI-01419-000,TC,0.7770590292126259,0.7770590292126259,11.180339887498949,11.180339887498949,1.0,0.0,0.0,0.6379139375277263,0.9999657679646445
baseline,1,BraTS-GLI-01419-000,ET,0.9174039123169173,0.9174039123169173,2.23606797749979,2.23606797749979,1.0,0.0,0.0,0.8811546995232026,0.9998101429791054
baseline,1,BraTS-GLI-01458-000,WT,0.9587121244334079,0.4793764457749354,8.48528137423857,191.2426406871193,1.0,1.0,0.0,0.9339088077407383,0.9999023415915208
baseline,1,BraTS-GLI-01458-000,TC,0.9071105186679637,0.9071105186679637,2.23606797749979,2.23606797749979,1.0,0.0,0.0,0.966106464072852,0.9992788764692891
baseline,1,BraTS-GLI-01458-000,ET,0.7683920793137543,0.25617176711657536,2.23606797749979,250.07868932583327,1.0,2.0,0.0,0.8409077615956015,0.9993326153365153
baseline,1,BraTS-GLI-01427-000,WT,0.9299684041883051,0.4649888148724995,2.0,188.0,1.0,1.0,0.0,0.9293368889593846,0.9992080095822797
baseline,1,BraTS-GLI-01427-000,TC,0.9546825980576112,0.9546825980576112,1.4142135623730951,1.4142135623730951,1.0,0.0,0.0,0.9459781056639696,0.9998647461139524
baseline,1,BraTS-GLI-01427-000,ET,0.8877014383171056,0.8877014383171056,1.4142135623730951,1.4142135623730951,1.0,0.0,0.0,0.906326821063527,0.9996468202083525
baseline,1,BraTS-GLI-01444-000,WT,0.9356534121960284,0.9356534121960284,2.23606797749979,2.23606797749979,1.0,0.0,0.0,0.8907168806150297,0.9997459991440456
baseline,1,BraTS-GLI-01444-000,TC,0.9572969086987778,0.9572969086987778,1.4142135623730951,1.4142135623730951,1.0,0.0,0.0,0.9590683450048755,0.9997732716295938
baseline,1,BraTS-GLI-01444-000,ET,0.9486010044070924,0.9486010044070924,1.0,1.0,1.0,0.0,0.0,0.9531925849639546,0.9997531825279329
baseline,1,BraTS-GLI-01466-000,WT,0.9693203123946208,0.9693203123946208,1.4142135623730951,1.4142135623730951,1.0,0.0,0.0,0.9709180571505776,0.9994540983625229
baseline,1,BraTS-GLI-01466-000,TC,0.9584733160764444,0.9584733160764444,1.4142135623730951,1.4142135623730951,1.0,0.0,0.0,0.9282392097458984,0.9999079718975833
baseline,1,BraTS-GLI-01466-000,ET,0.9173880556213665,0.9173880556213665,1.0,1.0,1.0,0.0,0.0,0.8617159682278828,0.999888608079026
baseline,1,BraTS-GLI-01480-000,WT,0.7672043760556615,0.08072063259150566,64.4980619863884,337.19160797830995,1.0,9.0,0.0,0.7134005763688761,0.999429008354604
baseline,1,BraTS-GLI-01480-000,TC,0.0,0.0,56.61271941887264,374.0,0.0,1.0,1.0,0.0,0.9999913652377705
baseline,1,BraTS-GLI-01480-000,ET,1.0,1.0,0.0,0.0,0.0,0.0,0.0,1.0,1.0
baseline,1,BraTS-GLI-01517-000,WT,0.9158720550424625,0.9158720550424625,3.7416573867739413,3.7416573867739413,1.0,0.0,0.0,0.9639016267290699,0.9974512686697621
baseline,1,BraTS-GLI-01517-000,TC,0.7725487406845428,0.3875884162781108,15.0996688705415,194.07106781186548,1.0,0.0,1.0,0.748170825042094,0.9986088842301474
baseline,1,BraTS-GLI-01517-000,ET,0.0,0.0,374.0,374.0,0.0,9.0,0.0,0.0,0.999925291218638
baseline,1,BraTS-GLI-01534-000,WT,0.9041838538597525,0.9041838538597525,3.605551275463989,3.605551275463989,1.0,0.0,0.0,0.8533248589814888,0.9997573621851616
baseline,1,BraTS-GLI-01534-000,TC,0.7785193071749461,0.7785193071749461,9.16515138991168,9.16515138991168,1.0,0.0,0.0,0.6548425145253594,0.9998585938782407
baseline,1,BraTS-GLI-01534-000,ET,0.0,0.0,374.0,374.0,0.0,4.0,0.0,0.0,0.9999717741935484
baseline,1,BraTS-GLI-01494-000,WT,0.9654239786952944,0.9654239786952944,3.605551275463989,3.605551275463989,1.0,0.0,0.0,0.9709000924055192,0.99911325568855
baseline,1,BraTS-GLI-01494-000,TC,0.6688804327965745,0.2230239266387483,9.219544457292887,252.40651481909762,1.0,2.0,0.0,0.9960959681998864,0.9953277927680948
baseline,1,BraTS-GLI-01494-000,ET,0.0,0.0,374.0,374.0,0.0,5.0,0.0,0.0,0.9999504928315412
baseline,1,BraTS-GLI-01493-000,WT,0.9356199044138319,0.9356199044138319,4.242640687119285,4.242640687119285,1.0,0.0,0.0,0.9292346852638278,0.9995031069374203
baseline,1,BraTS-GLI-01493-000,TC,0.7894199920162042,0.7894199920162042,7.810249675906654,7.810249675906654,1.0,0.0,0.0,0.7185111422112176,0.999574393612125
baseline,1,BraTS-GLI-01493-000,ET,0.8979037267080745,0.8979037267080745,1.4142135623730951,1.4142135623730951,1.0,0.0,0.0,0.8855767653010994,0.9998215431533909
baseline,1,BraTS-GLI-01536-000,WT,0.832669422522861,0.4165712710044537,5.0,189.2360679774998,1.0,1.0,0.0,0.9999197721529143,0.997743559406912
baseline,1,BraTS-GLI-01536-000,TC,0.5508352693882067,0.5508352693882067,12.529964086141668,12.529964086141668,1.0,0.0,0.0,0.9239190944516608,0.9982707619032026
baseline,1,BraTS-GLI-01536-000,ET,0.8079579994473611,0.8079579994473611,1.7320508075688772,1.7320508075688772,1.0,0.0,0.0,0.6985188724319159,0.9999928298603156
baseline,1,BraTS-GLI-01524-000,WT,0.9566690852460757,0.9566690852460757,4.47213595499958,4.47213595499958,1.0,0.0,0.0,0.924124314067388,0.9998959256184822
baseline,1,BraTS-GLI-01524-000,TC,0.9303505028954587,0.9303505028954587,4.58257569495584,4.58257569495584,1.0,0.0,0.0,0.9127902108776,0.9995324723664033
baseline,1,BraTS-GLI-01524-000,ET,0.0,0.0,374.0,374.0,0.0,11.0,0.0,0.0,0.9999615815412186
baseline,1,BraTS-GLI-01510-000,WT,0.9476421483318396,0.9476421483318396,4.242640687119285,4.242640687119285,1.0,0.0,0.0,0.9399542341394185,0.9993756375262295
baseline,1,BraTS-GLI-01510-000,TC,0.8742762155423189,0.8742762155423189,3.605551275463989,3.605551275463989,1.0,0.0,0.0,0.8811481703826769,0.9989116312061382
baseline,1,BraTS-GLI-01510-000,ET,0.0,0.0,374.0,374.0,0.0,23.0,0.0,0.0,0.9999846550179211
baseline,1,BraTS-GLI-01525-000,WT,0.8455126845088352,0.8455126845088352,12.727922061357855,12.727922061357855,1.0,0.0,0.0,0.7445684086905461,0.9999298129898609
baseline,1,BraTS-GLI-01525-000,TC,0.8370292539954653,0.8370292539954653,3.1622776601683795,3.1622776601683795,1.0,0.0,0.0,0.7326234269119071,0.9999792546707829
baseline,1,BraTS-GLI-01525-000,ET,0.8765174259235087,0.8765174259235087,3.1622776601683795,3.1622776601683795,1.0,0.0,0.0,0.8034218712610672,0.9999720840814015
baseline,1,BraTS-GLI-01527-000,WT,0.9689424862948347,0.9689424862948347,2.0,2.0,1.0,0.0,0.0,0.9803946210883498,0.9995718554878229
baseline,1,BraTS-GLI-01527-000,TC,0.9435019938550042,0.9435019938550042,2.0,2.0,1.0,0.0,0.0,0.9293464262717321,0.999715200295966
baseline,1,BraTS-GLI-01527-000,ET,0.33540372670807456,0.32142857142857145,18.681541692269406,4.123105625617661,1.0,0.0,0.0,0.226890756302521,0.9999983198700789
baseline,1,BraTS-GLI-01498-000,WT,0.8760378900941839,0.43803475489479504,6.6332495807108,190.3541019662497,1.0,1.0,0.0,0.814288350247421,0.9984547953777119
baseline,1,BraTS-GLI-01498-000,TC,0.6218977439685052,0.5383669160437885,23.173260452512935,13.129703349613008,2.0,0.0,0.0,0.458998685345369,0.9997678399133026
baseline,1,BraTS-GLI-01498-000,ET,0.8608391178819338,0.7603010718741923,17.916472867168917,9.860022573334675,2.0,0.0,0.0,0.8914276990407369,0.999205733032472
baseline,1,BraTS-GLI-01512-000,WT,0.9164268689687246,0.9164368580345821,13.416407864998739,13.379088160259652,1.0,0.0,0.0,0.8533565198562797,0.9998485230369696
baseline,1,BraTS-GLI-01512-000,TC,0.9163016328910141,0.9163065337383938,4.123105625617661,4.123105625617661,1.0,0.0,0.0,0.9092935619128496,0.9991958156149198
baseline,1,BraTS-GLI-01512-000,ET,0.0,0.0,26.627053911388696,374.0,0.0,6.0,0.0,0.0,0.9999954076896332
baseline,2,BraTS-GLI-00000-000,WT,0.959711206555822,0.32003303838955427,2.449489742783178,250.14982991426106,1.0,2.0,0.0,0.9533723060814938,0.9997841206354181
baseline,2,BraTS-GLI-00000-000,TC,0.9789631272525645,0.9789631272525645,1.0,1.0,1.0,0.0,0.0,0.9925791000472239,0.999823606176418
baseline,2,BraTS-GLI-00000-000,ET,0.9547508639276959,0.9547508639276959,1.0,1.0,1.0,0.0,0.0,0.9875958571384925,0.9997011894749894
baseline,2,BraTS-GLI-00036-001,WT,0.9799791532577307,0.9799791532577307,1.0,1.0,1.0,0.0,0.0,0.9733044447335819,0.9997359228058139
baseline,2,BraTS-GLI-00036-001,TC,0.9719102003728596,0.9719102003728596,2.8284271247461903,2.8284271247461903,1.0,0.0,0.0,0.9804814059709512,0.9997347916072317
baseline,2,BraTS-GLI-00036-001,ET,0.9584943617978717,0.9584943617978717,1.0,1.0,1.0,0.0,0.0,0.9600445422488533,0.9998167662379251
baseline,2,BraTS-GLI-00066-000,WT,0.9804501524291367,0.9804501524291367,1.0,1.0,1.0,0.0,0.0,0.9761068347367877,0.999934527924965
baseline,2,BraTS-GLI-00066-000,TC,0.9827841291190316,0.9827841291190316,0.0,0.0,1.0,0.0,0.0,0.9696125265392781,0.9999969732516156
baseline,2,BraTS-GLI-00066-000,ET,0.9510605086768892,0.9510605086768892,1.0,1.0,1.0,0.0,0.0,0.9142100617828773,0.9999947323206313
baseline,2,BraTS-GLI-00045-001,WT,0.9694732551293084,0.969495210272437,1.0,1.0,1.0,0.0,0.0,0.9453252660866492,0.9999876478843015
baseline,2,BraTS-GLI-00045-001,TC,0.9828910839950933,0.9828910839950933,1.0,1.0,1.0,0.0,0.0,0.9893423446841695,0.9999794850086982
baseline,2,BraTS-GLI-00045-001,ET,0.9681999275624774,0.9681999275624774,1.0,1.0,1.0,0.0,0.0,0.9897808056872038,0.9999585259820151
baseline,2,BraTS-GLI-00017-001,WT,0.9677931215149134,0.9679670012950944,1.4142135623730951,1.0,1.0,0.0,0.0,0.9744961789487964,0.9997053598441014
baseline,2,BraTS-GLI-00017-001,TC,0.0,0.0,374.0,374.0,0.0,2.0,0.0,0.0,0.9978698476702509
baseline,2,BraTS-GLI-00017-001,ET,0.0,0.0,374.0,374.0,0.0,4.0,0.0,0.0,0.9999951836917562
baseline,2,BraTS-GLI-00014-001,WT,0.9617424098611691,0.4809381565957016,1.4142135623730951,187.70710678118655,1.0,1.0,0.0,0.9843782383419689,0.9997277656534749
baseline,2,BraTS-GLI-00014-001,TC,0.16069489685124863,0.16074580259763768,13.601470508735444,13.490737563232042,1.0,0.0,0.0,0.08736717827626919,1.0
baseline,2,BraTS-GLI-00014-001,ET,0.12350468800517297,0.12354463130659767,13.638181696985855,13.601470508735444,1.0,0.0,0.0,0.06581667815299794,1.0
baseline,2,BraTS-GLI-00026-000,WT,0.9097419600295414,0.9097419600295414,4.242640687119285,4.242640687119285,1.0,0.0,0.0,0.8521298004360222,0.9998285993791639
baseline,2,BraTS-GLI-00026-000,TC,0.9494049857828462,0.9494049857828462,1.0,1.0,1.0,0.0,0.0,0.9388817805814265,0.9998528286303517
baseline,2,BraTS-GLI-00026-000,ET,0.935076703993786,0.935076703993786,1.0,1.0,1.0,0.0,0.0,0.9328425674803048,0.9997828488344648
baseline,2,BraTS-GLI-00032-000,WT,0.9677030540616552,0.9677030540616552,1.4142135623730951,1.4142135623730951,1.0,0.0,0.0,0.9539112624896744,0.9998242007270216
baseline,2,BraTS-GLI-00032-000,TC,0.9668171838104312,0.9668171838104312,1.0,1.0,1.0,0.0,0.0,0.965976821192053,0.9999562580193632
baseline,2,BraTS-GLI-00032-000,ET,0.940692836015441,0.940692836015441,1.0,1.0,1.0,0.0,0.0,0.9387632579547729,0.9999359722341519
baseline,2,BraTS-GLI-00054-000,WT,0.9399107792320096,0.31333546996589867,3.1622776601683795,250.38742588672278,1.0,2.0,0.0,0.9194216109706825,0.9995790434317068
baseline,2,BraTS-GLI-00054-000,TC,0.9135629037293183,0.9135629037293183,3.3166247903554,3.3166247903554,1.0,0.0,0.0,0.8505332111158309,0.9998838043650186
baseline,2,BraTS-GLI-00054-000,ET,0.7821836927632401,0.7821836927632401,2.23606797749979,2.23606797749979,1.0,0.0,0.0,0.7852934329053171,0.9985986503175495
baseline,2,BraTS-GLI-00059-001,WT,0.9766961160193366,0.9766961160193366,1.0,1.0,1.0,0.0,0.0,0.972556657223796,0.9999035215859475
baseline,2,BraTS-GLI-00059-001,TC,0.981533204978713,0.9815598221065192,1.0,1.0,1.0,0.0,0.0,0.9761596548004315,0.9999731745807265
baseline,2,BraTS-GLI-00059-001,ET,0.9688519915079692,0.9688826921858166,1.0,1.0,1.0,0.0,0.0,0.9607239364041978,0.999959829835593
baseline,2,BraTS-GLI-00043-000,WT,0.9819899765042807,0.9819899765042807,1.0,1.0,1.0,0.0,0.0,0.9864463781035059,0.999746978264708
baseline,2,BraTS-GLI-00043-000,TC,0.8316843966132184,0.8317359883378307,5.385164807134504,5.385164807134504,1.0,0.0,0.0,0.7233881845157809,0.999966327944495
baseline,2,BraTS-GLI-00043-000,ET,0.4059650858717931,0.4060224782639429,14.798648586948742,14.7648230602334,1.0,0.0,0.0,0.25508482103206326,0.9999979813252398
baseline,2,BraTS-GLI-00030-000,WT,0.9430753913334462,0.18871097076062066,3.7416573867739413,300.02462112512353,1.0,3.0,1.0,0.9673124512695346,0.9988737803070237
baseline,2,BraTS-GLI-00030-000,TC,0.9513182581218524,0.475729593600316,1.7320508075688772,187.86602540378445,1.0,1.0,0.0,0.9779717795147701,0.9996539385972768
baseline,2,BraTS-GLI-00030-000,ET,0.9050803992237316,0.4526343154246101,1.4142135623730951,187.70710678118655,1.0,1.0,0.0,0.9607136288394336,0.9995045397528204
baseline,2,BraTS-GLI-00095-001,WT,0.9858886600688683,0.9858886600688683,1.0,1.0,1.0,0.0,0.0,0.9758807945926763,0.9998935026483876
baseline,2,BraTS-GLI-00095-001,TC,0.989588025976787,0.989588025976787,1.0,1.0,1.0,0.0,0.0,0.9836877220170469,0.999950615197584
baseline,2,BraTS-GLI-00095-001,ET,0.9626865671641791,0.9626865671641791,1.0,1.0,1.0,0.0,0.0,0.9340187934086885,0.9999681447717691
baseline,2,BraTS-GLI-00072-000,WT,0.9506294544727902,0.24011238601568022,6.782329983125268,281.1123724356958,1.0,3.0,0.0,0.9604043014225919,0.9994951262743402
baseline,2,BraTS-GLI-00072-000,TC,0.9770301269307233,0.9770301269307233,1.0,1.0,1.0,0.0,0.0,0.9628066791247212,0.9999547207197649
baseline,2,BraTS-GLI-00072-000,ET,0.9429216479536948,0.9429216479536948,1.0,1.0,1.0,0.0,0.0,0.9310014661440412,0.9998357426472911
baseline,2,BraTS-GLI-00113-000,WT,0.8196945996275605,0.8196945996275605,8.0,8.0,1.0,0.0,0.0,0.7180404029858537,0.9998537631137928
baseline,2,BraTS-GLI-00113-000,TC,0.8467391304347827,0.8467391304347827,2.0,2.0,1.0,0.0,0.0,0.761485826001955,0.9999914855039584
baseline,2,BraTS-GLI-00113-000,ET,0.8040695766327536,0.8040695766327536,2.0,2.0,1.0,0.0,0.0,0.737063778580024,0.9999820755162979
baseline,2,BraTS-GLI-00077-000,WT,0.9626079161176141,0.48130519437152264,3.1622776601683795,188.5,1.0,1.0,0.0,0.950090762506465,0.999460071274257
baseline,2,BraTS-GLI-00077-000,TC,0.9822230423817433,0.9822230423817433,1.0,1.0,1.0,0.0,0.0,0.9712895377128954,0.9999581757879523
baseline,2,BraTS-GLI-00077-000,ET,0.964089389795862,0.32137200736648247,1.0,249.66666666666666,1.0,2.0,0.0,0.9453910122707696,0.9999343162132217
baseline,2,BraTS-GLI-00111-000,WT,0.8918775194002022,0.8918775194002022,3.605551275463989,3.605551275463989,1.0,0.0,0.0,0.8050501937823712,0.9999953192360902
baseline,2,BraTS-GLI-00111-000,TC,0.8719855364068468,0.8720491098117554,4.123105625617661,4.123105625617661,1.0,0.0,0.0,0.7973282849829352,0.9998673864765251
baseline,2,BraTS-GLI-00111-000,ET,0.5717581910475311,0.14317906049575316,7.874007874011811,282.5766559657295,1.0,3.0,0.0,0.8401423970164434,0.9992736015877874
baseline,2,BraTS-GLI-00110-000,WT,0.9719821714634439,0.9719821714634439,1.0,1.0,1.0,0.0,0.0,0.9829402689001543,0.9995933128594157
baseline,2,BraTS-GLI-00110-000,TC,0.9687868080094229,0.3230134834402409,1.0,249.66666666666666,1.0,2.0,0.0,0.9451608784473953,0.9999893406173196
baseline,2,BraTS-GLI-00110-000,ET,0.9796643103621562,0.3266423153826391,1.0,249.66666666666666,1.0,2.0,0.0,0.9689198144466534,0.999984516841301
baseline,2,BraTS-GLI-00090-000,WT,0.9591934205623173,0.9591934205623173,1.4142135623730951,1.4142135623730951,1.0,0.0,0.0,0.9359246171967021,0.9998279799306145
baseline,2,BraTS-GLI-00090-000,TC,0.9588059701492537,0.9588059701492537,1.0,1.0,1.0,0.0,0.0,0.975267748702661,0.9999400153134738
baseline,2,BraTS-GLI-00090-000,ET,0.9401254514350884,0.9401254514350884,1.0,1.0,1.0,0.0,0.0,0.9482361963190185,0.9999394630778585
baseline,2,BraTS-GLI-00097-000,WT,0.9633252430144772,0.9633252430144772,2.23606797749979,2.23606797749979,1.0,0.0,0.0,0.9421026264939526,0.9999347293818276
baseline,2,BraTS-GLI-00097-000,TC,0.9764864460086865,0.9764864460086865,1.0,1.0,1.0,0.0,0.0,0.9808725553406404,0.9999265559278294
baseline,2,BraTS-GLI-00097-000,ET,0.9500871494216447,0.9500871494216447,1.0,1.0,1.0,0.0,0.0,0.9564828994384891,0.9998998017128633
baseline,2,BraTS-GLI-00088-000,WT,0.969546925566343,0.48480288043368325,2.0,188.0,1.0,1.0,0.0,0.9568126472114655,0.9997592799072563
baseline,2,BraTS-GLI-00088-000,TC,0.9773671603851982,0.9773671603851982,1.0,1.0,1.0,0.0,0.0,0.9697508609121627,0.9998977007712595
baseline,2,BraTS-GLI-00088-000,ET,0.9436759986721257,0.9436759986721257,1.0,1.0,1.0,0.0,0.0,0.9283692575658611,0.9998380431291147
baseline,2,BraTS-GLI-00098-001,WT,0.9794564912653835,0.9794564912653835,1.0,1.0,1.0,0.0,0.0,0.9654469220506956,0.9998932796995413
baseline,2,BraTS-GLI-00098-001,TC,0.966733438762959,0.966733438762959,3.1622776601683795,3.1622776601683795,1.0,0.0,0.0,0.9490105704744294,0.9998827851601044
baseline,2,BraTS-GLI-00098-001,ET,0.9788632340918652,0.9788632340918652,1.0,1.0,1.0,0.0,0.0,0.9767622366545224,0.9998650854440054
baseline,2,BraTS-GLI-00094-000,WT,0.9723102585487906,0.9723102585487906,1.7320508075688772,1.7320508075688772,1.0,0.0,0.0,0.9691071428571428,0.999549717075842
baseline,2,BraTS-GLI-00094-000,TC,0.9568573853899172,0.9568573853899172,2.23606797749979,2.23606797749979,1.0,0.0,0.0,0.9446078276360034,0.9996800681434477
baseline,2,BraTS-GLI-00094-000,ET,0.8137802016614877,0.8137802016614877,1.7320508075688772,1.7320508075688772,1.0,0.0,0.0,0.7480980557903635,0.9996509886275589
baseline,2,BraTS-GLI-00074-000,WT,0.9745139787639683,0.9245619203886781,1.0,1.618033988749895,2.0,0.0,0.0,0.9639089547636877,0.9997025053576476
baseline,2,BraTS-GLI-00074-000,TC,0.9564093922031233,0.5870615074671153,2.0,125.60947570824874,2.0,1.0,0.0,0.9449859023599672,0.9998421696739047
baseline,2,BraTS-GLI-00074-000,ET,0.9211783940137082,0.5384027155546577,1.0,125.47140452079104,2.0,1.0,0.0,0.909680824639841,0.9997633712658749
baseline,2,BraTS-GLI-00120-000,WT,0.9684319867560417,0.48612272830963427,3.1622776601683795,187.5,1.0,1.0,0.0,0.9775229357798165,0.9995725654222741
baseline,2,BraTS-GLI-00120-000,TC,0.9693271238156416,0.9693271238156416,1.4142135623730951,1.4142135623730951,1.0,0.0,0.0,0.959364238410596,0.9998718349748489
baseline,2,BraTS-GLI-00120-000,ET,0.9089669703166635,0.9089669703166635,2.23606797749979,2.23606797749979,1.0,0.0,0.0,0.928025509945842,0.9994936145480794
baseline,2,BraTS-GLI-00151-000,WT,0.9504836045591132,0.9504836045591132,3.0,3.0,1.0,0.0,0.0,0.929337025748705,0.999441159340973
baseline,2,BraTS-GLI-00151-000,TC,0.9378187849885963,0.9378187849885963,5.385164807134504,5.385164807134504,1.0,0.0,0.0,0.9520111132158868,0.9991581548148314
baseline,2,BraTS-GLI-00151-000,ET,0.9058129491114256,0.9058129491114256,3.1622776601683795,3.1622776601683795,1.0,0.0,0.0,0.9357414978040477,0.9988362515003123
baseline,2,BraTS-GLI-00195-000,WT,0.9858181048472447,0.9858181048472447,1.0,1.0,1.0,0.0,0.0,0.9924282243973123,0.9998332506736864
baseline,2,BraTS-GLI-00195-000,TC,0.9849917763157895,0.9849917763157895,0.0,0.0,1.0,0.0,0.0,0.9923363711681856,0.9999877846129157
baseline,2,BraTS-GLI-00195-000,ET,0.9414350071420723,0.9414350071420723,2.23606797749979,2.23606797749979,1.0,0.0,0.0,0.9812185066422354,0.999949460051813
baseline,2,BraTS-GLI-00124-000,WT,0.8665155242551412,0.8665155242551412,16.278820596099706,16.278820596099706,1.0,0.0,0.0,0.7652565092924979,0.9999793188804682
baseline,2,BraTS-GLI-00124-000,TC,0.9614331860977271,0.9614331860977271,2.0,2.0,1.0,0.0,0.0,0.9930593323492088,0.9990439348532102
baseline,2,BraTS-GLI-00124-000,ET,0.4799218150778138,0.4799218150778138,10.816653826391969,10.816653826391969,1.0,0.0,0.0,0.9945904371234457,0.9905648501321015
baseline,2,BraTS-GLI-00194-000,WT,0.9754099215077189,0.9754099215077189,1.0,1.0,1.0,0.0,0.0,0.9849272677515104,0.9998149878323251
baseline,2,BraTS-GLI-00194-000,TC,0.9817323939171742,0.9817323939171742,1.0,1.0,1.0,0.0,0.0,0.9895880197956167,0.9999076080811232
baseline,2,BraTS-GLI-00194-000,ET,0.9542765881935408,0.9542765881935408,1.0,1.0,1.0,0.0,0.0,0.9575048964330227,0.9999068582722928
baseline,2,BraTS-GLI-00128-000,WT,0.9752779419472105,0.9752779419472105,1.0,1.0,1.0,0.0,0.0,0.9925777969448669,0.9993553762811896
baseline,2,BraTS-GLI-00128-000,TC,0.9447215485288061,0.31560039746235574,2.0,250.0,1.0,2.0,0.0,0.917433231124739,0.9998743666831251
baseline,2,BraTS-GLI-00128-000,ET,0.9239664493044842,0.30874529985617993,2.8284271247461903,249.91068360252294,1.0,2.0,0.0,0.8809888751545117,0.9998817446877936
baseline,2,BraTS-GLI-00137-000,WT,0.9605538658203298,0.9605538658203298,1.4142135623730951,1.4142135623730951,1.0,0.0,0.0,0.9359393539173525,0.9997270565959473
baseline,2,BraTS-GLI-00137-000,TC,0.9722016534397296,0.9722016534397296,1.0,1.0,1.0,0.0,0.0,0.9799272957167694,0.9997691368683574
baseline,2,BraTS-GLI-00137-000,ET,0.9565322337322739,0.9565322337322739,1.0,1.0,1.0,0.0,0.0,0.9558977245316395,0.9997603131787653
baseline,2,BraTS-GLI-00171-000,WT,0.9247808764940239,0.9247808764940239,4.0,4.0,1.0,0.0,0.0,0.9219745475921896,0.9994891178953237
baseline,2,BraTS-GLI-00171-000,TC,0.9405473888174688,0.4702912187214697,3.605551275463989,188.802775637732,1.0,1.0,0.0,0.9274323927101705,0.9998633828211088
baseline,2,BraTS-GLI-00171-000,ET,0.9172781726083858,0.4586479198767334,5.196152422706632,189.59807621135332,1.0,1.0,0.0,0.8749632569077014,0.9998997841089055
baseline,2,BraTS-GLI-00199-000,WT,0.981028192371476,0.5007636629646677,1.0,4.653311931459037,2.0,0.0,0.0,0.9805078565272161,0.9998429837160558
baseline,2,BraTS-GLI-00199-000,TC,0.9876560676263573,0.987818539875709,1.0,1.0,1.0,0.0,0.0,0.987597849665189,0.9999413657261624
baseline,2,BraTS-GLI-00199-000,ET,0.9713717209453423,0.9716456107567941,0.0,0.0,1.0,0.0,0.0,0.9660756835345907,0.9999359783557422
baseline,2,BraTS-GLI-00146-000,WT,0.954214409791391,0.954214409791391,8.306623862918075,8.306623862918075,1.0,0.0,0.0,0.9724339540926809,0.9986108188231418
baseline,2,BraTS-GLI-00146-000,TC,0.9104386550665597,0.9104386550665597,5.0,5.0,1.0,0.0,0.0,0.9471916514229166,0.998486626410476
baseline,2,BraTS-GLI-00146-000,ET,0.6523178394313767,0.3262118940529735,2.449489742783178,188.22474487139158,1.0,1.0,0.0,0.9374887795770349,0.9970683636869451
baseline,2,BraTS-GLI-00192-000,WT,0.969092441697106,0.49183600713012476,66.39277069079132,187.5,1.0,0.0,1.0,0.9655114495269022,0.9998911415050227
baseline,2,BraTS-GLI-00192-000,TC,0.9801338279651909,0.9801338279651909,1.0,1.0,1.0,0.0,0.0,0.9977412296181266,0.9999393078151677
baseline,2,BraTS-GLI-00192-000,ET,0.9817509446096954,0.9817509446096954,0.0,0.0,1.0,0.0,0.0,0.9912337662337662,0.9999611919674102
baseline,2,BraTS-GLI-00142-000,WT,0.9493332716527693,0.6342035074832949,3.0,126.8113261334034,2.0,1.0,0.0,0.925966451962233,0.9997512260798332
baseline,2,BraTS-GLI-00142-000,TC,0.9455541627916381,0.9474583787886219,2.0,1.9142135623730951,2.0,0.0,0.0,0.9345949402501899,0.9997619948190789
baseline,2,BraTS-GLI-00142-000,ET,0.8874638464459961,0.8923839012272192,1.0,1.2071067811865475,2.0,0.0,0.0,0.9719084946408575,0.9992327531023987
baseline,2,BraTS-GLI-00259-000,WT,0.9870124613586574,0.9870124613586574,1.0,1.0,1.0,0.0,0.0,0.9793963491776613,0.9999416655736041
baseline,2,BraTS-GLI-00259-000,TC,0.9874879296529904,0.9874879296529904,1.0,1.0,1.0,0.0,0.0,0.9843935608077663,0.9999743923432207
baseline,2,BraTS-GLI-00259-000,ET,0.9768300319699417,0.9768300319699417,0.0,0.0,1.0,0.0,0.0,0.9681824121259637,0.9999757649034063
baseline,2,BraTS-GLI-00201-000,WT,0.9856816001180899,0.9856816001180899,1.0,1.0,1.0,0.0,0.0,0.9940386775472643,0.9996142463042472
baseline,2,BraTS-GLI-00201-000,TC,0.98199064620249,0.98199064620249,1.0,1.0,1.0,0.0,0.0,0.9878994314190667,0.9997942965353821
baseline,2,BraTS-GLI-00201-000,ET,0.9494591520985957,0.9494591520985957,1.0,1.0,1.0,0.0,0.0,0.9448860346370479,0.99980562442815
baseline,2,BraTS-GLI-00212-000,WT,0.8347381438293288,0.8347381438293288,5.0990195135927845,5.0990195135927845,1.0,0.0,0.0,0.7415050343033521,0.9997057763500432
baseline,2,BraTS-GLI-00212-000,TC,0.9766345965050068,0.9766345965050068,0.0,0.0,1.0,0.0,0.0,0.9609737248840804,0.9999979832863738
baseline,2,BraTS-GLI-00212-000,ET,0.8808313066548751,0.8808313066548751,2.0,2.0,1.0,0.0,0.0,0.9431818181818182,0.9999530578918311
baseline,2,BraTS-GLI-00282-000,WT,0.9675572703625269,0.9675572703625269,1.0,1.0,1.0,0.0,0.0,0.9532056778127084,0.9998987101030193
baseline,2,BraTS-GLI-00282-000,TC,0.9711263163002863,0.9711263163002863,1.0,1.0,1.0,0.0,0.0,0.9751486209921061,0.9999618737440061
baseline,2,BraTS-GLI-00282-000,ET,0.9520755173665739,0.9520755173665739,1.0,1.0,1.0,0.0,0.0,0.9737591286050253,0.999934977002599
baseline,2,BraTS-GLI-00231-000,WT,0.9716811555265565,0.9716811555265565,5.830951894845301,5.830951894845301,1.0,0.0,0.0,0.9587104429381098,0.999869360507252
baseline,2,BraTS-GLI-00231-000,TC,0.9713720076063456,0.4857239618610952,1.0,187.5,1.0,1.0,0.0,0.9750039219787691,0.9999302942447179
baseline,2,BraTS-GLI-00231-000,ET,0.9242358551918491,0.4621680216802168,1.0,187.5,1.0,1.0,0.0,0.9163890381515314,0.9999304831031894
baseline,2,BraTS-GLI-00237-000,WT,0.9722551050606688,0.9722551050606688,1.0,1.0,1.0,0.0,0.0,0.9985752008966736,0.9996704359405775
baseline,2,BraTS-GLI-00237-000,TC,0.9737496917662355,0.9737496917662355,1.0,1.0,1.0,0.0,0.0,0.9869132548734494,0.9999008532793592
baseline,2,BraTS-GLI-00237-000,ET,0.9590935380409065,0.9590935380409065,1.0,1.0,1.0,0.0,0.0,0.9696470338082075,0.9998894399803888
baseline,2,BraTS-GLI-00253-000,WT,0.9545048603716553,0.47726062687848864,1.4142135623730951,187.70710678118655,1.0,1.0,0.0,0.9940617789622422,0.9994402672380164
baseline,2,BraTS-GLI-00253-000,TC,0.9795389048991354,0.9795389048991354,0.0,0.0,1.0,0.0,0.0,0.9924087591240875,0.9999870021821767
baseline,2,BraTS-GLI-00253-000,ET,0.9761263686950278,0.9761263686950278,0.0,0.0,1.0,0.0,0.0,0.9763016157989228,0.9999924931780355
baseline,2,BraTS-GLI-00280-000,WT,0.8538326675944837,0.28670441648611084,8.12403840463596,251.36092084343272,1.0,1.0,1.0,0.7705356560318393,0.9998816501010526
baseline,2,BraTS-GLI-00280-000,TC,0.9278115834172395,0.9278115834172395,1.7320508075688772,1.7320508075688772,1.0,0.0,0.0,0.8883393411015174,0.9999644462230056
baseline,2,BraTS-GLI-00280-000,ET,0.8694918115819686,0.8694918115819686,1.4142135623730951,1.4142135623730951,1.0,0.0,0.0,0.8030980351387879,0.9999523456107112
baseline,2,BraTS-GLI-00270-000,WT,0.8594583437442287,0.8594583437442287,18.57417562100671,18.57417562100671,1.0,0.0,0.0,0.8122920859172861,0.999572488918611
baseline,2,BraTS-GLI-00270-000,TC,0.9647269828616979,0.9647269828616979,1.0,1.0,1.0,0.0,0.0,0.9971163748712667,0.999961896842425
baseline,2,BraTS-GLI-00270-000,ET,0.9704142011834319,0.9704142011834319,1.0,1.0,1.0,0.0,0.0,0.9964984552008239,0.9999688450652768
baseline,2,BraTS-GLI-00266-000,WT,0.978882687862901,0.4894454826553018,1.0,187.5,1.0,1.0,0.0,0.9901974760924482,0.9993404273477811
baseline,2,BraTS-GLI-00266-000,TC,0.9792565259667406,0.9792565259667406,1.0,1.0,1.0,0.0,0.0,0.974929878124457,0.9998521603910561
baseline,2,BraTS-GLI-00266-000,ET,0.9520207878984734,0.9520207878984734,1.0,1.0,1.0,0.0,0.0,0.9601066941201245,0.9997264008339204
baseline,2,BraTS-GLI-00249-000,WT,0.9870344034615268,0.9870344034615268,1.0,1.0,1.0,0.0,0.0,0.9914970250985935,0.9997375062227168
baseline,2,BraTS-GLI-00249-000,TC,0.9777774186249475,0.9777774186249475,5.0,5.0,1.0,0.0,0.0,0.9788373485203942,0.9998373597326383
baseline,2,BraTS-GLI-00249-000,ET,0.9610349416607348,0.9610349416607348,1.0,1.0,1.0,0.0,0.0,0.9352730339447607,0.9999585150828029
baseline,2,BraTS-GLI-00291-000,WT,0.9510297406175932,0.6303985912822382,2.0,125.80473785412437,2.0,1.0,0.0,0.9882336559214648,0.9994170596901116
baseline,2,BraTS-GLI-00291-000,TC,0.9363422805868987,0.9517917115999072,2.0,1.0,3.0,0.0,0.0,0.9778010134319955,0.9998455510457159
baseline,2,BraTS-GLI-00291-000,ET,0.9333811173495798,0.9488184816440564,2.0,1.0,3.0,0.0,0.0,0.9720494318653065,0.9998501560631332
baseline,2,BraTS-GLI-00340-000,WT,0.8250724310820423,0.8250724310820423,5.830951894845301,5.830951894845301,1.0,0.0,0.0,0.7204447676180088,0.9999037660958512
baseline,2,BraTS-GLI-00340-000,TC,0.9606944135321611,0.9606944135321611,1.0,1.0,1.0,0.0,0.0,0.9707628643396905,0.9999374220860112
baseline,2,BraTS-GLI-00340-000,ET,0.957618658680461,0.957618658680461,1.0,1.0,1.0,0.0,0.0,0.9733419426252191,0.999927667545235
baseline,2,BraTS-GLI-00297-000,WT,0.9255909989289697,0.9255909989289697,4.0,4.0,1.0,0.0,0.0,0.9071803473837996,0.9994453118324232
baseline,2,BraTS-GLI-00297-000,TC,0.9310106160010139,0.9310106160010139,6.324555320336759,6.324555320336759,1.0,0.0,0.0,0.9970143021192192,0.9992191533771279
baseline,2,BraTS-GLI-00297-000,ET,0.8372135404802041,0.8372135404802041,4.898979485566356,4.898979485566356,1.0,0.0,0.0,0.9751645085969008,0.9992504340478492
baseline,2,BraTS-GLI-00364-000,WT,0.9875333867963919,0.9875333867963919,1.0,1.0,1.0,0.0,0.0,0.997790158840704,0.9998061747133905
baseline,2,BraTS-GLI-00364-000,TC,0.99308267846219,0.99308267846219,0.0,0.0,1.0,0.0,0.0,0.9921022940955246,0.9999787547161157
baseline,2,BraTS-GLI-00364-000,ET,0.9842385984538244,0.9842385984538244,0.0,0.0,1.0,0.0,0.0,0.9882857945199984,0.9999441765781321
baseline,2,BraTS-GLI-00318-000,WT,0.9395472449155926,0.9395472449155926,2.0,2.0,1.0,0.0,0.0,0.9196169234896824,0.9992567845815005
baseline,2,BraTS-GLI-00318-000,TC,0.9557432002376204,0.9557432002376204,2.0,2.0,1.0,0.0,0.0,0.9308399628060751,0.9999070904617942
baseline,2,BraTS-GLI-00318-000,ET,0.8905131209432945,0.8905131209432945,1.4142135623730951,1.4142135623730951,1.0,0.0,0.0,0.8488813246817715,0.9998174115656795
baseline,2,BraTS-GLI-00299-000,WT,0.9311271547611475,0.9311271547611475,4.0,4.0,1.0,0.0,0.0,0.9868205949271088,0.9991114784468689
baseline,2,BraTS-GLI-00299-000,TC,0.7992884672398458,0.7992884672398458,3.4641016151377544,3.4641016151377544,1.0,0.0,0.0,0.7894120402904662,0.9998220744704109
baseline,2,BraTS-GLI-00299-000,ET,0.8211382113821138,0.8211382113821138,2.449489742783178,2.449489742783178,1.0,0.0,0.0,0.8070937894294126,0.99987310650411
baseline,2,BraTS-GLI-00377-000,WT,0.956573505451811,0.3237368114097874,10.954451150103322,249.66666666666666,1.0,2.0,0.0,0.9976472126004836,0.9996965404941984
baseline,2,BraTS-GLI-00377-000,TC,0.9702564791191084,0.9702564791191084,1.0,1.0,1.0,0.0,0.0,0.9694753790419965,0.999951644176534
baseline,2,BraTS-GLI-00377-000,ET,0.9434357541899442,0.9434357541899442,2.0,2.0,1.0,0.0,0.0,0.965965965965966,0.9998716627548487
baseline,2,BraTS-GLI-00320-000,WT,0.8459511514965319,0.42298557198057357,6.0,190.0,1.0,1.0,0.0,0.9082743396513664,0.998939989237887
baseline,2,BraTS-GLI-00320-000,TC,0.9255654165473804,0.308742778016521,2.8284271247461903,250.2761423749154,1.0,2.0,0.0,0.9013102871480345,0.9999627837153197
baseline,2,BraTS-GLI-00320-000,ET,0.815674300254453,0.40808636317343927,1.7320508075688772,187.86602540378445,1.0,1.0,0.0,0.9273316361953251,0.9998322440778069
baseline,2,BraTS-GLI-00356-000,WT,0.9838542480226069,0.4920459064825862,1.0,187.5,1.0,1.0,0.0,0.9955455930108917,0.9998895785916503
baseline,2,BraTS-GLI-00356-000,TC,0.9794140934283452,0.9794140934283452,1.0,1.0,1.0,0.0,0.0,0.9890065960423746,0.9999312976173744
baseline,2,BraTS-GLI-00356-000,ET,0.9533396699213686,0.9533396699213686,1.0,1.0,1.0,0.0,0.0,0.9599756373444706,0.9999304660446069
baseline,2,BraTS-GLI-00353-000,WT,0.9128308749242271,0.32685478036175714,63.12685640834652,250.0,1.0,2.0,0.0,0.9942901700372271,0.998344914973044
baseline,2,BraTS-GLI-00353-000,TC,0.9785186148658789,0.9785186148658789,2.0,2.0,1.0,0.0,0.0,0.9919870169388376,0.9998026739259835
baseline,2,BraTS-GLI-00353-000,ET,0.9830007207296767,0.9830007207296767,0.0,0.0,1.0,0.0,0.0,0.9825855815571123,0.9999249528508128
baseline,2,BraTS-GLI-00336-000,WT,0.9834632615873625,0.9834632615873625,1.0,1.0,1.0,0.0,0.0,0.9892505719246989,0.9996279123148272
baseline,2,BraTS-GLI-00336-000,TC,0.9839596423392943,0.9839596423392943,1.0,1.0,1.0,0.0,0.0,0.9962685425906102,0.9998943262766145
baseline,2,BraTS-GLI-00336-000,ET,0.9573358147928828,0.9573358147928828,1.0,1.0,1.0,0.0,0.0,0.9887581547064306,0.9998518656843716
baseline,2,BraTS-GLI-00347-000,WT,0.9794795368565861,0.9794795368565861,1.0,1.0,1.0,0.0,0.0,0.9760667161706746,0.9998320224105859
baseline,2,BraTS-GLI-00347-000,TC,0.9833970522675385,0.9833970522675385,1.0,1.0,1.0,0.0,0.0,0.9798890803359896,0.9999457869973375
baseline,2,BraTS-GLI-00347-000,ET,0.9526483605387142,0.9526483605387142,1.0,1.0,1.0,0.0,0.0,0.9698643410852713,0.9998464191410249
baseline,2,BraTS-GLI-00325-000,WT,0.9850589626456095,0.9850589626456095,1.0,1.0,1.0,0.0,0.0,0.9822804590450659,0.9998082720211531
baseline,2,BraTS-GLI-00325-000,TC,0.9562413922624264,0.9562413922624264,1.4142135623730951,1.4142135623730951,1.0,0.0,0.0,0.969123400655599,0.9996921419052407
baseline,2,BraTS-GLI-00325-000,ET,0.8924171483874342,0.8924171483874342,3.605551275463989,3.605551275463989,1.0,0.0,0.0,0.8328573172220188,0.9998448301373856
baseline,2,BraTS-GLI-00405-000,WT,0.9812728934582265,0.9812728934582265,1.0,1.0,1.0,0.0,0.0,0.996260169408744,0.999440616946916
baseline,2,BraTS-GLI-00405-000,TC,0.9765051880245853,0.9765051880245853,1.0,1.0,1.0,0.0,0.0,0.9830999035230713,0.9998972796065966
baseline,2,BraTS-GLI-00405-000,ET,0.9693285336467823,0.9693285336467823,1.0,1.0,1.0,0.0,0.0,0.953773312129536,0.9999560690545027
baseline,2,BraTS-GLI-00442-000,WT,0.9451215265687025,0.31932516059201393,14.866068747318506,251.36092084343272,1.0,0.0,2.0,0.9050148935224293,0.999948778646527
baseline,2,BraTS-GLI-00442-000,TC,0.968383871832474,0.968383871832474,1.4142135623730951,1.4142135623730951,1.0,0.0,0.0,0.9892078219129539,0.9998122954146468
baseline,2,BraTS-GLI-00442-000,ET,0.909322229932917,0.909322229932917,1.4142135623730951,1.4142135623730951,1.0,0.0,0.0,0.9072934297584244,0.9998713404663285
baseline,2,BraTS-GLI-00479-001,WT,0.9873890104233689,0.9873890104233689,1.0,1.0,1.0,0.0,0.0,0.9862214338963009,0.999899663261771
baseline,2,BraTS-GLI-00479-001,TC,0.9956968173490691,0.9956968173490691,0.0,0.0,1.0,0.0,0.0,0.9959938629389703,0.9999939436544527
baseline,2,BraTS-GLI-00479-001,ET,0.9908708585495948,0.9908708585495948,0.0,0.0,1.0,0.0,0.0,0.990667623833453,0.9999902447218059
baseline,2,BraTS-GLI-00407-000,WT,0.9390471611171215,0.9390471611171215,2.0,2.0,1.0,0.0,0.0,0.9638808916673521,0.9987712387426005
baseline,2,BraTS-GLI-00407-000,TC,0.9426956263016959,0.9426956263016959,1.4142135623730951,1.4142135623730951,1.0,0.0,0.0,0.9024723709695796,0.9999759832448342
baseline,2,BraTS-GLI-00407-000,ET,0.8878153090721894,0.8878153090721894,1.4142135623730951,1.4142135623730951,1.0,0.0,0.0,0.8553987027851965,0.9998947828325516
baseline,2,BraTS-GLI-00477-001,WT,0.9760053184088063,0.9760053184088063,1.0,1.0,1.0,0.0,0.0,0.9812086169915135,0.9993491689626063
baseline,2,BraTS-GLI-00477-001,TC,0.9818808928517637,0.9818808928517637,1.0,1.0,1.0,0.0,0.0,0.9717381907075886,0.999942443854262
baseline,2,BraTS-GLI-00477-001,ET,0.9658776621269096,0.9658776621269096,1.0,1.0,1.0,0.0,0.0,0.9396995161701044,0.999959522363894
baseline,2,BraTS-GLI-00464-001,WT,0.9517890954993445,0.9517890954993445,1.0,1.0,1.0,0.0,0.0,0.9144509749043754,0.9999914772227094
baseline,2,BraTS-GLI-00464-001,TC,0.9735779198922921,0.9735779198922921,1.0,1.0,1.0,0.0,0.0,0.9593698175787728,0.9999922662819982
baseline,2,BraTS-GLI-00464-001,ET,0.9674498077744553,0.9674498077744553,1.0,1.0,1.0,0.0,0.0,0.9603120759837178,0.999983524065624
baseline,2,BraTS-GLI-00413-000,WT,0.9910826625642153,0.9910826625642153,0.0,0.0,1.0,0.0,0.0,0.9970373318298897,0.9998466768074966
baseline,2,BraTS-GLI-00413-000,TC,0.99424330089711,0.99424330089711,0.0,0.0,1.0,0.0,0.0,0.9912886402703727,0.9999893182538561
baseline,2,BraTS-GLI-00413-000,ET,0.9845916795069337,0.9845916795069337,0.0,0.0,1.0,0.0,0.0,0.9745145219778357,0.9999833679702844
baseline,2,BraTS-GLI-00410-000,WT,0.9077549777287091,0.796612789498488,10.488088481701515,6.586253778767396,2.0,0.0,0.0,0.9199428990315984,0.9993756310441382
baseline,2,BraTS-GLI-00410-000,TC,0.9893051253579569,0.9893051253579569,0.0,0.0,1.0,0.0,0.0,0.9882078225335669,0.99999080659257
baseline,2,BraTS-GLI-00410-000,ET,0.974166978659678,0.974166978659678,1.0,1.0,1.0,0.0,0.0,0.9631091918568785,0.9999871074715566
baseline,2,BraTS-GLI-00449-000,WT,0.9873834065256052,0.9874035645666559,1.0,1.0,1.0,0.0,0.0,0.9867029957928333,0.9996980737356995
baseline,2,BraTS-GLI-00449-000,TC,0.9711923492210397,0.9711923492210397,2.23606797749979,2.23606797749979,1.0,0.0,0.0,0.9591259734087281,0.9998513442829102
baseline,2,BraTS-GLI-00449-000,ET,0.9284956538186364,0.9284956538186364,2.0,2.0,1.0,0.0,0.0,0.8736555395638919,0.9999400905952051
baseline,2,BraTS-GLI-00423-000,WT,0.9559157212317666,0.9559157212317666,1.0,1.0,1.0,0.0,0.0,0.9584830134455506,0.9996909648773297
baseline,2,BraTS-GLI-00423-000,TC,0.962768411712511,0.962768411712511,1.0,1.0,1.0,0.0,0.0,0.9485057578441886,0.9998944300245513
baseline,2,BraTS-GLI-00423-000,ET,0.9478774352536383,0.9478774352536383,1.0,1.0,1.0,0.0,0.0,0.9359103847213296,0.9998573408262563
baseline,2,BraTS-GLI-00446-000,WT,0.9852098074102681,0.9852098074102681,1.0,1.0,1.0,0.0,0.0,0.9909685773081458,0.9994856375093193
baseline,2,BraTS-GLI-00446-000,TC,0.9798231120614248,0.9798231120614248,2.0,2.0,1.0,0.0,0.0,0.9897310033379147,0.9996480907848732
baseline,2,BraTS-GLI-00446-000,ET,0.9671516888323815,0.9671516888323815,1.0,1.0,1.0,0.0,0.0,0.9646274204586627,0.9997462014649834
baseline,2,BraTS-GLI-00418-000,WT,0.906830569837653,0.45342229422640506,19.519221295943137,196.75961064797156,1.0,1.0,0.0,0.8413497946164261,0.9997165767312809
baseline,2,BraTS-GLI-00418-000,TC,0.9867134127361196,0.9867134127361196,1.0,1.0,1.0,0.0,0.0,0.9820956853536836,0.9999705529868094
baseline,2,BraTS-GLI-00418-000,ET,0.9801487380687475,0.9801487380687475,0.0,0.0,1.0,0.0,0.0,0.9660253943824548,0.9999849472197851
baseline,2,BraTS-GLI-00499-000,WT,0.9759684175233634,0.9759684175233634,1.0,1.0,1.0,0.0,0.0,0.9755584087004135,0.9997166199240678
baseline,2,BraTS-GLI-00499-000,TC,0.9887237007463389,0.9887237007463389,1.0,1.0,1.0,0.0,0.0,0.9881408065618592,0.9999295336366957
baseline,2,BraTS-GLI-00499-000,ET,0.9614924181963288,0.9614924181963288,1.0,1.0,1.0,0.0,0.0,0.9745197168857431,0.9997659881824033
baseline,2,BraTS-GLI-00574-000,WT,0.9727325158604779,0.48643944523863264,1.0,187.5,1.0,1.0,0.0,0.9796254394116934,0.9996126403385931
baseline,2,BraTS-GLI-00574-000,TC,0.98276929426331,0.98276929426331,1.0,1.0,1.0,0.0,0.0,0.9812506438652518,0.9999658756170733
baseline,2,BraTS-GLI-00574-000,ET,0.9727354874894837,0.9727354874894837,0.0,0.0,1.0,0.0,0.0,0.968060034730836,0.9999596044648736
baseline,2,BraTS-GLI-00599-000,WT,0.9790217859219186,0.9790217859219186,1.0,1.0,1.0,0.0,0.0,0.9882362427652445,0.9996127665009222
baseline,2,BraTS-GLI-00599-000,TC,0.9761046959199384,0.9761046959199384,1.0,1.0,1.0,0.0,0.0,0.9741249500629975,0.9999201839950024
baseline,2,BraTS-GLI-00599-000,ET,0.9629317269076305,0.9629317269076305,1.0,1.0,1.0,0.0,0.0,0.9636283256972912,0.9998943066912064
baseline,2,BraTS-GLI-00555-001,WT,0.9414922671161259,0.23545023104783314,2.23606797749979,281.05901699437493,1.0,3.0,0.0,0.9542851719446993,0.9997410185770836
baseline,2,BraTS-GLI-00555-001,TC,0.9641358610762304,0.9641358610762304,1.0,1.0,1.0,0.0,0.0,0.9702872642090987,0.9999226865839791
baseline,2,BraTS-GLI-00555-001,ET,0.9400486689772141,0.9400486689772141,1.0,1.0,1.0,0.0,0.0,0.9274645325572936,0.9999294388594447
baseline,2,BraTS-GLI-00567-000,WT,0.9307782192100958,0.9307782192100958,1.7320508075688772,1.7320508075688772,1.0,0.0,0.0,0.9341401632423304,0.999649310934251
baseline,2,BraTS-GLI-00567-000,TC,0.9510016587980095,0.9510016587980095,1.7320508075688772,1.7320508075688772,1.0,0.0,0.0,0.9640097008892482,0.9997798152763689
baseline,2,BraTS-GLI-00567-000,ET,0.910763436187165,0.910763436187165,1.4142135623730951,1.4142135623730951,1.0,0.0,0.0,0.9374254473161033,0.9997264219993983
baseline,2,BraTS-GLI-00584-000,WT,0.9292658925408385,0.9292658925408385,4.123105625617661,4.123105625617661,1.0,0.0,0.0,0.9465918203688853,0.9998731427071638
baseline,2,BraTS-GLI-00584-000,TC,0.9624721076475758,0.9624721076475758,1.0,1.0,1.0,0.0,0.0,0.9334994753410283,0.9999946190609006
baseline,2,BraTS-GLI-00584-000,ET,0.9628790025502976,0.9628790025502976,1.0,1.0,1.0,0.0,0.0,0.9412742382271468,0.9999887902178958
baseline,2,BraTS-GLI-00537-000,WT,0.8068895051817253,0.8068895051817253,13.038404810405298,13.038404810405298,1.0,0.0,0.0,0.6806496857568068,0.9999318588355037
baseline,2,BraTS-GLI-00537-000,TC,0.9172735346358792,0.9176036839766142,2.0,1.8251407699364424,2.0,0.0,0.0,0.8717137190361649,0.9999229585965347
baseline,2,BraTS-GLI-00537-000,ET,0.8743370442926084,0.8865350842883719,2.8284271247461903,2.0,2.0,0.0,0.0,0.8433496174762651,0.9997910468340283
baseline,2,BraTS-GLI-00597-000,WT,0.9591344049033711,0.9591344049033711,3.3166247903554,3.3166247903554,1.0,0.0,0.0,0.9761804733351157,0.9994730746573997
baseline,2,BraTS-GLI-00597-000,TC,0.0,0.0,25.573423705088842,374.0,0.0,3.0,1.0,0.0,0.9999986554260283
baseline,2,BraTS-GLI-00597-000,ET,0.0,0.0,374.0,374.0,0.0,0.0,1.0,0.0,1.0
baseline,2,BraTS-GLI-00570-000,WT,0.9242954058365696,0.46219983883964544,2.23606797749979,188.1180339887499,1.0,1.0,0.0,0.9665835327424084,0.9991641350923669
baseline,2,BraTS-GLI-00570-000,TC,0.9365534010591605,0.9365727002967359,2.0,2.0,1.0,0.0,0.0,0.9184787001859187,0.9998807178226218
baseline,2,BraTS-GLI-00570-000,ET,0.8774042718996847,0.87743535246192,2.0,2.0,1.0,0.0,0.0,0.8433775961865849,0.9998697454314136
baseline,2,BraTS-GLI-00572-000,WT,0.9564365785837953,0.9564365785837953,2.449489742783178,2.449489742783178,1.0,0.0,0.0,0.9828906221918694,0.9993165272529246
baseline,2,BraTS-GLI-00572-000,TC,0.9480756153950768,0.6299763813628323,1.4142135623730951,125.47140452079104,2.0,1.0,0.0,0.9688142753905165,0.9998487095021543
baseline,2,BraTS-GLI-00572-000,ET,0.9407238613832085,0.6274079637639212,1.0,125.33333333333333,2.0,1.0,0.0,0.9541361507984152,0.9998609637022123
baseline,2,BraTS-GLI-00580-000,WT,0.9401904515544921,0.9401904515544921,3.0,3.0,1.0,0.0,0.0,0.9240939196318473,0.9992526230025195
baseline,2,BraTS-GLI-00580-000,TC,0.9528715294428919,0.3176711211078769,1.7320508075688772,249.91068360252294,1.0,2.0,0.0,0.9416138309693444,0.9997601164974437
baseline,2,BraTS-GLI-00580-000,ET,0.9179832274755462,0.3060700336308745,1.0,249.66666666666666,1.0,2.0,0.0,0.9522373658183573,0.9995436678090523
baseline,2,BraTS-GLI-00587-000,WT,0.9470393443368788,0.9471039785763964,2.23606797749979,2.23606797749979,1.0,0.0,0.0,0.9700938063820297,0.9986551295273746
baseline,2,BraTS-GLI-00587-000,TC,0.9652202295682448,0.5482619239746764,2.23606797749979,9.734841823820442,2.0,0.0,0.0,0.9516139124527357,0.9997437650923665
baseline,2,BraTS-GLI-00587-000,ET,0.9107939662180472,0.4888691434322279,1.0,125.57735026918964,2.0,1.0,0.0,0.883656121286478,0.9996349881551515
baseline,2,BraTS-GLI-00610-000,WT,0.9421594745914835,0.9421594745914835,2.23606797749979,2.23606797749979,1.0,0.0,0.0,0.9414486234091621,0.9995476279878623
baseline,2,BraTS-GLI-00610-000,TC,0.9551762829976969,0.9551762829976969,1.0,1.0,1.0,0.0,0.0,0.9207560059205283,0.9999929365997038
baseline,2,BraTS-GLI-00610-000,ET,0.930199226028379,0.930199226028379,1.0,1.0,1.0,0.0,0.0,0.8822729744426319,0.9999878932507563
baseline,2,BraTS-GLI-00621-000,WT,0.7559702990166566,0.3779977924206442,6.164414002968976,190.08220700148448,1.0,1.0,0.0,0.8422582448295137,0.998836219753257
baseline,2,BraTS-GLI-00621-000,TC,0.41380640185113765,0.41380640185113765,16.0,16.0,1.0,0.0,0.0,0.2829641350210971,0.9999640304215232
baseline,2,BraTS-GLI-00621-000,ET,0.41157056882158805,0.41157056882158805,16.0,16.0,1.0,0.0,0.0,0.2795358649789029,0.9999664956262786
baseline,2,BraTS-GLI-00624-000,WT,0.899155338524482,0.899155338524482,9.16515138991168,9.16515138991168,1.0,0.0,0.0,0.8979702122050877,0.9991481146345569
baseline,2,BraTS-GLI-00624-000,TC,0.9731265730291467,0.9731265730291467,1.0,1.0,1.0,0.0,0.0,0.9775871068772022,0.9998912035361548
baseline,2,BraTS-GLI-00624-000,ET,0.9060326030526425,0.9060326030526425,1.0,1.0,1.0,0.0,0.0,0.9110461474211735,0.999838786272668
baseline,2,BraTS-GLI-00616-000,WT,0.9866516769720817,0.9866553743877624,1.0,1.0,1.0,0.0,0.0,0.9919300757261802,0.9997167800702308
baseline,2,BraTS-GLI-00616-000,TC,0.9920874479845972,0.9920874479845972,0.0,0.0,1.0,0.0,0.0,0.99111486151097,0.9999686083296165
baseline,2,BraTS-GLI-00616-000,ET,0.9687147234317046,0.9687147234317046,0.0,0.0,1.0,0.0,0.0,0.9521821832399873,0.9999709285162521
baseline,2,BraTS-GLI-00611-000,WT,0.7106311199456861,0.7106311199456861,10.0,10.0,1.0,0.0,0.0,0.5674095766083963,0.9997013078642472
baseline,2,BraTS-GLI-00611-000,TC,0.979749624436655,0.979749624436655,1.0,1.0,1.0,0.0,0.0,0.9868060038734667,0.9999231738284233
baseline,2,BraTS-GLI-00611-000,ET,0.9445987428738488,0.9445987428738488,1.0,1.0,1.0,0.0,0.0,0.9419138546753152,0.9999193428879666
baseline,2,BraTS-GLI-00654-000,WT,0.8656685163857187,0.8656685163857187,9.273618495495704,9.273618495495704,1.0,0.0,0.0,0.8061539724733919,0.9993782958670717
baseline,2,BraTS-GLI-00654-000,TC,0.9857269222788875,0.9488572887985778,1.0,0.5,2.0,0.0,0.0,0.9792995703684416,0.9999602563141233
baseline,2,BraTS-GLI-00654-000,ET,0.9535521861918401,0.8527669528871272,1.0,1.0,2.0,0.0,0.0,0.9344429614508911,0.9999270993423665
baseline,2,BraTS-GLI-00630-000,WT,0.8998051809686158,0.48230092105370503,28.74021572639983,187.5,1.0,1.0,0.0,0.9603788297215634,0.9987901573145124
baseline,2,BraTS-GLI-00630-000,TC,0.8027827342168047,0.4824686121888329,45.70557952810576,187.5,1.0,1.0,0.0,0.9809407153356198,0.9989393315139111
baseline,2,BraTS-GLI-00630-000,ET,0.7905798936439605,0.4797049860431765,45.19955751995809,187.5,1.0,1.0,0.0,0.9704191058384707,0.9989501270500052
baseline,2,BraTS-GLI-00625-000,WT,0.9640883792439022,0.9640883792439022,1.4142135623730951,1.4142135623730951,1.0,0.0,0.0,0.9343726819619224,0.9999302509575108
baseline,2,BraTS-GLI-00625-000,TC,0.9899867118801601,0.9899867118801601,1.0,1.0,1.0,0.0,0.0,0.9858134490238611,0.9999550731754122
baseline,2,BraTS-GLI-00625-000,ET,0.9637030215627335,0.9637030215627335,1.0,1.0,1.0,0.0,0.0,0.9606484688928918,0.9998929109041197
baseline,2,BraTS-GLI-00612-001,WT,0.9686650635267237,0.9686650635267237,1.0,1.0,1.0,0.0,0.0,0.9654361799816346,0.9998288171025125
baseline,2,BraTS-GLI-00612-001,TC,0.8471806047398529,0.8237446853591829,1.4142135623730951,1.4142135623730951,2.0,0.0,0.0,0.9179456906729634,0.9999527240047563
baseline,2,BraTS-GLI-00612-001,ET,0.862380146644106,0.8399855660673965,1.4142135623730951,1.4142135623730951,2.0,0.0,0.0,0.9025974025974026,0.9999638148188064
baseline,2,BraTS-GLI-00628-000,WT,0.9503106668055121,0.9503106668055121,1.4142135623730951,1.4142135623730951,1.0,0.0,0.0,0.9927837107682266,0.9993995162995598
baseline,2,BraTS-GLI-00628-000,TC,0.9580861244019139,0.6303247600066084,1.4142135623730951,1.9138857955913136,3.0,0.0,0.0,0.9365178348715391,0.9999834080382674
baseline,2,BraTS-GLI-00628-000,ET,0.9412683943221773,0.6171436244523839,4.69041575982343,3.0410352085392205,3.0,0.0,0.0,0.9265478784771183,0.9999631174147572
baseline,2,BraTS-GLI-00613-001,WT,0.8988232716517103,0.45003199561203033,6.0,190.0,1.0,1.0,0.0,0.8215239303117282,0.9999562475558397
baseline,2,BraTS-GLI-00613-001,TC,0.8131021194605009,0.8647540983606558,44.75488800120049,1.4142135623730951,1.0,0.0,0.0,0.7033333333333334,0.9999982077648587
baseline,2,BraTS-GLI-00613-001,ET,0.8074656188605108,0.8598326359832636,44.75488800120049,1.4142135623730951,1.0,0.0,0.0,0.685,0.9999992158971257
baseline,2,BraTS-GLI-00610-001,WT,0.8884618586452813,0.8894614754212216,7.0710678118654755,9.1104335791443,1.0,0.0,0.0,0.8750819940964251,0.9992165852195368
baseline,2,BraTS-GLI-00610-001,TC,0.8567511994516792,0.43224441641918554,23.769728648009426,189.29128784747792,1.0,0.0,1.0,0.8773740710156895,0.9997680545632572
baseline,2,BraTS-GLI-00610-001,ET,0.8202298155427881,0.4171151776103337,22.38302928559939,188.5,1.0,0.0,1.0,0.7557815547506269,0.9999299391917023
baseline,2,BraTS-GLI-00685-000,WT,0.8793268126367714,0.8793268126367714,6.708203932499369,6.708203932499369,1.0,0.0,0.0,0.8141448288986153,0.9996199653182997
baseline,2,BraTS-GLI-00685-000,TC,0.9780788571007045,0.9780788571007045,1.0,1.0,1.0,0.0,0.0,0.9917967386425971,0.9998364066898188
baseline,2,BraTS-GLI-00685-000,ET,0.9288809319944994,0.9288809319944994,1.0,1.0,1.0,0.0,0.0,0.9640241275312366,0.9997673252346502
baseline,2,BraTS-GLI-00675-001,WT,0.0,0.0,374.0,374.0,0.0,0.0,1.0,0.0,1.0
baseline,2,BraTS-GLI-00675-001,TC,1.0,1.0,0.0,0.0,0.0,0.0,0.0,1.0,1.0
baseline,2,BraTS-GLI-00675-001,ET,1.0,1.0,0.0,0.0,0.0,0.0,0.0,1.0,1.0
baseline,2,BraTS-GLI-00656-000,WT,0.9541464035848741,0.4824685673809102,48.187135212627034,188.0,1.0,0.0,1.0,0.9548760185753089,0.9993346175959735
baseline,2,BraTS-GLI-00656-000,TC,0.5562059620596206,0.11174997277578133,15.165750888103101,302.25286750449476,1.0,4.0,0.0,0.920523860782203,0.9991319625402328
baseline,2,BraTS-GLI-00656-000,ET,0.7704280155642024,0.7712720632988436,7.211102550927978,6.708203932499369,1.0,0.0,0.0,0.6606882168925965,0.9999707504198323
baseline,2,BraTS-GLI-00723-000,WT,0.9693439754560054,0.48476203604370316,1.0,187.5,1.0,1.0,0.0,0.9739896922113578,0.9996657982244344
baseline,2,BraTS-GLI-00723-000,TC,0.9656213911344053,0.9656213911344053,1.4142135623730951,1.4142135623730951,1.0,0.0,0.0,0.9525896065200246,0.9999214056316069
baseline,2,BraTS-GLI-00723-000,ET,0.9214451600545885,0.9214451600545885,1.0,1.0,1.0,0.0,0.0,0.8660995589161941,0.9999656402997513
baseline,2,BraTS-GLI-00714-000,WT,0.9578000087370583,0.9578000087370583,1.4142135623730951,1.4142135623730951,1.0,0.0,0.0,0.9267652335640951,0.999794035213897
baseline,2,BraTS-GLI-00714-000,TC,0.9792406142105187,0.9792406142105187,1.0,1.0,1.0,0.0,0.0,0.9722398507663609,0.9998413418310649
baseline,2,BraTS-GLI-00714-000,ET,0.933291378225299,0.933291378225299,1.0,1.0,1.0,0.0,0.0,0.9038949293171585,0.9998102992416814
baseline,2,BraTS-GLI-00708-000,WT,0.9166689868307487,0.45834725470542376,3.7416573867739413,188.87082869338698,1.0,1.0,0.0,0.9958862673926194,0.999671771323923
baseline,2,BraTS-GLI-00708-000,TC,0.9545430150807707,0.9545430150807707,1.0,1.0,1.0,0.0,0.0,0.9994380759721285,0.9999055958772531
baseline,2,BraTS-GLI-00708-000,ET,0.9055019425993233,0.9055019425993233,1.4142135623730951,1.4142135623730951,1.0,0.0,0.0,0.9984798231066888,0.9998321892609198
baseline,2,BraTS-GLI-00682-000,WT,0.9549763033175356,0.9549763033175356,1.4142135623730951,1.4142135623730951,1.0,0.0,0.0,0.9263235114317153,0.999873618193554
baseline,2,BraTS-GLI-00682-000,TC,0.9757775044554331,0.9757775044554331,1.0,1.0,1.0,0.0,0.0,0.9836538461538461,0.9999279318922705
baseline,2,BraTS-GLI-00682-000,ET,0.941389874234118,0.941389874234118,1.0,1.0,1.0,0.0,0.0,0.941997418522104,0.9999175602684911
baseline,2,BraTS-GLI-00682-001,WT,0.9848493551365944,0.9848493551365944,1.0,1.0,1.0,0.0,0.0,0.9773484635891679,0.9999040159891663
baseline,2,BraTS-GLI-00682-001,TC,0.9691050494089019,0.9691050494089019,1.0,1.0,1.0,0.0,0.0,0.9400918718897537,0.9999998875981662
baseline,2,BraTS-GLI-00682-001,ET,0.9565439579492983,0.9565439579492983,1.0,1.0,1.0,0.0,0.0,0.9177348182391258,0.9999964042705579
baseline,2,BraTS-GLI-00692-001,WT,0.9859661697247707,0.9859661697247707,1.0,1.0,1.0,0.0,0.0,0.9869706840390879,0.999881467245844
baseline,2,BraTS-GLI-00692-001,TC,0.9733712139452015,0.9733712139452015,1.4142135623730951,1.4142135623730951,1.0,0.0,0.0,0.9991597054026,0.9998777471665464
baseline,2,BraTS-GLI-00692-001,ET,0.9607673801739559,0.9607673801739559,1.0,1.0,1.0,0.0,0.0,0.9981415021789285,0.9998605313318664
baseline,2,BraTS-GLI-00674-001,WT,0.9730368054329829,0.9734793008094085,1.0,1.2071067811865475,2.0,0.0,0.0,0.9557969997440618,0.9998794124182727
baseline,2,BraTS-GLI-00674-001,TC,0.9818838761479399,0.9801832948265028,1.0,1.0,2.0,0.0,0.0,0.9764772424807027,0.9999577430471579
baseline,2,BraTS-GLI-00674-001,ET,0.9664576665058973,0.9648257471694436,1.0,1.0,2.0,0.0,0.0,0.9666695903868082,0.9999135336463041
baseline,2,BraTS-GLI-00697-000,WT,0.9666881252718573,0.24171072185543402,1.0,280.75,1.0,3.0,0.0,0.993995992557607,0.9990061741459629
baseline,2,BraTS-GLI-00697-000,TC,0.9885037105688176,0.9885037105688176,1.0,1.0,1.0,0.0,0.0,0.9955936251698719,0.9998457395023529
baseline,2,BraTS-GLI-00697-000,ET,0.9664417920774953,0.9664417920774953,1.0,1.0,1.0,0.0,0.0,0.9780520361495875,0.9997634621929611
baseline,2,BraTS-GLI-00683-001,WT,0.9887572703504842,0.9887572703504842,1.0,1.0,1.0,0.0,0.0,0.9828872584478661,0.9998839081065114
baseline,2,BraTS-GLI-00683-001,TC,0.9883873187609317,0.9883873187609317,1.4142135623730951,1.4142135623730951,1.0,0.0,0.0,0.9878019658225793,0.999869323431986
baseline,2,BraTS-GLI-00683-001,ET,0.9760819622158943,0.9760819622158943,0.0,0.0,1.0,0.0,0.0,0.9744663163207743,0.9998310505406044
baseline,2,BraTS-GLI-00727-001,WT,0.9680773285926473,0.9680773285926473,1.0,1.0,1.0,0.0,0.0,0.9386477431293979,0.9999915851592684
baseline,2,BraTS-GLI-00727-001,TC,0.9611844551878022,0.9611844551878022,2.23606797749979,2.23606797749979,1.0,0.0,0.0,0.9316901725769386,0.9999653294256144
baseline,2,BraTS-GLI-00727-001,ET,0.8699028086428017,0.8699028086428017,4.123105625617661,4.123105625617661,1.0,0.0,0.0,0.8243682127270882,0.9998430675952096
baseline,2,BraTS-GLI-00765-000,WT,0.9344076650992856,0.467402047628816,2.23606797749979,188.1180339887499,1.0,1.0,0.0,0.9107955629445913,0.9995173468775598
baseline,2,BraTS-GLI-00765-000,TC,0.8955866152575048,0.8955866152575048,4.242640687119285,4.242640687119285,1.0,0.0,0.0,0.9024525618343914,0.9996343480455993
baseline,2,BraTS-GLI-00765-000,ET,0.8774540194255012,0.8774540194255012,1.4142135623730951,1.4142135623730951,1.0,0.0,0.0,0.8099189318073439,0.9999148986811541
baseline,2,BraTS-GLI-00730-001,WT,0.9901237588218713,0.9901237588218713,1.0,1.0,1.0,0.0,0.0,0.993659197899209,0.9998570348530464
baseline,2,BraTS-GLI-00730-001,TC,0.985709463260943,0.985709463260943,1.0,1.0,1.0,0.0,0.0,0.9912642013307382,0.9999503700184608
baseline,2,BraTS-GLI-00730-001,ET,0.9625894769841684,0.9625894769841684,1.0,1.0,1.0,0.0,0.0,0.9863475746867973,0.999867891181843
baseline,2,BraTS-GLI-00805-000,WT,0.9630121396054628,0.322017604887031,1.4142135623730951,249.80473785412437,1.0,2.0,0.0,0.9537742605877726,0.99973956304265
baseline,2,BraTS-GLI-00805-000,TC,0.8794528355656882,0.8794528355656882,2.8284271247461903,2.8284271247461903,1.0,0.0,0.0,0.7894602200051164,0.9999974227066936
baseline,2,BraTS-GLI-00805-000,ET,0.8005082592121983,0.8005082592121983,2.449489742783178,2.449489742783178,1.0,0.0,0.0,0.6708244599939154,0.9999980951768421
baseline,2,BraTS-GLI-00737-000,WT,0.9168730394584778,0.18768301185219613,10.488088481701515,299.4828427124746,1.0,4.0,0.0,0.9149470736027019,0.9997795303783665
baseline,2,BraTS-GLI-00737-000,TC,0.9525798367923922,0.9525798367923922,2.0,2.0,1.0,0.0,0.0,0.9137134052388289,0.9999914719570456
baseline,2,BraTS-GLI-00737-000,ET,0.9325448785638859,0.9325448785638859,1.4142135623730951,1.4142135623730951,1.0,0.0,0.0,0.8855286378950746,0.9999809321572886
baseline,2,BraTS-GLI-00799-000,WT,0.9785980588819322,0.9785980588819322,1.0,1.0,1.0,0.0,0.0,0.9770983486331335,0.999550759224928
baseline,2,BraTS-GLI-00799-000,TC,0.9756491068001135,0.9756491068001135,1.0,1.0,1.0,0.0,0.0,0.9761215629522432,0.9997474590328088
baseline,2,BraTS-GLI-00799-000,ET,0.9648385621911127,0.9648385621911127,1.0,1.0,1.0,0.0,0.0,0.944581805780544,0.9998933122712564
baseline,2,BraTS-GLI-00739-000,WT,0.9490830232864279,0.9490830232864279,3.0,3.0,1.0,0.0,0.0,0.9125898817269728,0.9997281348175533
baseline,2,BraTS-GLI-00739-000,TC,0.9443803847897908,0.9443803847897908,1.7320508075688772,1.7320508075688772,1.0,0.0,0.0,0.9141896806882885,0.9999018916571117
baseline,2,BraTS-GLI-00739-000,ET,0.9387381895763487,0.9387381895763487,1.0,1.0,1.0,0.0,0.0,0.892211769249869,0.9999646863784902
baseline,2,BraTS-GLI-00789-000,WT,0.9898211227482547,0.9898211227482547,1.0,1.0,1.0,0.0,0.0,0.983789616320795,0.9999453933252933
baseline,2,BraTS-GLI-00789-000,TC,0.9893021100956071,0.9893021100956071,1.0,1.0,1.0,0.0,0.0,0.9816738062898339,0.9999843471024403
baseline,2,BraTS-GLI-00789-000,ET,0.96287238432967,0.96287238432967,1.0,1.0,1.0,0.0,0.0,0.9322776380050318,0.9999841469989201
baseline,2,BraTS-GLI-00751-000,WT,0.9521343319713319,0.9521343319713319,3.1622776601683795,3.1622776601683795,1.0,0.0,0.0,0.9303429095705029,0.9998119266075759
baseline,2,BraTS-GLI-00751-000,TC,0.986623788217748,0.986623788217748,1.0,1.0,1.0,0.0,0.0,0.9899457538346427,0.9999596928844805
baseline,2,BraTS-GLI-00751-000,ET,0.9680093252169408,0.9680093252169408,0.0,0.0,1.0,0.0,0.0,0.9819997372224412,0.99991989029683
baseline,2,BraTS-GLI-00777-000,WT,0.9706822372464659,0.9706822372464659,1.0,1.0,1.0,0.0,0.0,0.9752807601033938,0.9995602773429271
baseline,2,BraTS-GLI-00777-000,TC,0.9820300302817565,0.9820300302817565,1.0,1.0,1.0,0.0,0.0,0.9912007953127313,0.9998537281255141
baseline,2,BraTS-GLI-00777-000,ET,0.9324977732535946,0.9324977732535946,1.0,1.0,1.0,0.0,0.0,0.9559120850453271,0.999837759000757
baseline,2,BraTS-GLI-00778-000,WT,0.9071857914587885,0.9071857914587885,5.830951894845301,5.830951894845301,1.0,0.0,0.0,0.860876740587932,0.9997978495471324
baseline,2,BraTS-GLI-00778-000,TC,0.9808806668525921,0.9808806668525921,1.0,1.0,1.0,0.0,0.0,0.9738493723849372,0.9999784554051573
baseline,2,BraTS-GLI-00778-000,ET,0.9624824824824825,0.9624824824824825,1.0,1.0,1.0,0.0,0.0,0.9609818501639082,0.9999496382308863
baseline,2,BraTS-GLI-00764-000,WT,0.8049976489554646,0.8049976489554646,13.2664991614216,13.2664991614216,1.0,0.0,0.0,0.6789647826678149,0.9999210384730425
baseline,2,BraTS-GLI-00764-000,TC,0.9347058206362714,0.9508001409565374,5.196152422706632,4.140054944640259,2.0,0.0,0.0,0.9013039568345323,0.9998636801628183
baseline,2,BraTS-GLI-00764-000,ET,0.9059535008735385,0.9237411860262044,2.0,2.0,2.0,0.0,0.0,0.8664558751703041,0.9997971672944581
baseline,2,BraTS-GLI-01012-000,WT,0.9645221701347813,0.9645221701347813,2.8284271247461903,2.8284271247461903,1.0,0.0,0.0,0.9549446535486842,0.999639516449888
baseline,2,BraTS-GLI-01012-000,TC,0.9679953851433746,0.9679953851433746,5.477225575051661,5.477225575051661,1.0,0.0,0.0,0.958525545545256,0.9998289845554428
baseline,2,BraTS-GLI-01012-000,ET,0.9602688310021814,0.9602688310021814,2.8284271247461903,2.8284271247461903,1.0,0.0,0.0,0.9462146356883199,0.9998250369723612
baseline,2,BraTS-GLI-00834-000,WT,0.877990777529654,0.877990777529654,6.4031242374328485,6.4031242374328485,1.0,0.0,0.0,0.8249158707884303,0.9995508549735894
baseline,2,BraTS-GLI-00834-000,TC,0.9694516684370535,0.6455642310740421,1.0,125.33333333333333,2.0,1.0,0.0,0.9710166195839601,0.9999013565496723
baseline,2,BraTS-GLI-00834-000,ET,0.9583852590350721,0.9607201124881627,1.0,1.0,2.0,0.0,0.0,0.9480473737507155,0.9999225179379395
baseline,2,BraTS-GLI-00839-000,WT,0.9523280570211978,0.47712094978976005,4.123105625617661,189.06155281280883,1.0,1.0,0.0,0.9767706816887145,0.9998678216525861
baseline,2,BraTS-GLI-00839-000,TC,0.8693586698337292,0.8693586698337292,1.0,1.0,1.0,0.0,0.0,0.9614711033274956,0.9999679618517512
baseline,2,BraTS-GLI-00839-000,ET,0.8980810234541577,0.8980810234541577,1.0,1.0,1.0,0.0,0.0,0.9477947794779478,0.9999797241793865
baseline,2,BraTS-GLI-01009-000,WT,0.9509494280321996,0.9509494280321996,2.23606797749979,2.23606797749979,1.0,0.0,0.0,0.9180471117556287,0.9999226973704598
baseline,2,BraTS-GLI-01009-000,TC,0.9344644853906364,0.9344644853906364,1.7320508075688772,1.7320508075688772,1.0,0.0,0.0,0.9756357545302269,0.9997512431946884
baseline,2,BraTS-GLI-01009-000,ET,0.871723619977469,0.871723619977469,1.0,1.0,1.0,0.0,0.0,0.9581475978207034,0.9996737284438136
baseline,2,BraTS-GLI-01019-000,WT,0.9816772813215245,0.9816772813215245,1.0,1.0,1.0,0.0,0.0,0.9788828042147566,0.9997163147102173
baseline,2,BraTS-GLI-01019-000,TC,0.9722462402018456,0.9722462402018456,4.69041575982343,4.69041575982343,1.0,0.0,0.0,0.9978759620000873,0.9995744567014209
baseline,2,BraTS-GLI-01019-000,ET,0.9688803472053559,0.9688803472053559,1.0,1.0,1.0,0.0,0.0,0.9862836995313239,0.9997400209829751
baseline,2,BraTS-GLI-01025-000,WT,0.9749746187580461,0.9749746187580461,1.0,1.0,1.0,0.0,0.0,0.9989919138622568,0.9997360769619396
baseline,2,BraTS-GLI-01025-000,TC,0.988984442941347,0.988984442941347,0.0,0.0,1.0,0.0,0.0,0.9917956006330954,0.9999516693246665
baseline,2,BraTS-GLI-01025-000,ET,0.9340097530281579,0.9340097530281579,2.0,2.0,1.0,0.0,0.0,0.8922198429693077,0.9999452893882421
baseline,2,BraTS-GLI-01039-000,WT,0.8845834086390747,0.8845834086390747,5.744562646538029,5.744562646538029,1.0,0.0,0.0,0.8184615384615385,0.9999462585759084
baseline,2,BraTS-GLI-01039-000,TC,0.9389502140121649,0.4700045105999098,4.0,189.0,1.0,1.0,0.0,0.8928877463581834,0.9999905815489853
baseline,2,BraTS-GLI-01039-000,ET,0.935704681579269,0.46842491739077224,2.8284271247461903,188.4142135623731,1.0,1.0,0.0,0.895426365656802,0.9999822859052648
baseline,2,BraTS-GLI-01029-000,WT,0.9830868626957754,0.9830868626957754,1.0,1.0,1.0,0.0,0.0,0.9959561141140335,0.9994866091210206
baseline,2,BraTS-GLI-01029-000,TC,0.9758514937953165,0.9758514937953165,1.0,1.0,1.0,0.0,0.0,0.9839449541284404,0.9999104854853955
baseline,2,BraTS-GLI-01029-000,ET,0.9725052082140977,0.9725052082140977,1.0,1.0,1.0,0.0,0.0,0.9640085326555621,0.9999541880179884
baseline,2,BraTS-GLI-01000-000,WT,0.9878579286817324,0.9878579286817324,1.0,1.0,1.0,0.0,0.0,0.9829470132165669,0.9999198045223906
baseline,2,BraTS-GLI-01000-000,TC,0.9902959363293062,0.9902959363293062,0.0,0.0,1.0,0.0,0.0,0.9819196228779425,0.9999956152594817
baseline,2,BraTS-GLI-01000-000,ET,0.963392246499406,0.963392246499406,0.0,0.0,1.0,0.0,0.0,0.9371804748231669,0.9999865376087046
baseline,2,BraTS-GLI-01002-000,WT,0.9337712259749953,0.9337712259749953,3.0,3.0,1.0,0.0,0.0,0.9363641807131523,0.9994784000989483
baseline,2,BraTS-GLI-01002-000,TC,0.9274618782955679,0.9274618782955679,2.8284271247461903,2.8284271247461903,1.0,0.0,0.0,0.9757387416857486,0.9994703821121643
baseline,2,BraTS-GLI-01002-000,ET,0.9065605810681563,0.9065605810681563,3.0,3.0,1.0,0.0,0.0,0.9338073617179246,0.9995026414652185
baseline,2,BraTS-GLI-01004-000,WT,0.946467804100285,0.13524430247921876,6.0,321.7494587501765,1.0,6.0,0.0,0.9693716166694526,0.9993055546924267
baseline,2,BraTS-GLI-01004-000,TC,0.985751175017184,0.985751175017184,1.0,1.0,1.0,0.0,0.0,0.9746519231475699,0.999991349071806
baseline,2,BraTS-GLI-01004-000,ET,0.95792707359423,0.95792707359423,1.0,1.0,1.0,0.0,0.0,0.9252999612953168,0.9999885553971513
baseline,2,BraTS-GLI-01049-000,WT,0.8829809394854703,0.11076171840739771,4.358898943540674,289.9728548971499,2.0,6.0,0.0,0.8803219106957425,0.9992596575958658
baseline,2,BraTS-GLI-01049-000,TC,0.8974468344403145,0.8998594733304821,2.0,1.4142135623730951,1.0,0.0,0.0,0.9002444987775061,0.9999028007291627
baseline,2,BraTS-GLI-01049-000,ET,0.8973373202335184,0.9001571204113697,1.4142135623730951,1.0,1.0,0.0,0.0,0.9226939970717423,0.9998975470706196
baseline,2,BraTS-GLI-01083-000,WT,0.9843775137808111,0.9843775137808111,1.0,1.0,1.0,0.0,0.0,0.9729670918281945,0.9999477778095652
baseline,2,BraTS-GLI-01083-000,TC,0.9889168529489926,0.9889168529489926,1.0,1.0,1.0,0.0,0.0,0.9814148309028855,0.9999876345723866
baseline,2,BraTS-GLI-01083-000,ET,0.9661900963367491,0.9661900963367491,0.0,0.0,1.0,0.0,0.0,0.9471847930702598,0.9999748635900898
baseline,2,BraTS-GLI-01057-000,WT,0.9225147347740668,0.6249982814048539,6.4031242374328485,126.20185042515466,2.0,0.0,1.0,0.9082398452611219,0.9997347350303316
baseline,2,BraTS-GLI-01057-000,TC,0.9750146502583773,0.8016262398389142,1.0,1.2071067811865475,2.0,0.0,0.0,0.9869499568593615,0.9999218807523153
baseline,2,BraTS-GLI-01057-000,ET,0.9382991930477964,0.7578193594157071,1.0,1.5,2.0,0.0,0.0,0.984456408475165,0.9998528567987113
baseline,2,BraTS-GLI-01061-000,WT,0.9801828894071437,0.9801828894071437,2.23606797749979,2.23606797749979,1.0,0.0,0.0,0.9698793351591962,0.9998290603947427
baseline,2,BraTS-GLI-01061-000,TC,0.9878798908098271,0.9878798908098271,1.0,1.0,1.0,0.0,0.0,0.9869818181818182,0.9999480124905056
baseline,2,BraTS-GLI-01061-000,ET,0.9690180146907957,0.9690180146907957,1.0,1.0,1.0,0.0,0.0,0.9554521545620068,0.9999540618996247
baseline,2,BraTS-GLI-01088-000,WT,0.9843962880131616,0.9843962880131616,0.0,0.0,1.0,0.0,0.0,0.9967723462960071,0.9999388244712442
baseline,2,BraTS-GLI-01088-000,TC,0.9663812904572979,0.9663812904572979,1.0,1.0,1.0,0.0,0.0,0.9922813036020584,0.9999839787901589
baseline,2,BraTS-GLI-01088-000,ET,0.9472259810554804,0.9472259810554804,1.0,1.0,1.0,0.0,0.0,0.9887005649717514,0.9999764728974501
baseline,2,BraTS-GLI-01090-000,WT,0.9447796793781419,0.9447796793781419,1.4142135623730951,1.4142135623730951,1.0,0.0,0.0,0.9883688563702879,0.999411334281927
baseline,2,BraTS-GLI-01090-000,TC,0.9604322099305377,0.9604322099305377,5.0990195135927845,5.0990195135927845,1.0,0.0,0.0,0.9750822755054067,0.9998809050364149
baseline,2,BraTS-GLI-01090-000,ET,0.9518649121298128,0.9518649121298128,3.1622776601683795,3.1622776601683795,1.0,0.0,0.0,0.9674806224138935,0.999874198181743
baseline,2,BraTS-GLI-01074-000,WT,0.9558417098286487,0.31898122765756487,4.0,250.66666666666666,1.0,2.0,0.0,0.9791133666065512,0.9992486947259638
baseline,2,BraTS-GLI-01074-000,TC,0.9351918167961362,0.9351918167961362,3.0,3.0,1.0,0.0,0.0,0.9847998452910462,0.9996477253515866
baseline,2,BraTS-GLI-01074-000,ET,0.9100512090385101,0.9100512090385101,2.0,2.0,1.0,0.0,0.0,0.9838141105208281,0.9995968728288133
baseline,2,BraTS-GLI-01102-000,WT,0.8588501228501229,0.17281952771082215,27.27636339397171,268.014145644799,2.0,5.0,0.0,0.964334583977047,0.999284362368892
baseline,2,BraTS-GLI-01102-000,TC,0.944103965148047,0.4904487917146145,22.825424421026653,187.5,1.0,0.0,1.0,0.9195914844649021,0.9999778052982116
baseline,2,BraTS-GLI-01102-000,ET,0.9228687415426252,0.483835005574136,21.77154105707724,187.0,1.0,0.0,1.0,0.8935055212427475,0.9999743349990927
baseline,2,BraTS-GLI-01084-000,WT,0.9829768561752495,0.9829768561752495,1.0,1.0,1.0,0.0,0.0,0.9875658445052337,0.9998916000385872
baseline,2,BraTS-GLI-01084-000,TC,0.980929483438762,0.980929483438762,1.0,1.0,1.0,0.0,0.0,0.9788046769460101,0.9999593556774561
baseline,2,BraTS-GLI-01084-000,ET,0.9669524091043452,0.9669524091043452,1.0,1.0,1.0,0.0,0.0,0.975371220704872,0.9999208863511674
baseline,2,BraTS-GLI-01085-000,WT,0.9426467205418186,0.4771241081551552,44.339598554790726,188.1180339887499,1.0,0.0,1.0,0.9023673551899155,0.9998081800186154
baseline,2,BraTS-GLI-01085-000,TC,0.9777697199598349,0.9777697199598349,1.0,1.0,1.0,0.0,0.0,0.994947918144921,0.9998407694702898
baseline,2,BraTS-GLI-01085-000,ET,0.9671682626538988,0.9671682626538988,1.0,1.0,1.0,0.0,0.0,0.9921618291347207,0.9998045800414979
baseline,2,BraTS-GLI-01072-000,WT,0.9471434689885686,0.3180498595901277,5.830951894845301,250.07868932583324,1.0,1.0,1.0,0.9523111892458225,0.9992513079989572
baseline,2,BraTS-GLI-01072-000,TC,0.9779660101051039,0.9779660101051039,1.0,1.0,1.0,0.0,0.0,0.9928952529865998,0.9996901217615946
baseline,2,BraTS-GLI-01072-000,ET,0.9434452689389176,0.9434452689389176,1.0,1.0,1.0,0.0,0.0,0.9842547235829251,0.9996056761052537
baseline,2,BraTS-GLI-01082-000,WT,0.9816768209511685,0.9816768209511685,1.0,1.0,1.0,0.0,0.0,0.9682062780269058,0.9999449895083082
baseline,2,BraTS-GLI-01082-000,TC,0.974568140606085,0.974568140606085,1.0,1.0,1.0,0.0,0.0,0.9572910190749677,0.9999167295726595
baseline,2,BraTS-GLI-01082-000,ET,0.9312606104989847,0.9312606104989847,1.0,1.0,1.0,0.0,0.0,0.9198193853842445,0.9997143782892374
baseline,2,BraTS-GLI-01062-000,WT,0.9740732350727455,0.9740732350727455,1.4142135623730951,1.4142135623730951,1.0,0.0,0.0,0.9765566048102916,0.9995568447299272
baseline,2,BraTS-GLI-01062-000,TC,0.9723397972241362,0.9723551302498671,1.0,1.0,1.0,0.0,0.0,0.9989078553515087,0.9996895891629224
baseline,2,BraTS-GLI-01062-000,ET,0.9293708436210284,0.9294276701216765,1.0,1.0,1.0,0.0,0.0,0.9969839919573119,0.9995685306159038
baseline,2,BraTS-GLI-01105-000,WT,0.9581867857005426,0.9581867857005426,2.0,2.0,1.0,0.0,0.0,0.9290639364814041,0.9998453489609724
baseline,2,BraTS-GLI-01105-000,TC,0.9787551080306143,0.9787551080306143,1.0,1.0,1.0,0.0,0.0,0.9938104626106093,0.9999095011345481
baseline,2,BraTS-GLI-01105-000,ET,0.9499313154279759,0.9499313154279759,1.0,1.0,1.0,0.0,0.0,0.9798690511091567,0.9999045725235925
baseline,2,BraTS-GLI-01138-000,WT,0.8345315355443529,0.2784785861035752,12.884098726725126,253.60208282495523,1.0,1.0,1.0,0.7474999067825049,0.9993302179179784
baseline,2,BraTS-GLI-01138-000,TC,0.9751101892662691,0.49558571616813807,51.07837115648854,187.0,1.0,0.0,1.0,0.9572410282514635,0.999989228350443
baseline,2,BraTS-GLI-01138-000,ET,0.9551475519785378,0.4877140410958904,46.9148164229596,187.0,1.0,0.0,1.0,0.9413368586300918,0.9999596226829448
baseline,2,BraTS-GLI-01109-000,WT,0.9800592300098717,0.9800592300098717,1.0,1.0,1.0,0.0,0.0,0.9906535839015467,0.9997900284961326
baseline,2,BraTS-GLI-01109-000,TC,0.9829325058184639,0.9829325058184639,1.0,1.0,1.0,0.0,0.0,0.9891997397527651,0.9999186266333681
baseline,2,BraTS-GLI-01109-000,ET,0.9603061917402309,0.9603061917402309,1.0,1.0,1.0,0.0,0.0,0.964593538785887,0.9999197699518384
baseline,2,BraTS-GLI-01160-001,WT,0.982265194209415,0.982265194209415,1.0,1.0,1.0,0.0,0.0,0.971229667012121,0.9999046031753612
baseline,2,BraTS-GLI-01160-001,TC,0.9869830257308366,0.9869830257308366,1.0,1.0,1.0,0.0,0.0,0.9910216090088262,0.9998855546001526
baseline,2,BraTS-GLI-01160-001,ET,0.9688012751394683,0.9688012751394683,1.0,1.0,1.0,0.0,0.0,0.9700974064076986,0.9998437885991562
baseline,2,BraTS-GLI-01158-000,WT,0.9629241415134594,0.4824578118391761,2.0,187.70710678118655,1.0,1.0,0.0,0.958151426488098,0.9996076944942417
baseline,2,BraTS-GLI-01158-000,TC,0.923185030517186,0.4639304235526767,59.715994507334464,188.1180339887499,1.0,1.0,0.0,0.8725237191650854,0.9999475378160229
baseline,2,BraTS-GLI-01158-000,ET,0.878536788139116,0.29313804358881895,1.7320508075688772,249.91068360252294,1.0,2.0,0.0,0.7985792735150385,0.9999567811546975
baseline,2,BraTS-GLI-01160-000,WT,0.9763366781488693,0.9763366781488693,1.0,1.0,1.0,0.0,0.0,0.9776004546207941,0.999640280453992
baseline,2,BraTS-GLI-01160-000,TC,0.973465165903797,0.973465165903797,4.47213595499958,4.47213595499958,1.0,0.0,0.0,0.9658348955976469,0.9998709695465572
baseline,2,BraTS-GLI-01160-000,ET,0.9524987448108644,0.9524987448108644,2.8284271247461903,2.8284271247461903,1.0,0.0,0.0,0.9417847196997216,0.9998340217212116
baseline,2,BraTS-GLI-01130-000,WT,0.9270651334769006,0.9270651334769006,7.681145747868608,7.681145747868608,1.0,0.0,0.0,0.8888888888888888,0.9998754710333474
baseline,2,BraTS-GLI-01130-000,TC,0.9843012275731823,0.9843012275731823,1.0,1.0,1.0,0.0,0.0,0.970271685380185,0.9999976433121519
baseline,2,BraTS-GLI-01130-000,ET,0.958456607495069,0.958456607495069,2.8284271247461903,2.8284271247461903,1.0,0.0,0.0,0.9565110413975518,0.9999280724320708
baseline,2,BraTS-GLI-01148-000,WT,0.9828027738988426,0.9828027738988426,1.0,1.0,1.0,0.0,0.0,0.9816364547577846,0.9998083254753579
baseline,2,BraTS-GLI-01148-000,TC,0.9924026197862806,0.9924026197862806,0.0,0.0,1.0,0.0,0.0,0.9939787322193068,0.9999625497438931
baseline,2,BraTS-GLI-01148-000,ET,0.9894790718835305,0.9894790718835305,0.0,0.0,1.0,0.0,0.0,0.9884672196341325,0.9999624415088348
baseline,2,BraTS-GLI-01137-000,WT,0.9758090316229852,0.9758090316229852,1.0,1.0,1.0,0.0,0.0,0.9952561431690972,0.9998000710833368
baseline,2,BraTS-GLI-01137-000,TC,0.8621411685241472,0.8621411685241472,3.3166247903554,3.3166247903554,1.0,0.0,0.0,0.8545223271071835,0.9997858199813016
baseline,2,BraTS-GLI-01137-000,ET,0.7454806047436312,0.7454806047436312,5.830951894845301,5.830951894845301,1.0,0.0,0.0,0.594849848741976,0.9999984295155941
baseline,2,BraTS-GLI-01145-000,WT,0.9398271136411553,0.9398271136411553,3.3166247903554,3.3166247903554,1.0,0.0,0.0,0.9079798588818094,0.9996620204318643
baseline,2,BraTS-GLI-01145-000,TC,0.9372705901761043,0.9372705901761043,2.23606797749979,2.23606797749979,1.0,0.0,0.0,0.8898338266848346,0.9999355832273165
baseline,2,BraTS-GLI-01145-000,ET,0.8888178573331202,0.44444839099239897,1.0,187.5,1.0,1.0,0.0,0.9530446703987204,0.9994351666713287
baseline,2,BraTS-GLI-01118-000,WT,0.9629508696314678,0.9629508696314678,1.0,1.0,1.0,0.0,0.0,0.9554840381873947,0.9998487902431313
baseline,2,BraTS-GLI-01118-000,TC,0.9726195341234164,0.9748039180518095,1.0,0.5,2.0,0.0,0.0,0.9918503426560474,0.9999422464580258
baseline,2,BraTS-GLI-01118-000,ET,0.960431654676259,0.961680157860876,1.0,0.5,2.0,0.0,0.0,0.9881569207994079,0.999936770549067
baseline,2,BraTS-GLI-01123-000,WT,0.9696540059199562,0.9696540059199562,1.0,1.0,1.0,0.0,0.0,0.9923378474697078,0.9995165791431586
baseline,2,BraTS-GLI-01123-000,TC,0.9630979498861048,0.48274024738344434,5.196152422706632,188.6583123951777,1.0,0.0,1.0,0.9610547052583724,0.9999486247703538
baseline,2,BraTS-GLI-01123-000,ET,0.8999920185170405,0.45234274711168165,3.0,187.70710678118655,1.0,0.0,1.0,0.9002075682580233,0.9999296101196438
baseline,2,BraTS-GLI-01161-000,WT,0.9704711892894143,0.48523990982538673,1.0,187.5,1.0,1.0,0.0,0.9926322778995624,0.999338743517424
baseline,2,BraTS-GLI-01161-000,TC,0.9912279510612007,0.9416918544091627,1.0,1.0,2.0,0.0,0.0,0.9868860437762786,0.9999636323921539
baseline,2,BraTS-GLI-01161-000,ET,0.9756122959013662,0.9316539718445138,1.0,1.0,2.0,0.0,0.0,0.9640674198925727,0.9999328784156694
baseline,2,BraTS-GLI-01175-000,WT,0.9804429561585741,0.9804429561585741,1.0,1.0,1.0,0.0,0.0,0.9823358662695827,0.9995427983418118
baseline,2,BraTS-GLI-01175-000,TC,0.976700898883652,0.9727830344287467,1.4142135623730951,1.2071067811865475,2.0,0.0,0.0,0.957471793898991,0.9999604187088175
baseline,2,BraTS-GLI-01175-000,ET,0.9659293844267057,0.9601306190446667,1.4142135623730951,1.5,2.0,0.0,0.0,0.9397745470530976,0.9999343331228596
baseline,2,BraTS-GLI-01167-000,WT,0.9276515133665396,0.9276515133665396,2.8284271247461903,2.8284271247461903,1.0,0.0,0.0,0.9817960559783747,0.9984675591631704
baseline,2,BraTS-GLI-01167-000,TC,0.8485670090550428,0.8485670090550428,4.47213595499958,4.47213595499958,1.0,0.0,0.0,0.7636386386386387,0.9998699420145971
baseline,2,BraTS-GLI-01167-000,ET,0.5167802831672784,0.5167802831672784,23.62202362203543,23.62202362203543,1.0,0.0,0.0,0.4044736302072645,0.9998241808318086
baseline,2,BraTS-GLI-01200-000,WT,0.9886065498578112,0.9886065498578112,0.0,0.0,1.0,0.0,0.0,0.9886730599863001,0.9998940793882333
baseline,2,BraTS-GLI-01200-000,TC,0.9883520884451589,0.9883520884451589,1.0,1.0,1.0,0.0,0.0,0.988342796976648,0.9999302520593671
baseline,2,BraTS-GLI-01200-000,ET,0.9667257166029923,0.48337317510458466,1.0,187.5,1.0,1.0,0.0,0.9579138820742746,0.9999366602286206
baseline,2,BraTS-GLI-01199-000,WT,0.9862919240038853,0.9862919240038853,1.0,1.0,1.0,0.0,0.0,0.991072380343247,0.9996815868571814
baseline,2,BraTS-GLI-01199-000,TC,0.989372328999647,0.989372328999647,1.0,1.0,1.0,0.0,0.0,0.983558575375196,0.9999645639589506
baseline,2,BraTS-GLI-01199-000,ET,0.9516096121548869,0.9516096121548869,1.0,1.0,1.0,0.0,0.0,0.9263254392666157,0.9999244542748819
baseline,2,BraTS-GLI-01173-000,WT,0.9630922511908658,0.9630922511908658,1.4142135623730951,1.4142135623730951,1.0,0.0,0.0,0.9978600599786006,0.9994433312197298
baseline,2,BraTS-GLI-01173-000,TC,0.8343856484265384,0.27830984973842116,10.770329614269007,252.92344320475635,1.0,2.0,0.0,0.9691519701996392,0.9993176833689473
baseline,2,BraTS-GLI-01173-000,ET,0.12389380530973451,1.0,6.4031242374328485,0.0,0.0,0.0,0.0,0.7,0.9999569890546105
baseline,2,BraTS-GLI-01169-000,WT,0.9293124664436804,0.9293124664436804,3.0,3.0,1.0,0.0,0.0,0.9934263999201471,0.9976928089149636
baseline,2,BraTS-GLI-01169-000,TC,0.7646319708368883,0.38233377803977536,7.483314773547883,190.74165738677394,1.0,1.0,0.0,0.6544691698974986,0.99975692723632
baseline,2,BraTS-GLI-01169-000,ET,0.0,0.0,23.790754506740637,374.0,0.0,4.0,1.0,0.0,0.999918906037972
baseline,2,BraTS-GLI-01185-000,WT,0.9278549548645458,0.9278549548645458,2.8284271247461903,2.8284271247461903,1.0,0.0,0.0,0.911438871885386,0.9993579313054513
baseline,2,BraTS-GLI-01185-000,TC,0.9481473187208987,0.9481473187208987,2.449489742783178,2.449489742783178,1.0,0.0,0.0,0.9126443801756813,0.999921779293401
baseline,2,BraTS-GLI-01185-000,ET,0.898935709959332,0.898935709959332,2.23606797749979,2.23606797749979,1.0,0.0,0.0,0.846929347826087,0.9998453527082959
baseline,2,BraTS-GLI-01189-000,WT,0.961355209658063,0.961355209658063,3.1622776601683795,3.1622776601683795,1.0,0.0,0.0,0.9357690195360515,0.9998568071465715
baseline,2,BraTS-GLI-01189-000,TC,0.9059910559635962,0.9059910559635962,4.69041575982343,4.69041575982343,1.0,0.0,0.0,0.8357364746751584,0.9999067682093624
baseline,2,BraTS-GLI-01189-000,ET,0.7013707213910864,0.7013707213910864,11.357816691600547,11.357816691600547,1.0,0.0,0.0,0.5653030303030303,0.9997919760586832
baseline,2,BraTS-GLI-01172-000,WT,0.9163289998294749,0.45823147704477346,9.0,191.5,1.0,1.0,0.0,0.9872703412073491,0.9978269058397722
baseline,2,BraTS-GLI-01172-000,TC,0.9611949562114083,0.9611949562114083,5.477225575051661,5.477225575051661,1.0,0.0,0.0,0.9846195560708342,0.999222541181624
baseline,2,BraTS-GLI-01172-000,ET,0.9250041106151308,0.4625105050972559,2.0,188.0,1.0,1.0,0.0,0.9768479812725893,0.9988118983717189
baseline,2,BraTS-GLI-01190-000,WT,0.9815708076142201,0.9815708076142201,1.0,1.0,1.0,0.0,0.0,0.9785772990008627,0.999743075011733
baseline,2,BraTS-GLI-01190-000,TC,0.9782757225395183,0.9782951907131011,1.0,1.0,1.0,0.0,0.0,0.9798812007494718,0.999801078693427
baseline,2,BraTS-GLI-01190-000,ET,0.9592961291639266,0.9593178828971836,2.23606797749979,2.23606797749979,1.0,0.0,0.0,0.9748513665063832,0.9995771139198459
baseline,2,BraTS-GLI-01170-000,WT,0.9118279964578869,0.9118279964578869,3.0,3.0,1.0,0.0,0.0,0.9719752325615518,0.9981472435999628
baseline,2,BraTS-GLI-01170-000,TC,0.8435418953530919,0.4197554769931976,4.58257569495584,189.1642135623731,2.0,2.0,0.0,0.7474387239009208,0.9999572514260183
baseline,2,BraTS-GLI-01170-000,ET,0.8543241608708799,0.4253412258088193,3.7416573867739413,188.83972473588517,2.0,2.0,0.0,0.7638391348428523,0.9999596104880343
baseline,2,BraTS-GLI-01201-000,WT,0.9728156434314293,0.9728156434314293,1.0,1.0,1.0,0.0,0.0,0.9554976193591899,0.9998998715206627
baseline,2,BraTS-GLI-01201-000,TC,0.950923866164253,0.950923866164253,1.4142135623730951,1.4142135623730951,1.0,0.0,0.0,0.9511829617183597,0.9998779471633608
baseline,2,BraTS-GLI-01201-000,ET,0.8266560537719997,0.8266560537719997,6.082762530298219,6.082762530298219,1.0,0.0,0.0,0.7916490217667486,0.9998362529837567
baseline,2,BraTS-GLI-01220-000,WT,0.9501442620916452,0.9501590010082991,1.4142135623730951,1.4142135623730951,1.0,0.0,0.0,0.9553011634798341,0.9997997963340809
baseline,2,BraTS-GLI-01220-000,TC,0.9763697740846533,0.9763697740846533,1.0,1.0,1.0,0.0,0.0,0.9833103513860492,0.9999270234352449
baseline,2,BraTS-GLI-01220-000,ET,0.9429494079655544,0.9429494079655544,1.0,1.0,1.0,0.0,0.0,0.9587741700109449,0.9999080411921629
baseline,2,BraTS-GLI-01233-000,WT,0.9108546968780533,0.9108546968780533,8.306623862918075,8.306623862918075,1.0,0.0,0.0,0.8938351082651326,0.9993182428243276
baseline,2,BraTS-GLI-01233-000,TC,0.9319548738389266,0.9319548738389266,1.4142135623730951,1.4142135623730951,1.0,0.0,0.0,0.9115814390642949,0.9998557185513918
baseline,2,BraTS-GLI-01233-000,ET,0.8947781160623673,0.8947781160623673,1.0,1.0,1.0,0.0,0.0,0.8773747059887823,0.9997921600666165
baseline,2,BraTS-GLI-01205-000,WT,0.8503714184648037,0.2846438146466056,3.605551275463989,250.535183758488,1.0,2.0,0.0,0.7661976961253016,0.9999116329743521
baseline,2,BraTS-GLI-01205-000,TC,0.9363401788554664,0.9223406150026774,1.4142135623730951,1.5,2.0,0.0,0.0,0.9191533657182512,0.9999286482775178
baseline,2,BraTS-GLI-01205-000,ET,0.8456576117961996,0.8304506027729781,1.4142135623730951,1.7071067811865475,2.0,0.0,0.0,0.8932875950305952,0.9997346704923757
baseline,2,BraTS-GLI-01227-000,WT,0.925832442815653,0.18642904290429044,2.449489742783178,299.4828427124746,1.0,3.0,1.0,0.9615044187534894,0.999041624075632
baseline,2,BraTS-GLI-01227-000,TC,0.9697139353221893,0.9697139353221893,1.0,1.0,1.0,0.0,0.0,0.9854777967433417,0.9998047483711504
baseline,2,BraTS-GLI-01227-000,ET,0.906441463818513,0.906441463818513,1.0,1.0,1.0,0.0,0.0,0.9420065393219755,0.9997330136230388
baseline,2,BraTS-GLI-01215-000,WT,0.9514430913030071,0.9514430913030071,1.4142135623730951,1.4142135623730951,1.0,0.0,0.0,0.9481510452002203,0.9993605380523027
baseline,2,BraTS-GLI-01215-000,TC,0.7887343014792999,0.7887343014792999,8.602325267042627,8.602325267042627,1.0,0.0,0.0,0.6590484810771059,0.9999759829133018
baseline,2,BraTS-GLI-01215-000,ET,0.8822567888215133,0.8822567888215133,1.7320508075688772,1.7320508075688772,1.0,0.0,0.0,0.9293490335481004,0.9998209440118722
baseline,2,BraTS-GLI-01210-000,WT,0.8438527937832527,0.16882646526213507,3.605551275463989,299.9211102550928,1.0,4.0,0.0,0.8573863891256561,0.9991233104194804
baseline,2,BraTS-GLI-01210-000,TC,0.9080936851467536,0.9080936851467536,2.23606797749979,2.23606797749979,1.0,0.0,0.0,0.875893623105519,0.9999583006669875
baseline,2,BraTS-GLI-01210-000,ET,0.8969047428617132,0.8969047428617132,2.23606797749979,2.23606797749979,1.0,0.0,0.0,0.8662135022400742,0.999952586591959
baseline,2,BraTS-GLI-01223-000,WT,0.9527678285431409,0.9527678285431409,1.4142135623730951,1.4142135623730951,1.0,0.0,0.0,0.9606565078246572,0.999570197436038
baseline,2,BraTS-GLI-01223-000,TC,0.9379081046804573,0.9379081046804573,2.23606797749979,2.23606797749979,1.0,0.0,0.0,0.8931357508894474,0.9999607748947638
baseline,2,BraTS-GLI-01223-000,ET,0.8869734464062283,0.8869734464062283,1.4142135623730951,1.4142135623730951,1.0,0.0,0.0,0.8753635914604029,0.9997986482044056
baseline,2,BraTS-GLI-01224-000,WT,0.9254494183997181,0.9254727194903946,1.4142135623730951,1.4142135623730951,1.0,0.0,0.0,0.8938089679992218,0.9998250228764304
baseline,2,BraTS-GLI-01224-000,TC,0.9583028100917163,0.9583028100917163,1.0,1.0,1.0,0.0,0.0,0.9330138080566016,0.9999720553586712
baseline,2,BraTS-GLI-01224-000,ET,0.8820262765813355,0.8820262765813355,1.4142135623730951,1.4142135623730951,1.0,0.0,0.0,0.8931151138337753,0.9998380632726269
baseline,2,BraTS-GLI-01209-000,WT,0.9095625597605821,0.9095678147505135,3.7416573867739413,3.7416573867739413,1.0,0.0,0.0,0.8598479469562083,0.9993543669880499
baseline,2,BraTS-GLI-01209-000,TC,0.8727692406334823,0.8727941124085408,7.211102550927978,7.14142842854285,1.0,0.0,0.0,0.8032258064516129,0.9996776904879718
baseline,2,BraTS-GLI-01209-000,ET,0.7864185750636132,0.7864185750636132,4.123105625617661,4.123105625617661,1.0,0.0,0.0,0.6800455786723247,0.9997165740744809
baseline,2,BraTS-GLI-01219-000,WT,0.9075511214348273,0.9082862348969628,4.123105625617661,3.9921490369466133,2.0,0.0,0.0,0.9142703698020561,0.998510513022781
baseline,2,BraTS-GLI-01219-000,TC,0.9723009814612869,0.5184420957916892,6.782329983125268,6.287918451395113,2.0,0.0,0.0,0.9540930979133226,0.9999822657422405
baseline,2,BraTS-GLI-01219-000,ET,0.9698741999558597,0.4957677850972571,7.0710678118654755,6.541522986797286,2.0,0.0,0.0,0.9460201280878316,0.9999900105719576
baseline,2,BraTS-GLI-01226-000,WT,0.9008352377704598,0.4504841123588642,2.23606797749979,188.1180339887499,1.0,1.0,0.0,0.9254080960398214,0.998601734777279
baseline,2,BraTS-GLI-01226-000,TC,0.902334971241382,0.8693905293342126,2.0,2.414213562373095,2.0,0.0,0.0,0.8320103961787019,0.9999612338991462
baseline,2,BraTS-GLI-01226-000,ET,0.8733576815443722,0.8360061005025562,1.4142135623730951,1.4142135623730951,2.0,0.0,0.0,0.791208319009969,0.9999459837515531
baseline,2,BraTS-GLI-01265-000,WT,0.9390191971773457,0.9390273577362951,6.4031242374328485,6.4031242374328485,1.0,0.0,0.0,0.9281542056074766,0.9996803758194104
baseline,2,BraTS-GLI-01265-000,TC,0.9722287412970351,0.9722287412970351,1.4142135623730951,1.4142135623730951,1.0,0.0,0.0,0.9704068087764504,0.9998508466816541
baseline,2,BraTS-GLI-01265-000,ET,0.9324512252750962,0.9324512252750962,1.0,1.0,1.0,0.0,0.0,0.926484398057471,0.999745465191887
baseline,2,BraTS-GLI-01241-000,WT,0.9030816684248314,0.9030816684248314,11.045361017187261,11.045361017187261,1.0,0.0,0.0,0.8484572134878884,0.9995388455539641
baseline,2,BraTS-GLI-01241-000,TC,0.9521435533611364,0.865121732114764,1.4142135623730951,1.9318516525781364,2.0,0.0,0.0,0.9572984609452816,0.9996241718414475
baseline,2,BraTS-GLI-01241-000,ET,0.8698674142865487,0.866958229182206,1.0,1.0,2.0,0.0,0.0,0.9307834130183432,0.999247189663578
baseline,2,BraTS-GLI-01300-000,WT,0.9311686368397426,0.9311686368397426,3.1622776601683795,3.1622776601683795,1.0,0.0,0.0,0.9620149731675537,0.9994686311702532
baseline,2,BraTS-GLI-01300-000,TC,0.8701890450799806,0.435453354679086,2.23606797749979,188.1180339887499,1.0,1.0,0.0,0.8891530460624071,0.9998251831568065
baseline,2,BraTS-GLI-01300-000,ET,0.8765456721180694,0.43862275449101795,2.0,188.0,1.0,1.0,0.0,0.8997850342921486,0.9998321415984852
baseline,2,BraTS-GLI-01247-000,WT,0.8213692989643074,0.8213865546218487,5.830951894845301,5.830951894845301,1.0,0.0,0.0,0.754263446253569,0.9997602807972338
baseline,2,BraTS-GLI-01247-000,TC,0.8874172185430463,0.8874172185430463,1.4142135623730951,1.4142135623730951,1.0,0.0,0.0,0.8726483357452967,0.9999781535295997
baseline,2,BraTS-GLI-01247-000,ET,0.7870111731843575,0.7870111731843575,2.23606797749979,2.23606797749979,1.0,0.0,0.0,0.96160409556314,0.9999367076412808
baseline,2,BraTS-GLI-01246-000,WT,0.977275554237272,0.977275554237272,1.0,1.0,1.0,0.0,0.0,0.9842918818903709,0.9996464281537475
baseline,2,BraTS-GLI-01246-000,TC,0.8601639178387129,0.4301037186946623,3.0,188.5,1.0,1.0,0.0,0.7640661513571814,0.999953117737887
baseline,2,BraTS-GLI-01246-000,ET,0.8760151336241174,0.43802867815399443,1.4142135623730951,187.70710678118655,1.0,1.0,0.0,0.9798910992506334,0.9994643889954611
baseline,2,BraTS-GLI-01293-000,WT,0.887081447963801,0.8870914829353274,6.4031242374328485,6.4031242374328485,1.0,0.0,0.0,0.9081693316141783,0.9979482817427876
baseline,2,BraTS-GLI-01293-000,TC,0.8847484426601775,0.8847484426601775,8.12403840463596,8.12403840463596,1.0,0.0,0.0,0.8398122325591297,0.9993767300946994
baseline,2,BraTS-GLI-01293-000,ET,0.5488243430152144,0.5488243430152144,19.078784028338912,19.078784028338912,1.0,0.0,0.0,0.4224152614546074,0.9998460116340285
baseline,2,BraTS-GLI-01284-000,WT,0.9396506104652084,0.46982828279627475,3.605551275463989,188.802775637732,1.0,1.0,0.0,0.9075089669355727,0.9995511500667114
baseline,2,BraTS-GLI-01284-000,TC,0.9498437955177852,0.9498437955177852,2.0,2.0,1.0,0.0,0.0,0.9311000167400274,0.9996613586418182
baseline,2,BraTS-GLI-01284-000,ET,0.9014691103986218,0.9014691103986218,2.0,2.0,1.0,0.0,0.0,0.8845436617072941,0.9993440983136426
baseline,2,BraTS-GLI-01281-000,WT,0.9703779839314691,0.9703779839314691,1.0,1.0,1.0,0.0,0.0,0.9501643927822507,0.9998560436369008
baseline,2,BraTS-GLI-01281-000,TC,0.9429111477460065,0.9429111477460065,2.8284271247461903,2.8284271247461903,1.0,0.0,0.0,0.9410254591872916,0.9995624044947246
baseline,2,BraTS-GLI-01281-000,ET,0.8677534484421723,0.8677534484421723,2.23606797749979,2.23606797749979,1.0,0.0,0.0,0.8973864467646472,0.9991320391372671
baseline,2,BraTS-GLI-01255-000,WT,0.8212610138459778,0.8213080048063168,4.242640687119285,5.656854249492381,1.0,0.0,0.0,0.9552775189671237,0.999687461009696
baseline,2,BraTS-GLI-01255-000,TC,0.9383294301327089,0.9383294301327089,1.0,1.0,1.0,0.0,0.0,0.9709208400646203,0.9999863332303471
baseline,2,BraTS-GLI-01255-000,ET,0.9420062695924765,0.9420062695924765,1.0,1.0,1.0,0.0,0.0,0.9709208400646203,0.9999874534573678
baseline,2,BraTS-GLI-01249-000,WT,0.9226436167629777,0.9227556397367718,3.7416573867739413,3.7416573867739413,1.0,0.0,0.0,0.9101360413872389,0.9998529267134936
baseline,2,BraTS-GLI-01249-000,TC,0.9327001042511294,0.9327001042511294,1.4142135623730951,1.4142135623730951,1.0,0.0,0.0,0.9006711409395973,0.9999538958045182
baseline,2,BraTS-GLI-01249-000,ET,0.8191813861105199,0.8191813861105199,1.4142135623730951,1.4142135623730951,1.0,0.0,0.0,0.883955909369259,0.9997992482851477
baseline,2,BraTS-GLI-01266-000,WT,0.9146520168979196,0.9146520168979196,10.295630140987,10.295630140987,1.0,0.0,0.0,0.9669300423259161,0.9974083971897443
baseline,2,BraTS-GLI-01266-000,TC,0.7629083920563742,0.7992074841930009,12.727922061357855,7.300735254367722,2.0,0.0,0.0,0.6262291633801336,0.9999669996002911
baseline,2,BraTS-GLI-01266-000,ET,0.8448995396463451,0.840656267690318,3.605551275463989,2.302775637731995,2.0,0.0,0.0,0.7529330572808833,0.9999570385012427
baseline,2,BraTS-GLI-01263-000,WT,0.9387039069453926,0.8850756832865966,2.8284271247461903,3.6325094453069924,3.0,0.0,0.0,0.9391665225661422,0.9995969637560498
baseline,2,BraTS-GLI-01263-000,TC,0.9039199966243301,0.8934395327364661,2.449489742783178,2.9208096264818897,2.0,0.0,0.0,0.9106444482230913,0.9995864029811371
baseline,2,BraTS-GLI-01263-000,ET,0.7423849027927301,0.5093351084682426,1.4142135623730951,125.47140452079104,2.0,1.0,0.0,0.9199560543043239,0.9992018177378398
baseline,2,BraTS-GLI-01307-000,WT,0.9870094148792913,0.9870094148792913,1.0,1.0,1.0,0.0,0.0,0.9785478922849676,0.9999133910269448
baseline,2,BraTS-GLI-01307-000,TC,0.9891330321685006,0.9891330321685006,1.0,1.0,1.0,0.0,0.0,0.9878179049523853,0.9999528365654169
baseline,2,BraTS-GLI-01307-000,ET,0.9809358752166378,0.9809358752166378,1.0,1.0,1.0,0.0,0.0,0.9760303500603552,0.9999453515413901
baseline,2,BraTS-GLI-01333-000,WT,0.9638134290107637,0.9643076923076923,1.0,1.0,1.0,0.0,0.0,0.9732919254658385,0.9999748968135763
baseline,2,BraTS-GLI-01333-000,TC,0.9706405693950177,0.9706405693950177,0.0,0.0,1.0,0.0,0.0,0.9828828828828828,0.9999947350084968
baseline,2,BraTS-GLI-01333-000,ET,0.9701770736253494,0.9701770736253494,0.0,0.0,1.0,0.0,0.0,0.961218836565097,0.999997535543346
baseline,2,BraTS-GLI-01358-000,WT,0.9863952724885096,0.9863952724885096,1.0,1.0,1.0,0.0,0.0,0.9753924865924762,0.9999596534389973
baseline,2,BraTS-GLI-01358-000,TC,0.9867254218013625,0.9867254218013625,1.0,1.0,1.0,0.0,0.0,0.9785930400268943,0.9999486180461344
baseline,2,BraTS-GLI-01358-000,ET,0.9759488347365164,0.9759488347365164,0.0,0.0,1.0,0.0,0.0,0.960604829891593,0.9999425765981925
baseline,2,BraTS-GLI-01344-000,WT,0.9730418771540532,0.9730418771540532,1.0,1.0,1.0,0.0,0.0,0.9559369202226345,0.9999892343129361
baseline,2,BraTS-GLI-01344-000,TC,0.9660280148124296,0.9660280148124296,1.0,1.0,1.0,0.0,0.0,0.9865175928970733,0.9999809522934503
baseline,2,BraTS-GLI-01344-000,ET,0.9763728205963826,0.9763728205963826,0.0,0.0,1.0,0.0,0.0,0.9855263157894737,0.9999886834226708
baseline,2,BraTS-GLI-01356-000,WT,0.9691587275956726,0.9691587275956726,2.0,2.0,1.0,0.0,0.0,0.9897828222354468,0.9991624309369634
baseline,2,BraTS-GLI-01356-000,TC,0.9855909570834109,0.9855909570834109,1.0,1.0,1.0,0.0,0.0,0.9943605489065731,0.9997459309896939
baseline,2,BraTS-GLI-01356-000,ET,0.948685158920226,0.948685158920226,1.0,1.0,1.0,0.0,0.0,0.9830385968293741,0.9995825125184353
baseline,2,BraTS-GLI-01320-000,WT,0.9837820937176119,0.9837820937176119,1.0,1.0,1.0,0.0,0.0,0.9750968921809062,0.9997814605382233
baseline,2,BraTS-GLI-01320-000,TC,0.9865460838497181,0.9865460838497181,1.0,1.0,1.0,0.0,0.0,0.9803481034602316,0.9999422983221911
baseline,2,BraTS-GLI-01320-000,ET,0.9759524452850581,0.9759524452850581,1.0,1.0,1.0,0.0,0.0,0.9629615523775065,0.9999383695790439
baseline,2,BraTS-GLI-01332-000,WT,0.981495929104403,0.981495929104403,1.0,1.0,1.0,0.0,0.0,0.987786218559579,0.9997893487023315
baseline,2,BraTS-GLI-01332-000,TC,0.980575041991898,0.980575041991898,1.0,1.0,1.0,0.0,0.0,0.9734766743830188,0.9999655153550464
baseline,2,BraTS-GLI-01332-000,ET,0.9665533717550859,0.9665533717550859,1.0,1.0,1.0,0.0,0.0,0.9691312293179236,0.9999177121323414
baseline,2,BraTS-GLI-01336-000,WT,0.9828690989930692,0.9828690989930692,1.0,1.0,1.0,0.0,0.0,0.9768064941816291,0.9999388374795816
baseline,2,BraTS-GLI-01336-000,TC,0.9795822022896259,0.9795822022896259,1.0,1.0,1.0,0.0,0.0,0.9704197357652286,0.9999791266734853
baseline,2,BraTS-GLI-01336-000,ET,0.9556608292968543,0.9556608292968543,0.0,0.0,1.0,0.0,0.0,0.9408866995073891,0.9999698378385773
baseline,2,BraTS-GLI-01341-000,WT,0.5637502174291181,0.9775162215180323,24.879710609249457,0.0,1.0,0.0,0.0,0.9703592814371258,0.9994490546418575
baseline,2,BraTS-GLI-01341-000,TC,0.9601618425147836,0.9601618425147836,1.0,1.0,1.0,0.0,0.0,0.9242061114439785,0.9999996638528159
baseline,2,BraTS-GLI-01341-000,ET,0.919188323246707,0.919188323246707,1.0,1.0,1.0,0.0,0.0,0.9043782837127846,0.9999797202174306
baseline,2,BraTS-GLI-01325-000,WT,0.9603958857711071,0.9603958857711071,2.23606797749979,2.23606797749979,1.0,0.0,0.0,0.9440053757282814,0.9996745496582317
baseline,2,BraTS-GLI-01325-000,TC,0.9192749513192802,0.9192749513192802,2.23606797749979,2.23606797749979,1.0,0.0,0.0,0.8767324758201216,0.9998613843294984
baseline,2,BraTS-GLI-01325-000,ET,0.9318589609847695,0.9318589609847695,2.0,2.0,1.0,0.0,0.0,0.9019871829393075,0.9998583939330067
baseline,2,BraTS-GLI-01322-000,WT,0.9630356973171581,0.4869938493080472,11.40175425099138,187.5,1.0,0.0,1.0,0.9313238987931141,0.9999948382330284
baseline,2,BraTS-GLI-01322-000,TC,0.9359615973853539,0.48558711318355235,22.315913604421397,187.5,1.0,0.0,1.0,0.8937000195045836,0.9999908101348075
baseline,2,BraTS-GLI-01322-000,ET,0.8999525841631105,0.46456982009545955,21.840329667841555,187.70710678118655,1.0,0.0,1.0,0.8827906976744186,0.9999618992122102
baseline,2,BraTS-GLI-01311-000,WT,0.9103067354858826,0.39953298821646155,25.337718918639855,132.6157731058639,2.0,0.0,1.0,0.8386011346033505,0.9999574204058854
baseline,2,BraTS-GLI-01311-000,TC,0.9846648480124708,0.49340923293235434,2.0,187.5,1.0,0.0,1.0,0.9845689235265466,0.999911903950522
baseline,2,BraTS-GLI-01311-000,ET,0.9834460340710717,0.4928305681246858,1.0,187.5,1.0,0.0,1.0,0.9775614815405789,0.9999408641471489
baseline,2,BraTS-GLI-01389-000,WT,0.9761858094864759,0.9762336453177831,1.0,1.0,1.0,0.0,0.0,0.9646056263012638,0.9999729436834559
baseline,2,BraTS-GLI-01389-000,TC,0.9917812678004719,0.9917812678004719,0.0,0.0,1.0,0.0,0.0,0.9910554561717353,0.9999948441192305
baseline,2,BraTS-GLI-01389-000,ET,0.9827160493827161,0.9827160493827161,0.0,0.0,1.0,0.0,0.0,0.9791992842764482,0.9999931641394341
baseline,2,BraTS-GLI-01374-000,WT,0.9872643553438624,0.9872643553438624,1.0,1.0,1.0,0.0,0.0,0.9975651257662378,0.9996275408558549
baseline,2,BraTS-GLI-01374-000,TC,0.9939960267824296,0.9939960267824296,0.0,0.0,1.0,0.0,0.0,0.9902509822318654,0.9999829567028015
baseline,2,BraTS-GLI-01374-000,ET,0.9843064719118264,0.9843064719118264,0.0,0.0,1.0,0.0,0.0,0.9721824619557029,0.9999809575404984
baseline,2,BraTS-GLI-01397-000,WT,0.9693719880670083,0.4846897015964323,1.4142135623730951,187.70710678118655,1.0,1.0,0.0,0.9903099260741134,0.9996182317791132
baseline,2,BraTS-GLI-01397-000,TC,0.9678049405247907,0.9678049405247907,1.4142135623730951,1.4142135623730951,1.0,0.0,0.0,0.9529003783102143,0.9999418858219391
baseline,2,BraTS-GLI-01397-000,ET,0.9558302033279477,0.9558302033279477,1.0,1.0,1.0,0.0,0.0,0.9534494306764902,0.999888478491735
baseline,2,BraTS-GLI-01407-000,WT,0.9279279279279279,0.3241568939243358,21.118712081942874,249.66666666666666,1.0,2.0,0.0,0.9606322403298645,0.999874520818667
baseline,2,BraTS-GLI-01407-000,TC,0.9841956726246472,0.9841956726246472,0.0,0.0,1.0,0.0,0.0,0.9806899137607799,0.9999927151817629
baseline,2,BraTS-GLI-01407-000,ET,0.9757666738151405,0.9757666738151405,0.0,0.0,1.0,0.0,0.0,0.9623519458544839,0.9999946208072554
baseline,2,BraTS-GLI-01375-000,WT,0.9640331312135035,0.9640331312135035,2.0,2.0,1.0,0.0,0.0,0.9620383419457307,0.9998297929248566
baseline,2,BraTS-GLI-01375-000,TC,0.6439024390243903,0.3253475303164744,48.14561246884289,249.33333333333334,1.0,2.0,0.0,0.9717314487632509,0.9998009254000145
baseline,2,BraTS-GLI-01375-000,ET,0.8876696505919722,0.16126324624908195,48.36320915737499,311.6666666666667,1.0,5.0,0.0,0.9540657976412167,0.9999647113743306
baseline,2,BraTS-GLI-01395-000,WT,0.9792282287502173,0.9792282287502173,1.0,1.0,1.0,0.0,0.0,0.9861706783369804,0.9999281314744839
baseline,2,BraTS-GLI-01395-000,TC,0.8063834780567942,0.8063834780567942,4.123105625617661,4.123105625617661,1.0,0.0,0.0,0.6809353943717796,0.9999977592234006
baseline,2,BraTS-GLI-01395-000,ET,0.7706466456769193,0.7706466456769193,4.242640687119285,4.242640687119285,1.0,0.0,0.0,0.63059849385652,0.9999983194175505
baseline,2,BraTS-GLI-01396-000,WT,0.9899651732483324,0.9899651732483324,1.0,1.0,1.0,0.0,0.0,0.9982619254532684,0.9998242876327779
baseline,2,BraTS-GLI-01396-000,TC,0.9377922880084708,0.9377922880084708,2.449489742783178,2.449489742783178,1.0,0.0,0.0,0.9336730211719231,0.9999265416469049
baseline,2,BraTS-GLI-01396-000,ET,0.9453298622134739,0.9453298622134739,1.4142135623730951,1.4142135623730951,1.0,0.0,0.0,0.9500957243139757,0.9999473103916799
baseline,2,BraTS-GLI-01390-000,WT,0.979392051082326,0.979392051082326,1.0,1.0,1.0,0.0,0.0,0.965840983233442,0.9999614659870859
baseline,2,BraTS-GLI-01390-000,TC,0.9809717594973504,0.9809717594973504,1.0,1.0,1.0,0.0,0.0,0.9734191258043045,0.99997170276903
baseline,2,BraTS-GLI-01390-000,ET,0.963119937109068,0.963119937109068,1.0,1.0,1.0,0.0,0.0,0.963745810246939,0.9999384072104626
baseline,2,BraTS-GLI-01378-000,WT,0.9865256036897588,0.9865256036897588,1.0,1.0,1.0,0.0,0.0,0.9799961698497537,0.9998668293495778
baseline,2,BraTS-GLI-01378-000,TC,0.9884390728637329,0.9884390728637329,1.0,1.0,1.0,0.0,0.0,0.980588282439689,0.9999500183455391
baseline,2,BraTS-GLI-01378-000,ET,0.9364750272670996,0.9364750272670996,1.0,1.0,1.0,0.0,0.0,0.8885511840387843,0.9999450101810043
baseline,2,BraTS-GLI-01385-000,WT,0.9827546911798223,0.9827546911798223,1.0,1.0,1.0,0.0,0.0,0.9723192139230732,0.9998926170277965
baseline,2,BraTS-GLI-01385-000,TC,0.9890530153539682,0.9890530153539682,1.0,1.0,1.0,0.0,0.0,0.9906354703911456,0.9998486694473703
baseline,2,BraTS-GLI-01385-000,ET,0.9775183116977301,0.9775183116977301,0.0,0.0,1.0,0.0,0.0,0.9601931926655174,0.999965454218881
baseline,2,BraTS-GLI-01377-000,WT,0.9647104990236292,0.12093286920997522,3.605551275463989,327.4267766952966,1.0,7.0,0.0,0.947431203604298,0.9997930608835291
baseline,2,BraTS-GLI-01377-000,TC,0.986737806673498,0.9868289292320017,1.0,1.0,1.0,0.0,0.0,0.9807885925683111,0.9999309025350288
baseline,2,BraTS-GLI-01377-000,ET,0.9833839894982083,0.983468874759722,1.0,1.0,1.0,0.0,0.0,0.9761915942709556,0.9999115666721702
baseline,2,BraTS-GLI-01387-000,WT,0.9016983039941169,0.9016983039941169,3.7416573867739413,3.7416573867739413,1.0,0.0,0.0,0.8502226507903832,0.9996280997675001
baseline,2,BraTS-GLI-01387-000,TC,0.9623225992363662,0.9615265249991373,1.0,0.5,2.0,0.0,0.0,0.9891883886255924,0.999949558626775
baseline,2,BraTS-GLI-01387-000,ET,0.941648772290169,0.9275423909452302,1.0,0.5,2.0,0.0,0.0,0.9429693343305908,0.9999641362231767
baseline,2,BraTS-GLI-01451-000,WT,0.7855125227543782,0.7855125227543782,4.242640687119285,4.242640687119285,1.0,0.0,0.0,0.6560419397116645,0.9999693565722014
baseline,2,BraTS-GLI-01451-000,TC,0.9406751149489738,0.9406751149489738,2.0,2.0,1.0,0.0,0.0,0.9001931745009659,0.9999856481036099
baseline,2,BraTS-GLI-01451-000,ET,0.9338300514458046,0.9338300514458046,1.4142135623730951,1.4142135623730951,1.0,0.0,0.0,0.8913976066832242,0.9999823974099751
baseline,2,BraTS-GLI-01409-000,WT,0.9614757570700523,0.32062774510055736,1.0,249.66666666666666,1.0,2.0,0.0,0.9677744469712631,0.9998026842146471
baseline,2,BraTS-GLI-01409-000,TC,0.9764833638936856,0.6490762595446825,1.0,125.33333333333333,2.0,0.0,1.0,0.9757711602092005,0.9999280890230927
baseline,2,BraTS-GLI-01409-000,ET,0.9727811573857432,0.6457205080402459,1.0,125.33333333333333,2.0,0.0,1.0,0.9688519496659935,0.9999332753105619
baseline,2,BraTS-GLI-01411-000,WT,0.8929968669339784,0.8929968669339784,4.123105625617661,4.123105625617661,1.0,0.0,0.0,0.9847391786903441,0.9972027872085675
baseline,2,BraTS-GLI-01411-000,TC,0.9680094188882348,0.9680094188882348,1.0,1.0,1.0,0.0,0.0,0.9808944336503391,0.99969749674327
baseline,2,BraTS-GLI-01411-000,ET,0.8958240319076108,0.8958240319076108,1.0,1.0,1.0,0.0,0.0,0.9559155153247578,0.9993691911945295
baseline,2,BraTS-GLI-01479-000,WT,0.8661249170415161,0.8662347853278345,11.0,11.0,1.0,0.0,0.0,0.7717121066380729,0.9997762581644312
baseline,2,BraTS-GLI-01479-000,TC,0.6347057661559333,0.6347057661559333,15.524174696260024,15.524174696260024,1.0,0.0,0.0,0.46568659622410363,0.9999639800593608
baseline,2,BraTS-GLI-01479-000,ET,0.765367463010815,0.3826888953358926,7.810249675906654,190.90512483795334,1.0,1.0,0.0,0.633428628861144,0.9997791468960522
baseline,2,BraTS-GLI-01417-000,WT,0.8754020856087015,0.43770759148987104,3.1622776601683795,188.5811388300842,1.0,1.0,0.0,0.9578619955799296,0.9984118489914474
baseline,2,BraTS-GLI-01417-000,TC,0.9452825510651689,0.9452825510651689,1.0,1.0,1.0,0.0,0.0,0.9462028941239357,0.999835988392921
baseline,2,BraTS-GLI-01417-000,ET,0.8966634129026533,0.8966634129026533,1.4142135623730951,1.4142135623730951,1.0,0.0,0.0,0.9322784518152881,0.9996418274971612
baseline,2,BraTS-GLI-01471-000,WT,0.965780179050441,0.965780179050441,3.0,3.0,1.0,0.0,0.0,0.9520339346329646,0.9995517554583111
baseline,2,BraTS-GLI-01471-000,TC,0.9686358060559106,0.9686358060559106,1.4142135623730951,1.4142135623730951,1.0,0.0,0.0,0.9608894657740128,0.9996927667742305
baseline,2,BraTS-GLI-01471-000,ET,0.9191796585588852,0.9191796585588852,1.4142135623730951,1.4142135623730951,1.0,0.0,0.0,0.8958090087875622,0.9996082549880919
baseline,2,BraTS-GLI-01452-000,WT,0.919457473187345,0.919457473187345,1.4142135623730951,1.4142135623730951,1.0,0.0,0.0,0.9893278472467775,0.9994312619992759
baseline,2,BraTS-GLI-01452-000,TC,0.9000343524562007,0.9000343524562007,1.0,1.0,1.0,0.0,0.0,0.821831869510665,0.9999976465889324
baseline,2,BraTS-GLI-01452-000,ET,0.8848499937756753,0.8848499937756753,1.0,1.0,1.0,0.0,0.0,0.8006307726965533,0.9999955174845557
baseline,2,BraTS-GLI-01444-000,WT,0.937502729887747,0.937502729887747,2.0,2.0,1.0,0.0,0.0,0.8933330162259866,0.9997611821165588
baseline,2,BraTS-GLI-01444-000,TC,0.9576999412345186,0.9576999412345186,1.4142135623730951,1.4142135623730951,1.0,0.0,0.0,0.9570738409715451,0.9997885819862846
baseline,2,BraTS-GLI-01444-000,ET,0.9478668107663013,0.9478668107663013,1.0,1.0,1.0,0.0,0.0,0.9484037075180226,0.9997696070269857
baseline,2,BraTS-GLI-01466-000,WT,0.96697149809183,0.96697149809183,1.4142135623730951,1.4142135623730951,1.0,0.0,0.0,0.9610957238397622,0.9995489734019593
baseline,2,BraTS-GLI-01466-000,TC,0.9555085331020271,0.9555085331020271,1.7320508075688772,1.7320508075688772,1.0,0.0,0.0,0.9224680506069851,0.9999111413771252
baseline,2,BraTS-GLI-01466-000,ET,0.9168182148832472,0.9168182148832472,1.0,1.0,1.0,0.0,0.0,0.8630169816488633,0.9998707943912589
baseline,2,BraTS-GLI-01427-000,WT,0.9290851804104469,0.9290851804104469,2.0,2.0,1.0,0.0,0.0,0.9252029780020422,0.9992407495666483
baseline,2,BraTS-GLI-01427-000,TC,0.9548649537881734,0.9548649537881734,1.4142135623730951,1.4142135623730951,1.0,0.0,0.0,0.9496668253212756,0.9998509171630098
baseline,2,BraTS-GLI-01427-000,ET,0.8889076552801588,0.8889076552801588,1.0,1.0,1.0,0.0,0.0,0.9079225428041575,0.9996488415871282
baseline,2,BraTS-GLI-01458-000,WT,0.9565604430406834,0.9565604430406834,9.848857801796104,9.848857801796104,1.0,0.0,0.0,0.9257903108224534,0.9999327893632176
baseline,2,BraTS-GLI-01458-000,TC,0.9064599357414078,0.4532740993184031,2.449489742783178,188.22474487139158,1.0,1.0,0.0,0.9526257897833371,0.9993436763372595
baseline,2,BraTS-GLI-01458-000,ET,0.7746600010750954,0.25829636599901423,2.23606797749979,250.0,1.0,2.0,0.0,0.8428964145756566,0.9993605586324977
baseline,2,BraTS-GLI-01419-000,WT,0.9387127883416458,0.9387127883416458,3.1622776601683795,3.1622776601683795,1.0,0.0,0.0,0.9166222771806335,0.9991241996205439
baseline,2,BraTS-GLI-01419-000,TC,0.773442235905944,0.773442235905944,11.357816691600547,11.357816691600547,1.0,0.0,0.0,0.6326035333107174,0.9999722076544638
baseline,2,BraTS-GLI-01419-000,ET,0.9175637811532222,0.9175637811532222,2.23606797749979,2.23606797749979,1.0,0.0,0.0,0.8811783033564651,0.9998116060148324
baseline,2,BraTS-GLI-01480-000,WT,0.8136036625245259,0.8136036625245259,5.916079783099616,5.916079783099616,1.0,0.0,0.0,0.7349279538904899,0.9997203512756795
baseline,2,BraTS-GLI-01480-000,TC,0.01583911728065492,0.008357592262184242,19.235384061671343,196.7082439194738,1.0,1.0,0.0,0.008430425310220707,0.9999336132566252
baseline,2,BraTS-GLI-01480-000,ET,0.0,0.0,374.0,374.0,0.0,2.0,0.0,0.0,0.9999977598566309
baseline,2,BraTS-GLI-01517-000,WT,0.9210587874313803,0.9210587874313803,4.123105625617661,4.123105625617661,1.0,0.0,0.0,0.9561811289335747,0.9978290569967755
baseline,2,BraTS-GLI-01517-000,TC,0.7699649471876141,0.2575196325381538,14.89966442575134,253.86715683624516,1.0,1.0,1.0,0.7581968467778968,0.9984429071600319
baseline,2,BraTS-GLI-01517-000,ET,0.0,0.0,374.0,374.0,0.0,19.0,0.0,0.0,0.999767585125448
baseline,2,BraTS-GLI-01534-000,WT,0.9075846925450598,0.9075846925450598,3.7416573867739413,3.7416573867739413,1.0,0.0,0.0,0.866910304282196,0.9996914856236249
baseline,2,BraTS-GLI-01534-000,TC,0.8151114933349715,0.8151114933349715,7.810249675906654,7.810249675906654,1.0,0.0,0.0,0.7245860818662356,0.9997252938398945
baseline,2,BraTS-GLI-01534-000,ET,0.0,0.0,374.0,374.0,0.0,6.0,0.0,0.0,0.9999428763440861
baseline,2,BraTS-GLI-01494-000,WT,0.9595145101003738,0.9595145101003738,5.0,5.0,1.0,0.0,0.0,0.9542096717776838,0.9992384781329448
baseline,2,BraTS-GLI-01494-000,TC,0.6449449189445217,0.3225389887752061,10.04987562112089,192.02493781056046,1.0,1.0,0.0,0.9987459776642059,0.994775559390916
baseline,2,BraTS-GLI-01494-000,ET,0.0,0.0,374.0,374.0,0.0,5.0,0.0,0.0,0.9998596550179212
baseline,2,BraTS-GLI-01536-000,WT,0.8608515415839019,0.4304369229706271,3.1622776601683795,188.5811388300842,1.0,1.0,0.0,0.9996189177263428,0.9981873459559444
baseline,2,BraTS-GLI-01536-000,TC,0.42479028059010704,0.42479028059010704,12.36931687685298,12.36931687685298,1.0,0.0,0.0,0.27249953609203936,0.9999873278920274
baseline,2,BraTS-GLI-01536-000,ET,0.8157463094587206,0.8157463094587206,1.4142135623730951,1.4142135623730951,1.0,0.0,0.0,0.712852365026278,0.9999918215594225
baseline,2,BraTS-GLI-01493-000,WT,0.9309126403123474,0.9309126403123474,4.242640687119285,4.242640687119285,1.0,0.0,0.0,0.9289359878443137,0.9994187096846356
baseline,2,BraTS-GLI-01493-000,TC,0.7807260343453373,0.7807260343453373,7.810249675906654,7.810249675906654,1.0,0.0,0.0,0.7249703950909678,0.9994475215176422
baseline,2,BraTS-GLI-01493-000,ET,0.89771714922049,0.89771714922049,1.4142135623730951,1.4142135623730951,1.0,0.0,0.0,0.8818574632171963,0.9998300731661848
baseline,2,BraTS-GLI-01524-000,WT,0.952941698464815,0.952941698464815,5.385164807134504,5.385164807134504,1.0,0.0,0.0,0.9178846778467272,0.9998866190761873
baseline,2,BraTS-GLI-01524-000,TC,0.9293892203948965,0.9293892203948965,4.69041575982343,4.69041575982343,1.0,0.0,0.0,0.9165939021326985,0.9994718690262321
baseline,2,BraTS-GLI-01524-000,ET,0.0,0.0,374.0,374.0,0.0,13.0,0.0,0.0,0.999932123655914
baseline,2,BraTS-GLI-01510-000,WT,0.9425883622057237,0.9425883622057237,4.47213595499958,4.47213595499958,1.0,0.0,0.0,0.9474808843814034,0.9991037853792621
baseline,2,BraTS-GLI-01510-000,TC,0.867469101522646,0.867469101522646,5.0,5.0,1.0,0.0,0.0,0.9377609002191911,0.9981859390971902
baseline,2,BraTS-GLI-01510-000,ET,0.0,0.0,374.0,374.0,0.0,37.0,0.0,0.0,0.9997767697132617
baseline,2,BraTS-GLI-01525-000,WT,0.8273371215069666,0.8273371215069666,14.89966442575134,14.89966442575134,1.0,0.0,0.0,0.7092297015961138,0.9999778416009657
baseline,2,BraTS-GLI-01525-000,TC,0.7823906705539359,0.7823906705539359,5.196152422706632,5.196152422706632,1.0,0.0,0.0,0.6494675701839303,0.9999875528024696
baseline,2,BraTS-GLI-01525-000,ET,0.8437394074977967,0.8437394074977967,5.0990195135927845,5.0990195135927845,1.0,0.0,0.0,0.7445561139028476,0.9999809409391094
baseline,2,BraTS-GLI-01527-000,WT,0.9714653190375379,0.9714653190375379,1.4142135623730951,1.4142135623730951,1.0,0.0,0.0,0.9751390999348772,0.9996789764529568
baseline,2,BraTS-GLI-01527-000,TC,0.9479314913873484,0.9479314913873484,2.0,2.0,1.0,0.0,0.0,0.9328396651641984,0.999752534435386
baseline,2,BraTS-GLI-01527-000,ET,0.34349030470914127,0.07425742574257425,29.274562336608895,312.51650325226547,1.0,5.0,0.0,0.5210084033613446,0.999979838440947
baseline,2,BraTS-GLI-01498-000,WT,0.8855581492137596,0.8855757764391018,6.48074069840786,6.48074069840786,1.0,0.0,0.0,0.8209108445860941,0.9988572322470937
baseline,2,BraTS-GLI-01498-000,TC,0.6437809824245155,0.613069309379443,22.045407685048602,12.326546526978849,2.0,0.0,0.0,0.4784840441121057,0.9998915829423981
baseline,2,BraTS-GLI-01498-000,ET,0.8609554117093986,0.883561259523463,15.165750888103101,8.0,2.0,0.0,0.0,0.9086791684689957,0.9991060559031192
baseline,2,BraTS-GLI-01512-000,WT,0.9216505689288785,0.9216603945231572,14.035668847618199,14.035668847618199,1.0,0.0,0.0,0.8774723081191174,0.9995512637335792
baseline,2,BraTS-GLI-01512-000,TC,0.8998270694612782,0.8998316327565572,5.477225575051661,5.477225575051661,1.0,0.0,0.0,0.9417546839339738,0.9983850655352541
baseline,2,BraTS-GLI-01512-000,ET,0.02631578947368421,0.0,30.479501308256342,374.0,0.0,2.0,0.0,0.03125,0.9999951836744935
baseline,3,BraTS-GLI-00000-000,WT,0.9552633626390726,0.9552633626390726,2.23606797749979,2.23606797749979,1.0,0.0,0.0,0.9641567053485735,0.9996481673645639
baseline,3,BraTS-GLI-00000-000,TC,0.9792803584897289,0.48964561033775167,1.0,187.5,1.0,1.0,0.0,0.9926915379252963,0.9998263078048583
baseline,3,BraTS-GLI-00000-000,ET,0.9558810474922326,0.4779475950228588,1.0,187.5,1.0,1.0,0.0,0.9869542635422077,0.9997127686638819
baseline,3,BraTS-GLI-00036-001,WT,0.9826301036508054,0.9826301036508054,1.0,1.0,1.0,0.0,0.0,0.9776716769153312,0.9997528347161296
baseline,3,BraTS-GLI-00036-001,TC,0.9733986754137375,0.9733986754137375,2.449489742783178,2.449489742783178,1.0,0.0,0.0,0.9825676038752706,0.999741108778646
baseline,3,BraTS-GLI-00036-001,ET,0.9592819729950254,0.47964729880897544,1.0,187.5,1.0,1.0,0.0,0.9663016676830076,0.9997949446603668
baseline,3,BraTS-GLI-00017-001,WT,0.9702430655715305,0.48522098293940336,1.4142135623730951,187.70710678118655,1.0,1.0,0.0,0.9632817328128062,0.9998325369623311
baseline,3,BraTS-GLI-00017-001,TC,0.0,0.0,374.0,374.0,0.0,3.0,0.0,0.0,0.9993394937275986
baseline,3,BraTS-GLI-00017-001,ET,1.0,1.0,0.0,0.0,0.0,0.0,0.0,1.0,1.0
baseline,3,BraTS-GLI-00066-000,WT,0.9796024357626041,0.9796024357626041,1.0,1.0,1.0,0.0,0.0,0.9744278555561295,0.9999346404199393
baseline,3,BraTS-GLI-00066-000,TC,0.9853364579845999,0.9853364579845999,0.0,0.0,1.0,0.0,0.0,0.976380042462845,0.9999954038265274
baseline,3,BraTS-GLI-00066-000,ET,0.9561890882594043,0.9561890882594043,1.0,1.0,1.0,0.0,0.0,0.9265666372462489,0.9999927149115114
baseline,3,BraTS-GLI-00059-001,WT,0.9759726153643605,0.9759726153643605,1.0,1.0,1.0,0.0,0.0,0.984375,0.9998329358617808
baseline,3,BraTS-GLI-00059-001,TC,0.9808833941506454,0.9809101059339342,1.0,1.0,1.0,0.0,0.0,0.9714131607335491,0.999980694677343
baseline,3,BraTS-GLI-00059-001,ET,0.9662497200806168,0.9662806321581675,1.0,1.0,1.0,0.0,0.0,0.9490353798780871,0.9999726214521918
baseline,3,BraTS-GLI-00026-000,WT,0.9129737684034819,0.9129737684034819,3.7416573867739413,3.7416573867739413,1.0,0.0,0.0,0.8713734697300016,0.999697056741961
baseline,3,BraTS-GLI-00026-000,TC,0.9486990635662643,0.9486990635662643,1.0,1.0,1.0,0.0,0.0,0.9390305591097093,0.9998466449593582
baseline,3,BraTS-GLI-00026-000,ET,0.9356406766478709,0.9356406766478709,1.0,1.0,1.0,0.0,0.0,0.9321968229368461,0.9997895926594813
baseline,3,BraTS-GLI-00045-001,WT,0.9697242341085969,0.9697460467417954,1.0,1.0,1.0,0.0,0.0,0.9519939937287462,0.9999709163821282
baseline,3,BraTS-GLI-00045-001,TC,0.9836044410018074,0.9836044410018074,1.0,1.0,1.0,0.0,0.0,0.9902521445282038,0.9999799334238085
baseline,3,BraTS-GLI-00045-001,ET,0.9662791537295111,0.9662791537295111,1.0,1.0,1.0,0.0,0.0,0.9909656398104265,0.999954490672157
baseline,3,BraTS-GLI-00014-001,WT,0.950227343254584,0.4751264926128314,1.4142135623730951,187.70710678118655,1.0,1.0,0.0,0.912279792746114,0.9999659144599186
baseline,3,BraTS-GLI-00014-001,TC,0.0024566402987274603,0.002457485500835545,30.59411708155671,30.59411708155671,1.0,0.0,0.0,0.0012298307752853207,1.0
baseline,3,BraTS-GLI-00014-001,ET,0.0007873240822753666,0.0007875953728771843,30.757112998459398,30.757112998459398,1.0,0.0,0.0,0.0003938170719700699,1.0
baseline,3,BraTS-GLI-00054-000,WT,0.9371563433678978,0.9371563433678978,2.8284271247461903,2.8284271247461903,1.0,0.0,0.0,0.9286368250303525,0.9993946200481811
baseline,3,BraTS-GLI-00054-000,TC,0.9165396136392172,0.9165396136392172,3.1622776601683795,3.1622776601683795,1.0,0.0,0.0,0.8567931319725458,0.9998701143242856
baseline,3,BraTS-GLI-00054-000,ET,0.7874976280191928,0.7874976280191928,2.23606797749979,2.23606797749979,1.0,0.0,0.0,0.7803685596088755,0.9987316506091357
baseline,3,BraTS-GLI-00032-000,WT,0.9681052601272565,0.9681052601272565,1.4142135623730951,1.4142135623730951,1.0,0.0,0.0,0.9512294479082978,0.9998609669842404
baseline,3,BraTS-GLI-00032-000,TC,0.9669093315684977,0.9669093315684977,1.0,1.0,1.0,0.0,0.0,0.9675496688741722,0.9999542391587183
baseline,3,BraTS-GLI-00032-000,ET,0.9409940994099409,0.9409940994099409,1.0,1.0,1.0,0.0,0.0,0.9414648789273564,0.9999332810495979
baseline,3,BraTS-GLI-00043-000,WT,0.98145251622148,0.98145251622148,1.0,1.0,1.0,0.0,0.0,0.9852105471084593,0.9997490169358071
baseline,3,BraTS-GLI-00043-000,TC,0.8066570651304209,0.8067087027494159,5.0990195135927845,5.0990195135927845,1.0,0.0,0.0,0.6799028864310763,0.9999878780600182
baseline,3,BraTS-GLI-00043-000,ET,0.4211631324795297,0.4212220900118989,14.798648586948742,14.7648230602334,1.0,0.0,0.0,0.26725286437516654,0.9999976448794464
baseline,3,BraTS-GLI-00030-000,WT,0.9375831540217802,0.4690207678560424,4.58257569495584,189.69258240356726,1.0,0.0,1.0,0.9675073731312925,0.9987098757276387
baseline,3,BraTS-GLI-00030-000,TC,0.9499686149983384,0.9500855500436982,1.7320508075688772,1.7320508075688772,1.0,0.0,0.0,0.9793929550299462,0.9996340254411383
baseline,3,BraTS-GLI-00030-000,ET,0.9023742149216647,0.9025299416698306,1.4142135623730951,1.4142135623730951,1.0,0.0,0.0,0.9618907485745816,0.9994807217091918
baseline,3,BraTS-GLI-00095-001,WT,0.9868229074523108,0.9868229074523108,1.0,1.0,1.0,0.0,0.0,0.9782287548795484,0.999878535453026
baseline,3,BraTS-GLI-00095-001,TC,0.9913982291955704,0.9913982291955704,1.0,1.0,1.0,0.0,0.0,0.988749459108611,0.999933511745371
baseline,3,BraTS-GLI-00095-001,ET,0.9723585101236957,0.9723585101236957,1.0,1.0,1.0,0.0,0.0,0.9581233828135639,0.9999375277326213
baseline,3,BraTS-GLI-00072-000,WT,0.9166480075233666,0.3064256048999354,15.937377450509228,255.0097954553088,1.0,2.0,0.0,0.9642131330668497,0.9988287381353262
baseline,3,BraTS-GLI-00072-000,TC,0.9775642986803729,0.9775642986803729,1.0,1.0,1.0,0.0,0.0,0.963067896397211,0.9999592261207833
baseline,3,BraTS-GLI-00072-000,ET,0.9429434874584467,0.9429434874584467,1.0,1.0,1.0,0.0,0.0,0.933604619849795,0.9998249495563534
baseline,3,BraTS-GLI-00113-000,WT,0.8204303590223365,0.8204303590223365,8.12403840463596,8.12403840463596,1.0,0.0,0.0,0.7324215691392181,0.9997714204978668
baseline,3,BraTS-GLI-00113-000,TC,0.8452643171806168,0.8452643171806168,2.0,2.0,1.0,0.0,0.0,0.7502443792766373,0.9999942863250247
baseline,3,BraTS-GLI-00113-000,ET,0.7884940778341794,0.7884940778341794,2.0,2.0,1.0,0.0,0.0,0.7009626955475331,0.9999856604130384
baseline,3,BraTS-GLI-00077-000,WT,0.9630885613668971,0.4816034007811361,3.3166247903554,188.5811388300842,1.0,1.0,0.0,0.9547404395136346,0.9993692432132655
baseline,3,BraTS-GLI-00077-000,TC,0.9826746787139787,0.9826746787139787,1.0,1.0,1.0,0.0,0.0,0.9734098018769551,0.9999498334922878
baseline,3,BraTS-GLI-00077-000,ET,0.9652333154336542,0.9652333154336542,1.0,1.0,1.0,0.0,0.0,0.9494541810006231,0.9999258807953991
baseline,3,BraTS-GLI-00110-000,WT,0.9712964222554754,0.9712964222554754,1.0,1.0,1.0,0.0,0.0,0.9835794577914921,0.9995716998255115
baseline,3,BraTS-GLI-00110-000,TC,0.9704280916826971,0.48529315854692495,1.0,187.5,1.0,1.0,0.0,0.950076608784474,0.9999859744964732
baseline,3,BraTS-GLI-00110-000,ET,0.9805010201010067,0.4903325081956245,1.0,187.5,1.0,1.0,0.0,0.9713717693836978,0.9999830582828728
baseline,3,BraTS-GLI-00097-000,WT,0.9663693681701016,0.9663693681701016,1.4142135623730951,1.4142135623730951,1.0,0.0,0.0,0.9524797824375582,0.999911434523273
baseline,3,BraTS-GLI-00097-000,TC,0.9762889675465904,0.9762889675465904,1.0,1.0,1.0,0.0,0.0,0.9840103159252095,0.9999168981446388
baseline,3,BraTS-GLI-00097-000,ET,0.9494560933312313,0.9494560933312313,1.0,1.0,1.0,0.0,0.0,0.9606942317508933,0.9998892545247438
baseline,3,BraTS-GLI-00088-000,WT,0.968948476992871,0.968948476992871,2.23606797749979,2.23606797749979,1.0,0.0,0.0,0.9549842309074215,0.9997696175799509
baseline,3,BraTS-GLI-00088-000,TC,0.9780644321721661,0.9780644321721661,1.0,1.0,1.0,0.0,0.0,0.9720951287730587,0.9998904823030793
baseline,3,BraTS-GLI-00088-000,ET,0.94409119000206,0.94409119000206,1.0,1.0,1.0,0.0,0.0,0.9354452427607228,0.9998089133863652
baseline,3,BraTS-GLI-00090-000,WT,0.9601620384946372,0.9601620384946372,1.4142135623730951,1.4142135623730951,1.0,0.0,0.0,0.9370615045833973,0.999836133613956
baseline,3,BraTS-GLI-00090-000,TC,0.957530218882718,0.957530218882718,1.0,1.0,1.0,0.0,0.0,0.9708512752567076,0.9999421456107523
baseline,3,BraTS-GLI-00090-000,ET,0.9368247108173382,0.9368247108173382,1.0,1.0,1.0,0.0,0.0,0.9419734151329243,0.9999394630778585
baseline,3,BraTS-GLI-00111-000,WT,0.8895460915448941,0.8895460915448941,3.605551275463989,3.605551275463989,1.0,0.0,0.0,0.8012219548907826,0.9999962325558774
baseline,3,BraTS-GLI-00111-000,TC,0.8370698012603005,0.8371332050718819,5.0,5.0,1.0,0.0,0.0,0.7367214163822525,0.999900792936637
baseline,3,BraTS-GLI-00111-000,ET,0.5957832417084516,0.2982700217759497,9.486832980505138,191.74341649025257,1.0,1.0,0.0,0.8359043905746737,0.9993585591555173
baseline,3,BraTS-GLI-00098-001,WT,0.9859063271595092,0.9859063271595092,1.0,1.0,1.0,0.0,0.0,0.9816911250873515,0.9998248692505294
baseline,3,BraTS-GLI-00098-001,TC,0.9809690860308239,0.9809690860308239,1.4142135623730951,1.4142135623730951,1.0,0.0,0.0,0.9762785306212569,0.9998841402449586
baseline,3,BraTS-GLI-00098-001,ET,0.9784969264326789,0.9784969264326789,1.0,1.0,1.0,0.0,0.0,0.9770632029146207,0.9998575275215542
baseline,3,BraTS-GLI-00094-000,WT,0.9732803288574909,0.9732803288574909,1.4142135623730951,1.4142135623730951,1.0,0.0,0.0,0.9738916256157636,0.9994930181619056
baseline,3,BraTS-GLI-00094-000,TC,0.9587144728295015,0.9587144728295015,2.23606797749979,2.23606797749979,1.0,0.0,0.0,0.9489928216804224,0.9996699924409589
baseline,3,BraTS-GLI-00094-000,ET,0.8176669725060904,0.8176669725060904,1.4142135623730951,1.4142135623730951,1.0,0.0,0.0,0.753315649867374,0.9996555986360222
baseline,3,BraTS-GLI-00074-000,WT,0.9738854229537925,0.9195954631043114,1.4142135623730951,2.0,2.0,0.0,0.0,0.9639199665242479,0.999675751419788
baseline,3,BraTS-GLI-00074-000,TC,0.9559185600737501,0.5857958306304981,2.0,125.60947570824874,2.0,1.0,0.0,0.9438536509557534,0.9998432954251608
baseline,3,BraTS-GLI-00074-000,ET,0.9214756671899529,0.5363669645397172,1.0,125.47140452079104,2.0,1.0,0.0,0.9112332339791356,0.9997590995832636
baseline,3,BraTS-GLI-00120-000,WT,0.9719538932424512,0.4866345323037295,1.4142135623730951,187.5,1.0,1.0,0.0,0.9780471821756226,0.9996426162572257
baseline,3,BraTS-GLI-00120-000,TC,0.9655643054046531,0.9655643054046531,1.4142135623730951,1.4142135623730951,1.0,0.0,0.0,0.9495099337748344,0.9998899832325879
baseline,3,BraTS-GLI-00120-000,ET,0.9089300832733108,0.9089300832733108,2.23606797749979,2.23606797749979,1.0,0.0,0.0,0.9101837323480285,0.999588456346784
baseline,3,BraTS-GLI-00146-000,WT,0.9473432390085912,0.9473432390085912,8.246211251235321,8.246211251235321,1.0,0.0,0.0,0.9754168471199653,0.9982284680348794
baseline,3,BraTS-GLI-00146-000,TC,0.9128635932019457,0.9128635932019457,4.47213595499958,4.47213595499958,1.0,0.0,0.0,0.9417438850071471,0.9986227847229467
baseline,3,BraTS-GLI-00146-000,ET,0.6501920228921408,0.3251164133395253,2.449489742783178,188.22474487139158,1.0,1.0,0.0,0.9300563714049764,0.997087239775424
baseline,3,BraTS-GLI-00195-000,WT,0.9857814543783363,0.9857814543783363,1.0,1.0,1.0,0.0,0.0,0.9903257426164533,0.9998498465782011
baseline,3,BraTS-GLI-00195-000,TC,0.9847382976544095,0.9847382976544095,0.0,0.0,1.0,0.0,0.0,0.9956503728251864,0.9999856553252587
baseline,3,BraTS-GLI-00195-000,ET,0.9404931506849316,0.9404931506849316,2.23606797749979,2.23606797749979,1.0,0.0,0.0,0.9828218048557031,0.9999475549983337
baseline,3,BraTS-GLI-00124-000,WT,0.8731840754683216,0.8731840754683216,16.1245154965971,16.1245154965971,1.0,0.0,0.0,0.7760087699368383,0.9999715491781026
baseline,3,BraTS-GLI-00124-000,TC,0.9596392371299013,0.9596392371299013,2.0,2.0,1.0,0.0,0.0,0.9938449054290869,0.9989819750229257
baseline,3,BraTS-GLI-00124-000,ET,0.47876061969015493,0.47876061969015493,10.816653826391969,10.816653826391969,1.0,0.0,0.0,0.9947186258172029,0.9905189506800263
baseline,3,BraTS-GLI-00151-000,WT,0.9581717025291341,0.9581717025291341,2.23606797749979,2.23606797749979,1.0,0.0,0.0,0.9506398341626984,0.9992815722950482
baseline,3,BraTS-GLI-00151-000,TC,0.9381974248927039,0.9381974248927039,5.385164807134504,5.385164807134504,1.0,0.0,0.0,0.9547157500368336,0.9991340406372573
baseline,3,BraTS-GLI-00151-000,ET,0.9069614858691587,0.9069614858691587,3.3166247903554,3.3166247903554,1.0,0.0,0.0,0.9360326038805705,0.998856479795267
baseline,3,BraTS-GLI-00194-000,WT,0.9768809105364465,0.9768809105364465,1.0,1.0,1.0,0.0,0.0,0.9829063427572995,0.9998425763783265
baseline,3,BraTS-GLI-00194-000,TC,0.9807145822024969,0.9807145822024969,1.0,1.0,1.0,0.0,0.0,0.987049296227264,0.9999095188629005
baseline,3,BraTS-GLI-00194-000,ET,0.9530221159240558,0.9530221159240558,1.0,1.0,1.0,0.0,0.0,0.9578016499495519,0.9999012473248405
baseline,3,BraTS-GLI-00199-000,WT,0.9806473051106532,0.4917977056239543,1.4142135623730951,187.5,1.0,0.0,1.0,0.9783067029105615,0.9998558613105664
baseline,3,BraTS-GLI-00199-000,TC,0.9868416402596332,0.9870729781642922,1.0,1.0,1.0,0.0,0.0,0.987597849665189,0.9999334878006948
baseline,3,BraTS-GLI-00199-000,ET,0.9698452826372738,0.9702132826095755,0.0,0.0,1.0,0.0,0.0,0.9683373046322846,0.9999205906973855
baseline,3,BraTS-GLI-00137-000,WT,0.9584212602443472,0.9584212602443472,1.4142135623730951,1.4142135623730951,1.0,0.0,0.0,0.9326804859847204,0.9997101263261234
baseline,3,BraTS-GLI-00137-000,TC,0.970129554374631,0.970129554374631,1.0,1.0,1.0,0.0,0.0,0.9810161038231213,0.9997340790392847
baseline,3,BraTS-GLI-00137-000,ET,0.9545217251626376,0.9545217251626376,1.0,1.0,1.0,0.0,0.0,0.9555962048725577,0.9997385746653733
baseline,3,BraTS-GLI-00192-000,WT,0.9678171248841585,0.49118481250801704,66.87301398920195,187.5,1.0,0.0,1.0,0.9647556127876379,0.9998838317920334
baseline,3,BraTS-GLI-00192-000,TC,0.9774935177182368,0.9774935177182368,1.0,1.0,1.0,0.0,0.0,0.9978824027669937,0.9999303330004051
baseline,3,BraTS-GLI-00192-000,ET,0.9791166586653864,0.9791166586653864,0.0,0.0,1.0,0.0,0.0,0.993262987012987,0.9999507609066274
baseline,3,BraTS-GLI-00128-000,WT,0.9740074158479417,0.9740074158479417,1.0,1.0,1.0,0.0,0.0,0.9927291160693344,0.9993130835081037
baseline,3,BraTS-GLI-00128-000,TC,0.9460818899788334,0.23701135793458925,2.0,281.0,1.0,3.0,0.0,0.9236101853086255,0.9998536529462927
baseline,3,BraTS-GLI-00128-000,ET,0.9229135917553536,0.2312613547884765,2.23606797749979,280.9330127018922,1.0,3.0,0.0,0.8811372064276886,0.9998710555777464
baseline,3,BraTS-GLI-00171-000,WT,0.9177684775100565,0.9177684775100565,4.123105625617661,4.123105625617661,1.0,0.0,0.0,0.8971576555822119,0.9995887224213623
baseline,3,BraTS-GLI-00171-000,TC,0.9455163942171407,0.9455163942171407,6.164414002968976,6.164414002968976,1.0,0.0,0.0,0.9191651969429747,0.9999232651865274
baseline,3,BraTS-GLI-00171-000,ET,0.9153087436515873,0.9153087436515873,6.324555320336759,6.324555320336759,1.0,0.0,0.0,0.8575470311581422,0.9999503414530675
baseline,3,BraTS-GLI-00142-000,WT,0.9494998638888407,0.9511403671111263,3.0,3.414213562373095,2.0,0.0,0.0,0.9246240792338323,0.9997695532171988
baseline,3,BraTS-GLI-00142-000,TC,0.946720732716012,0.948564308279886,2.0,1.9142135623730951,2.0,0.0,0.0,0.9377722712921146,0.9997557997007871
baseline,3,BraTS-GLI-00142-000,ET,0.8876458646726352,0.8923865488444811,1.0,1.2071067811865475,2.0,0.0,0.0,0.9722924332106863,0.9992326407017398
baseline,3,BraTS-GLI-00259-000,WT,0.9866824354717249,0.9866824354717249,1.0,1.0,1.0,0.0,0.0,0.9800992027632187,0.9999260342127446
baseline,3,BraTS-GLI-00259-000,TC,0.9874774182952866,0.9874774182952866,1.0,1.0,1.0,0.0,0.0,0.9851718346782452,0.9999721460575384
baseline,3,BraTS-GLI-00259-000,ET,0.9779738583610443,0.9779738583610443,0.0,0.0,1.0,0.0,0.0,0.9703384293741016,0.9999758771029276
baseline,3,BraTS-GLI-00201-000,WT,0.9860036857185134,0.9860036857185134,1.0,1.0,1.0,0.0,0.0,0.9919816491413259,0.9996609422048255
baseline,3,BraTS-GLI-00201-000,TC,0.9807294386746613,0.9807294386746613,1.0,1.0,1.0,0.0,0.0,0.9831016156180833,0.9998147426238476
baseline,3,BraTS-GLI-00201-000,ET,0.9461644329828031,0.9461644329828031,1.0,1.0,1.0,0.0,0.0,0.9318576617360635,0.9998380203567917
baseline,3,BraTS-GLI-00253-000,WT,0.9584546404844799,0.9584546404844799,1.0,1.0,1.0,0.0,0.0,0.9921837271280116,0.9995072187604929
baseline,3,BraTS-GLI-00253-000,TC,0.9779887785930081,0.9779887785930081,1.0,1.0,1.0,0.0,0.0,0.9924087591240875,0.9999857696304866
baseline,3,BraTS-GLI-00253-000,ET,0.9750940691632324,0.9750940691632324,0.0,0.0,1.0,0.0,0.0,0.9770197486535009,0.9999915968410845
baseline,3,BraTS-GLI-00212-000,WT,0.83404660728598,0.83404660728598,5.385164807134504,5.385164807134504,1.0,0.0,0.0,0.743392055640172,0.9996713278996644
baseline,3,BraTS-GLI-00212-000,TC,0.9806753855162991,0.9806753855162991,0.0,0.0,1.0,0.0,0.0,0.9706336939721792,0.9999974230881443
baseline,3,BraTS-GLI-00212-000,ET,0.8864533099517755,0.8864533099517755,2.0,2.0,1.0,0.0,0.0,0.9573863636363636,0.9999520495887916
baseline,3,BraTS-GLI-00266-000,WT,0.9796600315527747,0.9796600315527747,1.0,1.0,1.0,0.0,0.0,0.9897184696885888,0.9993825860709178
baseline,3,BraTS-GLI-00266-000,TC,0.9789768045741679,0.9789768045741679,1.0,1.0,1.0,0.0,0.0,0.9732419887308561,0.9998630110045565
baseline,3,BraTS-GLI-00266-000,ET,0.9515805669526296,0.9515805669526296,1.0,1.0,1.0,0.0,0.0,0.9550761599475889,0.999748572382961
baseline,3,BraTS-GLI-00237-000,WT,0.972323170675322,0.972323170675322,1.0,1.0,1.0,0.0,0.0,0.9987651741104504,0.9996700979261576
baseline,3,BraTS-GLI-00237-000,TC,0.9715242881072027,0.9715242881072027,1.0,1.0,1.0,0.0,0.0,0.9751442722770027,0.9999201661173549
baseline,3,BraTS-GLI-00237-000,ET,0.9546638320488972,0.9546638320488972,1.0,1.0,1.0,0.0,0.0,0.9548160748458431,0.9999039194144292
baseline,3,BraTS-GLI-00282-000,WT,0.9667635658914728,0.9667635658914728,1.4142135623730951,1.4142135623730951,1.0,0.0,0.0,0.9504620367724111,0.9999064842997843
baseline,3,BraTS-GLI-00282-000,TC,0.9689663519728879,0.9689663519728879,1.0,1.0,1.0,0.0,0.0,0.9752460773803723,0.9999566033497953
baseline,3,BraTS-GLI-00282-000,ET,0.9511679845475947,0.9511679845475947,1.0,1.0,1.0,0.0,0.0,0.9752444609481371,0.9999317258527289
baseline,3,BraTS-GLI-00231-000,WT,0.969465501610632,0.969465501610632,5.830951894845301,5.830951894845301,1.0,0.0,0.0,0.9516416101791192,0.9998962568734059
baseline,3,BraTS-GLI-00231-000,TC,0.9714166601526877,0.4857336425463168,1.0,187.5,1.0,1.0,0.0,0.9747947497777545,0.9999309677302762
baseline,3,BraTS-GLI-00231-000,ET,0.9240712578752988,0.4620858229223248,1.0,187.5,1.0,1.0,0.0,0.9142396560988716,0.9999327255837317
baseline,3,BraTS-GLI-00270-000,WT,0.8348322813443656,0.8348322813443656,19.339079605813716,19.339079605813716,1.0,0.0,0.0,0.7862745903322519,0.9994658363911938
baseline,3,BraTS-GLI-00270-000,TC,0.9671754963583757,0.9671754963583757,1.0,1.0,1.0,0.0,0.0,0.9983522142121524,0.9999640261365247
baseline,3,BraTS-GLI-00270-000,ET,0.9748389694041868,0.9748389694041868,1.0,1.0,1.0,0.0,0.0,0.9975283213182287,0.9999733277896975
baseline,3,BraTS-GLI-00280-000,WT,0.8554004755249832,0.28725018741657676,8.06225774829855,251.38813800098964,1.0,1.0,1.0,0.768741436680368,0.9999013188876773
baseline,3,BraTS-GLI-00280-000,TC,0.9252600035254716,0.9252600035254716,2.0,2.0,1.0,0.0,0.0,0.8800402380752788,0.999970278388317
baseline,3,BraTS-GLI-00280-000,ET,0.8626914972378837,0.8626914972378837,1.4142135623730951,1.4142135623730951,1.0,0.0,0.0,0.7873999376234536,0.9999589611612242
baseline,3,BraTS-GLI-00249-000,WT,0.9872340748211368,0.9872340748211368,1.0,1.0,1.0,0.0,0.0,0.9892857957006406,0.9997775225975993
baseline,3,BraTS-GLI-00249-000,TC,0.978842804618461,0.978842804618461,5.0,5.0,1.0,0.0,0.0,0.9820894073486822,0.9998289006341279
baseline,3,BraTS-GLI-00249-000,ET,0.9635437567525853,0.9635437567525853,1.0,1.0,1.0,0.0,0.0,0.9401524050480408,0.9999578405313038
baseline,3,BraTS-GLI-00291-000,WT,0.9527734931431798,0.6297963857356952,2.0,125.71542145664732,2.0,1.0,0.0,0.9837603564714893,0.9994735387261305
baseline,3,BraTS-GLI-00291-000,TC,0.9362855152125107,0.9490753162127102,2.0,1.3333333333333333,3.0,0.0,0.0,0.9727338534545162,0.9998534024813004
baseline,3,BraTS-GLI-00291-000,ET,0.9323036080608181,0.9422784198712327,2.0,1.3333333333333333,3.0,0.0,0.0,0.9611843742224434,0.9998637272580141
baseline,3,BraTS-GLI-00340-000,WT,0.8321774839402253,0.8321774839402253,5.385164807134504,5.385164807134504,1.0,0.0,0.0,0.7398351814821548,0.9998581224450517
baseline,3,BraTS-GLI-00340-000,TC,0.9627616200054363,0.9627616200054363,1.0,1.0,1.0,0.0,0.0,0.9559193954659949,0.9999627672626447
baseline,3,BraTS-GLI-00340-000,ET,0.9617375231053604,0.9617375231053604,1.0,1.0,1.0,0.0,0.0,0.9598745503182363,0.9999559276670966
baseline,3,BraTS-GLI-00297-000,WT,0.9275793378588244,0.9275793378588244,3.605551275463989,3.605551275463989,1.0,0.0,0.0,0.9146150100102808,0.9993993613333341
baseline,3,BraTS-GLI-00297-000,TC,0.9326953125,0.9326953125,6.164414002968976,6.164414002968976,1.0,0.0,0.0,0.9970560601315377,0.9992397612415619
baseline,3,BraTS-GLI-00297-000,ET,0.8415861927265256,0.8415861927265256,4.358898943540674,4.358898943540674,1.0,0.0,0.0,0.9781362767989811,0.9992673829036106
baseline,3,BraTS-GLI-00318-000,WT,0.9395716387488772,0.9395716387488772,2.0,2.0,1.0,0.0,0.0,0.918152973975527,0.9992901310630927
baseline,3,BraTS-GLI-00318-000,TC,0.9566100833933031,0.9566100833933031,2.0,2.0,1.0,0.0,0.0,0.9338981299721045,0.9998985315225171
baseline,3,BraTS-GLI-00318-000,ET,0.8928934103875482,0.8928934103875482,1.4142135623730951,1.4142135623730951,1.0,0.0,0.0,0.8573556004680353,0.9998002201623251
baseline,3,BraTS-GLI-00356-000,WT,0.9850669779492363,0.9850669779492363,1.0,1.0,1.0,0.0,0.0,0.9943098542977843,0.9999043089424586
baseline,3,BraTS-GLI-00356-000,TC,0.9798797754483581,0.9798797754483581,1.0,1.0,1.0,0.0,0.0,0.9856086348191085,0.999941400908937
baseline,3,BraTS-GLI-00356-000,ET,0.9513387257234309,0.9513387257234309,1.0,1.0,1.0,0.0,0.0,0.9568432959192552,0.9999294566807383
baseline,3,BraTS-GLI-00364-000,WT,0.98847721329103,0.98847721329103,1.0,1.0,1.0,0.0,0.0,0.9972544397717836,0.9998270707961543
baseline,3,BraTS-GLI-00364-000,TC,0.993716013978343,0.993716013978343,0.0,0.0,1.0,0.0,0.0,0.9936692992353015,0.9999776306270214
baseline,3,BraTS-GLI-00364-000,ET,0.9849174048360066,0.9849174048360066,0.0,0.0,1.0,0.0,0.0,0.9902515344806836,0.9999423794458385
baseline,3,BraTS-GLI-00320-000,WT,0.8385995487806334,0.8385995487806334,7.681145747868608,7.681145747868608,1.0,0.0,0.0,0.8912740097942199,0.998960914943868
baseline,3,BraTS-GLI-00320-000,TC,0.9245567439523366,0.3083848106115022,2.8284271247461903,250.2761423749154,1.0,2.0,0.0,0.8976860886534709,0.9999644651739649
baseline,3,BraTS-GLI-00320-000,ET,0.8136595310907238,0.40695421637605794,1.7320508075688772,187.86602540378445,1.0,1.0,0.0,0.9236287896320297,0.9998321320164026
baseline,3,BraTS-GLI-00353-000,WT,0.9099503146355927,0.32757773784578653,63.89053137985315,249.66666666666666,1.0,2.0,0.0,0.9938877150618775,0.9982872780072708
baseline,3,BraTS-GLI-00353-000,TC,0.9784086124977446,0.9784086124977446,2.0,2.0,1.0,0.0,0.0,0.9900395577644792,0.9998126979103371
baseline,3,BraTS-GLI-00353-000,ET,0.9821366459627329,0.9821366459627329,0.0,0.0,1.0,0.0,0.0,0.9820390520196751,0.9999195521564185
baseline,3,BraTS-GLI-00336-000,WT,0.9840044504577515,0.9840044504577515,1.0,1.0,1.0,0.0,0.0,0.9872522808081365,0.999680286958395
baseline,3,BraTS-GLI-00336-000,TC,0.9827534221793403,0.9827534221793403,1.0,1.0,1.0,0.0,0.0,0.9969108426364888,0.9998827471345839
baseline,3,BraTS-GLI-00336-000,ET,0.953442145636776,0.953442145636776,1.0,1.0,1.0,0.0,0.0,0.9918452935694315,0.9998290844221953
baseline,3,BraTS-GLI-00347-000,WT,0.9792712197250709,0.9792712197250709,1.0,1.0,1.0,0.0,0.0,0.9741474838635974,0.999847632449198
baseline,3,BraTS-GLI-00347-000,TC,0.98371713410768,0.98371713410768,1.0,1.0,1.0,0.0,0.0,0.9815851819944001,0.9999411755178579
baseline,3,BraTS-GLI-00347-000,ET,0.9525589759363983,0.9525589759363983,1.0,1.0,1.0,0.0,0.0,0.9752422480620155,0.999832273535593
baseline,3,BraTS-GLI-00325-000,WT,0.9848341061215653,0.9848341061215653,1.0,1.0,1.0,0.0,0.0,0.9782018106618305,0.9998677816549436
baseline,3,BraTS-GLI-00325-000,TC,0.9634373324079624,0.9634373324079624,1.0,1.0,1.0,0.0,0.0,0.9688061753198689,0.9997745677009114
baseline,3,BraTS-GLI-00325-000,ET,0.9038800705467372,0.9038800705467372,3.0,3.0,1.0,0.0,0.0,0.8507262297082876,0.999854057061776
baseline,3,BraTS-GLI-00299-000,WT,0.9245077105575327,0.9245077105575327,4.123105625617661,4.123105625617661,1.0,0.0,0.0,0.9851183955506868,0.9990231900742671
baseline,3,BraTS-GLI-00299-000,TC,0.8105532725865047,0.8105532725865047,3.1622776601683795,3.1622776601683795,1.0,0.0,0.0,0.7970250644178964,0.999837658369978
baseline,3,BraTS-GLI-00299-000,ET,0.8196767791324071,0.8196767791324071,2.449489742783178,2.449489742783178,1.0,0.0,0.0,0.8105986261040236,0.9998662686037131
baseline,3,BraTS-GLI-00377-000,WT,0.9710177202303312,0.4858875782033526,1.0,187.5,1.0,1.0,0.0,0.9973857917783151,0.9998042124225532
baseline,3,BraTS-GLI-00377-000,TC,0.9732095136290754,0.9732095136290754,1.0,1.0,1.0,0.0,0.0,0.9772574802093117,0.999948053952982
baseline,3,BraTS-GLI-00377-000,ET,0.9454900320646871,0.9454900320646871,2.0,2.0,1.0,0.0,0.0,0.9698269698269698,0.9998718871206619
baseline,3,BraTS-GLI-00405-000,WT,0.9788579020902392,0.9788579020902392,1.0,1.0,1.0,0.0,0.0,0.997230013535954,0.9993423777172026
baseline,3,BraTS-GLI-00405-000,TC,0.9767334866907657,0.9767334866907657,1.0,1.0,1.0,0.0,0.0,0.9887887155261319,0.9998787359907196
baseline,3,BraTS-GLI-00405-000,ET,0.971434845462697,0.971434845462697,1.0,1.0,1.0,0.0,0.0,0.9593393089489664,0.9999510130633329
baseline,3,BraTS-GLI-00442-000,WT,0.9432270684395594,0.31869861127503046,14.866068747318506,251.56940131083311,1.0,0.0,2.0,0.9003912328279909,0.9999555331107212
baseline,3,BraTS-GLI-00442-000,TC,0.9723431986521283,0.9723431986521283,1.4142135623730951,1.4142135623730951,1.0,0.0,0.0,0.9853741825327792,0.9998554562294825
baseline,3,BraTS-GLI-00442-000,ET,0.9022084524944392,0.9022084524944392,2.0,2.0,1.0,0.0,0.0,0.8737498076627174,0.9999079080408507
baseline,3,BraTS-GLI-00479-001,WT,0.9855493568882691,0.9855493568882691,1.0,1.0,1.0,0.0,0.0,0.9809130870671705,0.9999149171577856
baseline,3,BraTS-GLI-00479-001,TC,0.9960764244285227,0.9960764244285227,0.0,0.0,1.0,0.0,0.0,0.9953972042277531,0.9999957381272074
baseline,3,BraTS-GLI-00479-001,ET,0.9899531145344943,0.9899531145344943,0.0,0.0,1.0,0.0,0.0,0.9852322838683212,0.9999942813886448
baseline,3,BraTS-GLI-00407-000,WT,0.9389865895768088,0.9389865895768088,1.7320508075688772,1.7320508075688772,1.0,0.0,0.0,0.9618491404129308,0.998801103284759
baseline,3,BraTS-GLI-00407-000,TC,0.9455397112448489,0.9455397112448489,1.4142135623730951,1.4142135623730951,1.0,0.0,0.0,0.9084539136379173,0.9999741875995881
baseline,3,BraTS-GLI-00407-000,ET,0.8920324690676964,0.8920324690676964,1.4142135623730951,1.4142135623730951,1.0,0.0,0.0,0.8637161388782907,0.9998929880834266
baseline,3,BraTS-GLI-00477-001,WT,0.975131888060009,0.975131888060009,1.0,1.0,1.0,0.0,0.0,0.9806387101453781,0.9993226091032087
baseline,3,BraTS-GLI-00477-001,TC,0.9819122997861885,0.9819122997861885,1.0,1.0,1.0,0.0,0.0,0.9754796011149701,0.9999135529262052
baseline,3,BraTS-GLI-00477-001,ET,0.9681971447641007,0.9681971447641007,1.0,1.0,1.0,0.0,0.0,0.948119854002207,0.9999308835907158
baseline,3,BraTS-GLI-00464-001,WT,0.9477582846003899,0.9477582846003899,1.0,1.0,1.0,0.0,0.0,0.9071741766955873,0.999991365080903
baseline,3,BraTS-GLI-00464-001,TC,0.9750836120401338,0.9750836120401338,1.0,1.0,1.0,0.0,0.0,0.9669983416252073,0.9999889037959105
baseline,3,BraTS-GLI-00464-001,ET,0.9648573122194936,0.9648573122194936,1.0,1.0,1.0,0.0,0.0,0.966248303934871,0.999975790463774
baseline,3,BraTS-GLI-00413-000,WT,0.991747018837967,0.991747018837967,0.0,0.0,1.0,0.0,0.0,0.994328922495274,0.9998886568107577
baseline,3,BraTS-GLI-00413-000,TC,0.9938743585620093,0.9938743585620093,0.0,0.0,1.0,0.0,0.0,0.9903271858520526,0.9999902177693208
baseline,3,BraTS-GLI-00413-000,ET,0.9846211874432081,0.9846211874432081,0.0,0.0,1.0,0.0,0.0,0.973158911444742,0.9999882002491882
baseline,3,BraTS-GLI-00410-000,WT,0.900954608188928,0.4542476080023195,17.146428199482248,191.38748219369606,1.0,0.0,1.0,0.9066900729194799,0.9993807008028921
baseline,3,BraTS-GLI-00410-000,TC,0.9882463013858839,0.9882463013858839,0.0,0.0,1.0,0.0,0.0,0.986573263280794,0.999990358133671
baseline,3,BraTS-GLI-00410-000,ET,0.9722710163111669,0.9722710163111669,1.0,1.0,1.0,0.0,0.0,0.9560764959901296,0.9999903586309031
baseline,3,BraTS-GLI-00423-000,WT,0.9553507178836994,0.9553507178836994,1.4142135623730951,1.4142135623730951,1.0,0.0,0.0,0.9538472065414486,0.9997165580815786
baseline,3,BraTS-GLI-00423-000,TC,0.9616754523436387,0.9616754523436387,1.0,1.0,1.0,0.0,0.0,0.9440999580400019,0.999906585202961
baseline,3,BraTS-GLI-00423-000,ET,0.9458668161714321,0.9458668161714321,1.0,1.0,1.0,0.0,0.0,0.9294524530958284,0.9998683578467661
baseline,3,BraTS-GLI-00449-000,WT,0.9862357031357657,0.9862557550072516,1.0,1.0,1.0,0.0,0.0,0.9896226244015668,0.9995631314152154
baseline,3,BraTS-GLI-00449-000,TC,0.9702307426256238,0.9702307426256238,2.23606797749979,2.23606797749979,1.0,0.0,0.0,0.9572126692421122,0.9998520225599464
baseline,3,BraTS-GLI-00449-000,ET,0.9211230613228718,0.9211230613228718,2.0,2.0,1.0,0.0,0.0,0.8575452280359658,0.9999678452347146
baseline,3,BraTS-GLI-00446-000,WT,0.9848201442155237,0.9848201442155237,1.0,1.0,1.0,0.0,0.0,0.9909500797706305,0.9994663532204475
baseline,3,BraTS-GLI-00446-000,TC,0.9801951876972603,0.9801951876972603,2.0,2.0,1.0,0.0,0.0,0.9924307873551934,0.9996245244240404
baseline,3,BraTS-GLI-00446-000,ET,0.9694112266447855,0.9694112266447855,1.0,1.0,1.0,0.0,0.0,0.9670696850552193,0.9997634828071541
baseline,3,BraTS-GLI-00418-000,WT,0.9094928743920275,0.9095041232873747,19.026297590440446,19.026297590440446,1.0,0.0,0.0,0.843736374693072,0.9997677551369182
baseline,3,BraTS-GLI-00418-000,TC,0.9870779082874552,0.9870779082874552,1.0,1.0,1.0,0.0,0.0,0.9852591070671494,0.9999618987119404
baseline,3,BraTS-GLI-00418-000,ET,0.9833317125352523,0.9833317125352523,0.0,0.0,1.0,0.0,0.0,0.9726433243555214,0.9999835992096167
baseline,3,BraTS-GLI-00499-000,WT,0.9739114131708461,0.486964836462835,1.0,187.5,1.0,1.0,0.0,0.9807979155259332,0.9995996406287229
baseline,3,BraTS-GLI-00499-000,TC,0.9895037352342855,0.9895037352342855,1.0,1.0,1.0,0.0,0.0,0.9891148325358852,0.9999333670068595
baseline,3,BraTS-GLI-00499-000,ET,0.9630312391011908,0.9630312391011908,1.0,1.0,1.0,0.0,0.0,0.9771991911021234,0.9997675632619447
baseline,3,BraTS-GLI-00574-000,WT,0.97279068832422,0.48646624477876016,1.0,187.5,1.0,1.0,0.0,0.9776253586003475,0.999637671474608
baseline,3,BraTS-GLI-00574-000,TC,0.9810239330803191,0.9810239330803191,1.0,1.0,1.0,0.0,0.0,0.9786236736375812,0.9999640795969192
baseline,3,BraTS-GLI-00574-000,ET,0.9708816560668413,0.9708816560668413,1.0,1.0,1.0,0.0,0.0,0.965703299429422,0.9999572480586579
baseline,3,BraTS-GLI-00599-000,WT,0.9788688075590104,0.9788688075590104,1.0,1.0,1.0,0.0,0.0,0.9894368090024549,0.9995929170977768
baseline,3,BraTS-GLI-00599-000,TC,0.9764711306459297,0.9764711306459297,1.0,1.0,1.0,0.0,0.0,0.976276082480563,0.9999146755664885
baseline,3,BraTS-GLI-00599-000,ET,0.9610373992864873,0.9610373992864873,1.0,1.0,1.0,0.0,0.0,0.963547946306567,0.9998835239519458
baseline,3,BraTS-GLI-00567-000,WT,0.9268606145577755,0.9268606145577755,1.7320508075688772,1.7320508075688772,1.0,0.0,0.0,0.9303171029177221,0.9996298407133348
baseline,3,BraTS-GLI-00567-000,TC,0.9486196196992601,0.9486196196992601,2.0,2.0,1.0,0.0,0.0,0.9638803556992724,0.9997626186134208
baseline,3,BraTS-GLI-00567-000,ET,0.9042321586640829,0.9042321586640829,1.7320508075688772,1.7320508075688772,1.0,0.0,0.0,0.9392644135188867,0.9996878045056736
baseline,3,BraTS-GLI-00584-000,WT,0.9270247966361457,0.9270247966361457,5.385164807134504,5.385164807134504,1.0,0.0,0.0,0.9458700882117081,0.9998674223517839
baseline,3,BraTS-GLI-00584-000,TC,0.9584603916785255,0.9584603916785255,1.0,1.0,1.0,0.0,0.0,0.9275970619097587,0.9999931617232278
baseline,3,BraTS-GLI-00584-000,ET,0.9571347194531472,0.9571347194531472,1.0,1.0,1.0,0.0,0.0,0.9308864265927977,0.9999884539244326
baseline,3,BraTS-GLI-00537-000,WT,0.813771655922643,0.813771655922643,13.0,13.0,1.0,0.0,0.0,0.692009550423452,0.9999076358966297
baseline,3,BraTS-GLI-00537-000,TC,0.9205478249418375,0.9226665521326771,2.0,1.8660254037844386,2.0,0.0,0.0,0.8849643414778242,0.9998995991039389
baseline,3,BraTS-GLI-00537-000,ET,0.8784676354029062,0.892619397605708,2.8284271247461903,2.0,2.0,0.0,0.0,0.8581436077057794,0.9997671311841885
baseline,3,BraTS-GLI-00555-001,WT,0.9438960468291459,0.9440738357217976,2.8284271247461903,2.8284271247461903,1.0,0.0,0.0,0.9514062450567876,0.9997708059369244
baseline,3,BraTS-GLI-00555-001,TC,0.9585922562141491,0.9585922562141491,1.0,1.0,1.0,0.0,0.0,0.9889656022685243,0.9998645612581463
baseline,3,BraTS-GLI-00555-001,ET,0.9434270881484905,0.9434270881484905,1.0,1.0,1.0,0.0,0.0,0.9651509639869044,0.9998752559804492
baseline,3,BraTS-GLI-00597-000,WT,0.965221936060753,0.965221936060753,2.23606797749979,2.23606797749979,1.0,0.0,0.0,0.9757221606895059,0.9995913870815263
baseline,3,BraTS-GLI-00597-000,TC,0.0,0.0,23.021728866442675,374.0,0.0,2.0,1.0,0.0,0.9999919325561696
baseline,3,BraTS-GLI-00597-000,ET,0.0,0.0,22.360679774997898,374.0,0.0,1.0,1.0,0.0,0.9999959676145684
baseline,3,BraTS-GLI-00570-000,WT,0.9270807079732356,0.9270807079732356,2.0,2.0,1.0,0.0,0.0,0.9607866266725085,0.999251070455079
baseline,3,BraTS-GLI-00570-000,TC,0.9300461859670582,0.9300658005736461,10.770329614269007,10.770329614269007,1.0,0.0,0.0,0.8911971546358419,0.9999298009784733
baseline,3,BraTS-GLI-00570-000,ET,0.8618278979539549,0.8618594436310395,9.0,9.0,1.0,0.0,0.0,0.8017024174327545,0.9999031785592678
baseline,3,BraTS-GLI-00580-000,WT,0.9415917656823768,0.9415917656823768,3.0,3.0,1.0,0.0,0.0,0.9265664925060066,0.9992552453779493
baseline,3,BraTS-GLI-00580-000,TC,0.9522815562126746,0.31743507336171717,1.7320508075688772,249.91068360252294,1.0,2.0,0.0,0.9393424406823976,0.9997689133536729
baseline,3,BraTS-GLI-00580-000,ET,0.9189519828728718,0.3063307117195844,1.0,249.66666666666666,1.0,2.0,0.0,0.951302617295863,0.9995559221103121
baseline,3,BraTS-GLI-00572-000,WT,0.9525701514775267,0.9525701514775267,3.0,3.0,1.0,0.0,0.0,0.9881504379185987,0.9991832246278126
baseline,3,BraTS-GLI-00572-000,TC,0.9467667217511446,0.6293117009568737,1.4142135623730951,125.47140452079104,2.0,1.0,0.0,0.9713713936294402,0.9998372617048397
baseline,3,BraTS-GLI-00572-000,ET,0.938403353953502,0.6263474071468439,1.0,125.33333333333333,2.0,1.0,0.0,0.9607395845839837,0.9998376226610987
baseline,3,BraTS-GLI-00587-000,WT,0.9451535124013877,0.23635050475541272,2.23606797749979,281.05901699437493,1.0,3.0,0.0,0.9695212479111602,0.9985961169983767
baseline,3,BraTS-GLI-00587-000,TC,0.9641705335637596,0.5144488727222272,2.23606797749979,10.233386222815373,2.0,0.0,0.0,0.9500317329781623,0.9997380936690015
baseline,3,BraTS-GLI-00587-000,ET,0.9114226655882088,0.6065052411484309,1.0,1.618033988749895,2.0,0.0,0.0,0.8887389361142757,0.9996045517134872
baseline,3,BraTS-GLI-00610-000,WT,0.9422363692666662,0.9422363692666662,2.23606797749979,2.23606797749979,1.0,0.0,0.0,0.9312843435925178,0.9996394119773477
baseline,3,BraTS-GLI-00610-000,TC,0.9574380408547712,0.9574380408547712,1.0,1.0,1.0,0.0,0.0,0.9258795400204941,0.9999919275425185
baseline,3,BraTS-GLI-00610-000,ET,0.9289758474879954,0.9289758474879954,1.0,1.0,1.0,0.0,0.0,0.8810494834148994,0.999986996454516
baseline,3,BraTS-GLI-00621-000,WT,0.7777488410854732,0.7777623446072643,6.082762530298219,6.082762530298219,1.0,0.0,0.0,0.8346562325321408,0.999060347718529
baseline,3,BraTS-GLI-00621-000,TC,0.41642228739002934,0.41642228739002934,15.524174696260024,15.524174696260024,1.0,0.0,0.0,0.28085443037974683,0.9999710898715045
baseline,3,BraTS-GLI-00621-000,ET,0.4154057771664374,0.4154057771664374,15.524174696260024,15.524174696260024,1.0,0.0,0.0,0.27874472573839665,0.9999731068572135
baseline,3,BraTS-GLI-00624-000,WT,0.8925322299707972,0.29758203799654576,9.1104335791443,252.3883837966372,1.0,2.0,0.0,0.9083959404244102,0.9989102057922783
baseline,3,BraTS-GLI-00624-000,TC,0.971233386754731,0.971233386754731,1.4142135623730951,1.4142135623730951,1.0,0.0,0.0,0.9786637087302623,0.9998737826147747
baseline,3,BraTS-GLI-00624-000,ET,0.904748945434753,0.904748945434753,1.0,1.0,1.0,0.0,0.0,0.9255933737036264,0.9998058030883704
baseline,3,BraTS-GLI-00616-000,WT,0.9877955615434117,0.987799278945665,1.0,1.0,1.0,0.0,0.0,0.9888859586331613,0.999798983205206
baseline,3,BraTS-GLI-00616-000,TC,0.9930575392143469,0.9930575392143469,0.0,0.0,1.0,0.0,0.0,0.9922565273503425,0.9999722088079401
baseline,3,BraTS-GLI-00616-000,ET,0.9721098459477562,0.9721098459477562,0.0,0.0,1.0,0.0,0.0,0.9585755045968509,0.9999711530064741
baseline,3,BraTS-GLI-00654-000,WT,0.8639966218410966,0.8639966218410966,8.774964387392123,8.774964387392123,1.0,0.0,0.0,0.8189935648086377,0.9991522628161928
baseline,3,BraTS-GLI-00654-000,TC,0.9848858796549088,0.6303285457719382,1.0,125.0,2.0,1.0,0.0,0.978453326389793,0.9999559779570034
baseline,3,BraTS-GLI-00654-000,ET,0.9554463358107568,0.58164643793893,1.0,125.1380711874577,2.0,1.0,0.0,0.9386433226034387,0.9999250774443119
baseline,3,BraTS-GLI-00611-000,WT,0.7093996319316643,0.23648296697572666,13.076696830622021,253.69223227687402,1.0,2.0,0.0,0.5708745026154602,0.9996094374043111
baseline,3,BraTS-GLI-00611-000,TC,0.9785081167214421,0.9785081167214421,1.0,1.0,1.0,0.0,0.0,0.9910829567462879,0.9999036303286363
baseline,3,BraTS-GLI-00611-000,ET,0.9380069524913094,0.9380069524913094,1.0,1.0,1.0,0.0,0.0,0.943954522265141,0.9998942146639117
baseline,3,BraTS-GLI-00630-000,WT,0.8994425256014058,0.4815214305989214,28.61817604250837,187.70710678118655,1.0,1.0,0.0,0.9645212644985217,0.9987489908578887
baseline,3,BraTS-GLI-00630-000,TC,0.8025019106230642,0.48107156635802467,45.4972526643093,187.5,1.0,1.0,0.0,0.9775110240078393,0.998949098465466
baseline,3,BraTS-GLI-00630-000,ET,0.7894303276091502,0.47795283646222314,45.110974274559844,187.5,1.0,1.0,0.0,0.9680878619903642,0.9989501270500052
baseline,3,BraTS-GLI-00625-000,WT,0.9660635220398589,0.9660635220398589,1.4142135623730951,1.4142135623730951,1.0,0.0,0.0,0.9419725934698021,0.999857196813335
baseline,3,BraTS-GLI-00625-000,TC,0.9904926408685807,0.9904926408685807,1.0,1.0,1.0,0.0,0.0,0.9868257411424439,0.9999549602939434
baseline,3,BraTS-GLI-00625-000,ET,0.9642356119780391,0.9642356119780391,0.0,0.0,1.0,0.0,0.0,0.9642857142857143,0.9998838088928224
baseline,3,BraTS-GLI-00612-001,WT,0.9710063374629854,0.9710063374629854,1.0,1.0,1.0,0.0,0.0,0.9665748393021121,0.9998509052183173
baseline,3,BraTS-GLI-00612-001,TC,0.8042704626334519,0.7691619664252578,3.1622776601683795,3.449489742783178,2.0,0.0,0.0,0.9338842975206612,0.9999262852965157
baseline,3,BraTS-GLI-00612-001,ET,0.8187989556135771,0.7839680067556389,3.1622776601683795,3.449489742783178,2.0,0.0,0.0,0.9256198347107438,0.999936367854743
baseline,3,BraTS-GLI-00613-001,WT,0.9356652637828965,0.46876995896655205,5.0990195135927845,189.5495097567964,1.0,1.0,0.0,0.8941158801148121,0.999884642395938
baseline,3,BraTS-GLI-00613-001,TC,0.8526989935956084,0.903976721629486,44.395945760846224,1.0,1.0,0.0,0.0,0.7766666666666666,0.9999969756031991
baseline,3,BraTS-GLI-00613-001,ET,0.8462998102466793,0.8991935483870968,44.395945760846224,1.0,1.0,0.0,0.0,0.7433333333333333,0.9999991038824294
baseline,3,BraTS-GLI-00628-000,WT,0.9544602453549101,0.47725509002921046,1.0,187.5,1.0,1.0,0.0,0.9924029517886607,0.9994585728797082
baseline,3,BraTS-GLI-00628-000,TC,0.9576579972358337,0.6311099727151814,1.4142135623730951,1.9138857955913136,3.0,0.0,0.0,0.9506111249688202,0.9999688340178265
baseline,3,BraTS-GLI-00628-000,ET,0.9419206440483037,0.6257746489444059,3.1622776601683795,2.32590845475791,3.0,0.0,0.0,0.9448788616843994,0.9999463016464094
baseline,3,BraTS-GLI-00610-001,WT,0.873692495005415,0.874645620509229,8.54400374531753,12.884098726725126,1.0,0.0,0.0,0.8874767683393462,0.9988093495703585
baseline,3,BraTS-GLI-00610-001,TC,0.8635102040816327,0.4417579021719936,13.038404810405298,9.22841614740048,2.0,0.0,0.0,0.8734929810074319,0.9997967673445949
baseline,3,BraTS-GLI-00610-001,ET,0.8018024898800886,0.4078160205112268,22.02271554554524,188.5,1.0,0.0,1.0,0.7312621900250766,0.999925343202678
baseline,3,BraTS-GLI-00685-000,WT,0.8817759237187127,0.8817759237187127,5.744562646538029,5.744562646538029,1.0,0.0,0.0,0.8281486124948227,0.9994924574033618
baseline,3,BraTS-GLI-00685-000,TC,0.9763115648092547,0.9763115648092547,1.0,1.0,1.0,0.0,0.0,0.993217972373211,0.9998131165830736
baseline,3,BraTS-GLI-00685-000,ET,0.9233401430030643,0.9233401430030643,1.0,1.0,1.0,0.0,0.0,0.9736643688065489,0.9997179393703213
baseline,3,BraTS-GLI-00675-001,WT,0.0,0.0,374.0,374.0,0.0,0.0,1.0,0.0,1.0
baseline,3,BraTS-GLI-00675-001,TC,1.0,1.0,0.0,0.0,0.0,0.0,0.0,1.0,1.0
baseline,3,BraTS-GLI-00675-001,ET,1.0,1.0,0.0,0.0,0.0,0.0,0.0,1.0,1.0
baseline,3,BraTS-GLI-00656-000,WT,0.950988317719974,0.48084860822800535,47.43416490252569,188.1180339887499,1.0,0.0,1.0,0.955768143186,0.9992257843463478
baseline,3,BraTS-GLI-00656-000,TC,0.38982460216052967,0.07829840183536182,25.632011235952593,304.341984052873,1.0,4.0,0.0,0.9031216361679225,0.9982942979857721
baseline,3,BraTS-GLI-00656-000,ET,0.781826676010278,0.1129960669131176,7.280109889280518,321.5815811159808,1.0,6.0,0.0,0.6980187695516162,0.999952931710075
baseline,3,BraTS-GLI-00723-000,WT,0.9657930494324554,0.48290512075001485,1.4142135623730951,187.70710678118655,1.0,1.0,0.0,0.980010596792062,0.9995358936777073
baseline,3,BraTS-GLI-00723-000,TC,0.969737015990485,0.969737015990485,1.4142135623730951,1.4142135623730951,1.0,0.0,0.0,0.9645955656822365,0.9999045398873165
baseline,3,BraTS-GLI-00723-000,ET,0.9316522269963138,0.9316522269963138,1.0,1.0,1.0,0.0,0.0,0.8929696642362048,0.9999401512410702
baseline,3,BraTS-GLI-00708-000,WT,0.9276234394331346,0.9276234394331346,2.449489742783178,2.449489742783178,1.0,0.0,0.0,0.9978826376285541,0.9997150862876719
baseline,3,BraTS-GLI-00708-000,TC,0.9403742467491278,0.9403742467491278,1.0,1.0,1.0,0.0,0.0,0.9996628455832771,0.999873866225546
baseline,3,BraTS-GLI-00708-000,ET,0.8897642641718471,0.8897642641718471,1.7320508075688772,1.7320508075688772,1.0,0.0,0.0,0.9988944168048646,0.9998001292265999
baseline,3,BraTS-GLI-00682-000,WT,0.9585341007805713,0.48017331521705103,1.4142135623730951,187.5,1.0,1.0,0.0,0.9376207360312997,0.9998267054478698
baseline,3,BraTS-GLI-00682-000,TC,0.9790269509959059,0.9790269509959059,1.0,1.0,1.0,0.0,0.0,0.9862854251012145,0.9999366878305928
baseline,3,BraTS-GLI-00682-000,ET,0.9466968179615571,0.9466968179615571,1.0,1.0,1.0,0.0,0.0,0.9456276218134883,0.9999275427665921
baseline,3,BraTS-GLI-00714-000,WT,0.9579512489535269,0.9579512489535269,1.4142135623730951,1.4142135623730951,1.0,0.0,0.0,0.9243605519495768,0.9998654057414491
baseline,3,BraTS-GLI-00714-000,TC,0.9787467954798632,0.9787467954798632,1.0,1.0,1.0,0.0,0.0,0.9673262947364373,0.9998899592271171
baseline,3,BraTS-GLI-00714-000,ET,0.9328134677673195,0.9328134677673195,1.0,1.0,1.0,0.0,0.0,0.9031477949706062,0.9998095106993368
baseline,3,BraTS-GLI-00682-001,WT,0.9834972701752834,0.9834972701752834,1.0,1.0,1.0,0.0,0.0,0.9754805668584257,0.9998936914679064
baseline,3,BraTS-GLI-00682-001,TC,0.9698333935789163,0.9698333935789163,1.0,1.0,1.0,0.0,0.0,0.9414635702437157,0.9999998875981662
baseline,3,BraTS-GLI-00682-001,ET,0.9562217029355923,0.9562217029355923,1.0,1.0,1.0,0.0,0.0,0.9171744764306227,0.9999962919040128
baseline,3,BraTS-GLI-00692-001,WT,0.9864717106532599,0.9864717106532599,1.0,1.0,1.0,0.0,0.0,0.990371507698489,0.99986205045183
baseline,3,BraTS-GLI-00692-001,TC,0.9752413127413128,0.9752413127413128,1.4142135623730951,1.4142135623730951,1.0,0.0,0.0,0.9988137017448471,0.9998875139218361
baseline,3,BraTS-GLI-00692-001,ET,0.9615693543404387,0.9615693543404387,1.0,1.0,1.0,0.0,0.0,0.9973724685977955,0.9998650194627797
baseline,3,BraTS-GLI-00674-001,WT,0.9707082348388616,0.9708975175610053,1.0,1.2071067811865475,2.0,0.0,0.0,0.9526762051798585,0.999860109321386
baseline,3,BraTS-GLI-00674-001,TC,0.9823951895774178,0.9805549694917327,1.0,1.0,2.0,0.0,0.0,0.978440244876231,0.9999543714817715
baseline,3,BraTS-GLI-00674-001,ET,0.9646130234597676,0.9630829353963832,1.0,1.0,2.0,0.0,0.0,0.9647399350934128,0.9999090418876706
baseline,3,BraTS-GLI-00697-000,WT,0.9618481555202619,0.24049539769850242,1.0,280.75,1.0,3.0,0.0,0.9924574209245742,0.9988680353107441
baseline,3,BraTS-GLI-00697-000,TC,0.9892171039041521,0.9892171039041521,1.0,1.0,1.0,0.0,0.0,0.986039616192398,0.999938002186524
baseline,3,BraTS-GLI-00697-000,ET,0.965684666360475,0.965684666360475,1.0,1.0,1.0,0.0,0.0,0.9661918203899429,0.999820654580384
baseline,3,BraTS-GLI-00683-001,WT,0.9890341244324075,0.9890341244324075,1.0,1.0,1.0,0.0,0.0,0.9830525989459543,0.999892494785024
baseline,3,BraTS-GLI-00683-001,TC,0.987984757424062,0.987984757424062,2.0,2.0,1.0,0.0,0.0,0.9869136203421562,0.9998704567933738
baseline,3,BraTS-GLI-00683-001,ET,0.9746721244249595,0.9746721244249595,0.0,0.0,1.0,0.0,0.0,0.9703096701404352,0.9998423364096355
baseline,3,BraTS-GLI-00727-001,WT,0.9739140396769328,0.9739140396769328,1.0,1.0,1.0,0.0,0.0,0.9515270906553842,0.9999619057885804
baseline,3,BraTS-GLI-00727-001,TC,0.963813332414015,0.963813332414015,2.23606797749979,2.23606797749979,1.0,0.0,0.0,0.9448024151759564,0.9999213158068326
baseline,3,BraTS-GLI-00727-001,ET,0.8842714632759601,0.8842714632759601,3.605551275463989,3.605551275463989,1.0,0.0,0.0,0.8681619811225008,0.999788960714588
baseline,3,BraTS-GLI-00765-000,WT,0.9333265377986174,0.9333265377986174,2.23606797749979,2.23606797749979,1.0,0.0,0.0,0.9150200321604753,0.9994288907132027
baseline,3,BraTS-GLI-00765-000,TC,0.8976573837329832,0.8976573837329832,4.242640687119285,4.242640687119285,1.0,0.0,0.0,0.9012384223124155,0.9996542375342068
baseline,3,BraTS-GLI-00765-000,ET,0.8872679045092838,0.8872679045092838,1.4142135623730951,1.4142135623730951,1.0,0.0,0.0,0.8294706723891273,0.9999052433864037
baseline,3,BraTS-GLI-00777-000,WT,0.9737678332712411,0.9737678332712411,1.0,1.0,1.0,0.0,0.0,0.9799917073213766,0.9995783155014603
baseline,3,BraTS-GLI-00777-000,TC,0.9817539236906219,0.9817539236906219,1.0,1.0,1.0,0.0,0.0,0.992998709732005,0.9998407787293895
baseline,3,BraTS-GLI-00777-000,ET,0.9288920980755345,0.9288920980755345,1.0,1.0,1.0,0.0,0.0,0.9648470618926498,0.9998063430396311
baseline,3,BraTS-GLI-00751-000,WT,0.9517100149261265,0.9517100149261265,2.8284271247461903,2.8284271247461903,1.0,0.0,0.0,0.9460548196570905,0.9996687831132219
baseline,3,BraTS-GLI-00751-000,TC,0.9836141348309413,0.9836141348309413,1.0,1.0,1.0,0.0,0.0,0.9951365506921063,0.9999320729668821
baseline,3,BraTS-GLI-00751-000,ET,0.9618758972722923,0.9618758972722923,1.0,1.0,1.0,0.0,0.0,0.9903429247142294,0.999882416009913
baseline,3,BraTS-GLI-00778-000,WT,0.9133653055338966,0.9133653055338966,5.0,5.0,1.0,0.0,0.0,0.8820216606498195,0.9997306162210253
baseline,3,BraTS-GLI-00778-000,TC,0.9803327354814769,0.9803327354814769,1.0,1.0,1.0,0.0,0.0,0.975326113709082,0.999973630313604
baseline,3,BraTS-GLI-00778-000,ET,0.9621591318624114,0.9621591318624114,1.0,1.0,1.0,0.0,0.0,0.9605820740385385,0.999949301737997
baseline,3,BraTS-GLI-00730-001,WT,0.9892108754375589,0.9892108754375589,1.0,1.0,1.0,0.0,0.0,0.9909584858933166,0.9998666564187559
baseline,3,BraTS-GLI-00730-001,TC,0.9847032887929095,0.9847032887929095,1.0,1.0,1.0,0.0,0.0,0.9906757796587154,0.9999467768976253
baseline,3,BraTS-GLI-00730-001,ET,0.961714121669233,0.961714121669233,1.0,1.0,1.0,0.0,0.0,0.9864546525323911,0.9998637382283411
baseline,3,BraTS-GLI-00737-000,WT,0.9493013294883484,0.9494019849011791,1.4142135623730951,1.4142135623730951,1.0,0.0,0.0,0.921990197289839,0.9999441806408804
baseline,3,BraTS-GLI-00737-000,TC,0.9583545593479368,0.9583545593479368,1.4142135623730951,1.4142135623730951,1.0,0.0,0.0,0.9275808936825886,0.9999850759248298
baseline,3,BraTS-GLI-00737-000,ET,0.9403752141394727,0.9403752141394727,1.4142135623730951,1.4142135623730951,1.0,0.0,0.0,0.9026953313011391,0.9999759969509397
baseline,3,BraTS-GLI-00789-000,WT,0.9897643438303613,0.9897643438303613,1.0,1.0,1.0,0.0,0.0,0.9819159703227857,0.9999698017141955
baseline,3,BraTS-GLI-00789-000,TC,0.9900270079973097,0.9900270079973097,1.0,1.0,1.0,0.0,0.0,0.9843067600041793,0.9999777030667855
baseline,3,BraTS-GLI-00789-000,ET,0.9652919186700301,0.9652919186700301,1.0,1.0,1.0,0.0,0.0,0.9400917566967589,0.9999707675157392
baseline,3,BraTS-GLI-00739-000,WT,0.9497138429894991,0.9497138429894991,3.0,3.0,1.0,0.0,0.0,0.9146284592528768,0.999702855721975
baseline,3,BraTS-GLI-00739-000,TC,0.9486399381204074,0.9486399381204074,1.4142135623730951,1.4142135623730951,1.0,0.0,0.0,0.9228936212907919,0.9998976162935456
baseline,3,BraTS-GLI-00739-000,ET,0.9446715412516552,0.9446715412516552,1.0,1.0,1.0,0.0,0.0,0.9053438905288713,0.9999535524659761
baseline,3,BraTS-GLI-00764-000,WT,0.8206373292867982,0.8206373292867982,13.152946437965905,13.152946437965905,1.0,0.0,0.0,0.7047092417169016,0.9998726208032175
baseline,3,BraTS-GLI-00764-000,TC,0.931269828262371,0.9465181348318346,5.0990195135927845,4.10555127546399,2.0,0.0,0.0,0.8942221223021583,0.9998687457224164
baseline,3,BraTS-GLI-00764-000,ET,0.9071782347082179,0.9215165712463753,1.7320508075688772,2.0,2.0,0.0,0.0,0.8545795737898768,0.9998710780473926
baseline,3,BraTS-GLI-00805-000,WT,0.9678325990667007,0.48393351636296794,1.4142135623730951,187.70710678118655,1.0,1.0,0.0,0.9582359778792753,0.9997887554336389
baseline,3,BraTS-GLI-00805-000,TC,0.8805441405696471,0.8805441405696471,2.8284271247461903,2.8284271247461903,1.0,0.0,0.0,0.7948324379636735,0.9999954056945408
baseline,3,BraTS-GLI-00805-000,ET,0.8274771609276177,0.8274771609276177,2.23606797749979,2.23606797749979,1.0,0.0,0.0,0.7164587770003042,0.9999943975789474
baseline,3,BraTS-GLI-00799-000,WT,0.978436447901263,0.978436447901263,1.0,1.0,1.0,0.0,0.0,0.9855650810510078,0.9993430913194701
baseline,3,BraTS-GLI-00799-000,TC,0.9720456799632078,0.9720456799632078,1.4142135623730951,1.4142135623730951,1.0,0.0,0.0,0.9764443949682734,0.9996685965533589
baseline,3,BraTS-GLI-00799-000,ET,0.9640502603903691,0.9640502603903691,1.0,1.0,1.0,0.0,0.0,0.9495978628470743,0.9998377669140693
baseline,3,BraTS-GLI-01012-000,WT,0.9644961196962859,0.9644961196962859,2.23606797749979,2.23606797749979,1.0,0.0,0.0,0.9587482332015183,0.9995803258007836
baseline,3,BraTS-GLI-01012-000,TC,0.9675018315018316,0.9675018315018316,5.656854249492381,5.656854249492381,1.0,0.0,0.0,0.9548958077251233,0.9998513350887909
baseline,3,BraTS-GLI-01012-000,ET,0.9601961559246026,0.9601961559246026,3.0,3.0,1.0,0.0,0.0,0.9407934250039514,0.9998658729594697
baseline,3,BraTS-GLI-00834-000,WT,0.8785692422056058,0.8785692422056058,6.4031242374328485,6.4031242374328485,1.0,0.0,0.0,0.8212100982302212,0.9996003207823819
baseline,3,BraTS-GLI-00834-000,TC,0.9685687008885951,0.9694989294400884,1.0,1.0,2.0,0.0,0.0,0.9677514033092417,0.9999064123073771
baseline,3,BraTS-GLI-00834-000,ET,0.9592955862683905,0.9640600026718682,1.0,1.0,2.0,0.0,0.0,0.9473429313608946,0.9999292555085535
baseline,3,BraTS-GLI-00839-000,WT,0.9487336351400955,0.9487336351400955,4.123105625617661,4.123105625617661,1.0,0.0,0.0,0.9815811127286537,0.99984459506692
baseline,3,BraTS-GLI-00839-000,TC,0.8768316831683168,0.8768316831683168,1.0,1.0,1.0,0.0,0.0,0.9693520140105079,0.999969082066725
baseline,3,BraTS-GLI-00839-000,ET,0.8920502092050209,0.8920502092050209,1.0,1.0,1.0,0.0,0.0,0.9594959495949595,0.999976139503919
baseline,3,BraTS-GLI-01039-000,WT,0.8838605898123324,0.8838605898123324,6.082762530298219,6.082762530298219,1.0,0.0,0.0,0.8269565217391305,0.9999257268836145
baseline,3,BraTS-GLI-01039-000,TC,0.936115026783197,0.46863885281996276,4.123105625617661,189.06155281280883,1.0,1.0,0.0,0.8891388174807198,0.9999890118071496
baseline,3,BraTS-GLI-01039-000,ET,0.9324754901960784,0.46686710025770034,3.0,188.5,1.0,1.0,0.0,0.8900456193706866,0.9999818374471703
baseline,3,BraTS-GLI-01000-000,WT,0.9882272167363341,0.9882272167363341,1.0,1.0,1.0,0.0,0.0,0.9829670991845098,0.9999279599946899
baseline,3,BraTS-GLI-01000-000,TC,0.9913641620233393,0.9913641620233393,0.0,0.0,1.0,0.0,0.0,0.9846943342184563,0.9999930293868683
baseline,3,BraTS-GLI-01000-000,ET,0.9678343720896913,0.9678343720896913,0.0,0.0,1.0,0.0,0.0,0.9461446880033616,0.9999855279293575
baseline,3,BraTS-GLI-01025-000,WT,0.9819340677894559,0.9819340677894559,1.0,1.0,1.0,0.0,0.0,0.9979194818008279,0.9998181588282988
baseline,3,BraTS-GLI-01025-000,TC,0.9889314328002832,0.9889314328002832,1.0,1.0,1.0,0.0,0.0,0.9927646241803676,0.9999478478294076
baseline,3,BraTS-GLI-01025-000,ET,0.9325836046167505,0.9325836046167505,2.0,2.0,1.0,0.0,0.0,0.8878620534204891,0.9999514682047651
baseline,3,BraTS-GLI-01009-000,WT,0.9510860138377628,0.9510860138377628,2.23606797749979,2.23606797749979,1.0,0.0,0.0,0.9174893561641289,0.9999281063008066
baseline,3,BraTS-GLI-01009-000,TC,0.9373175004866654,0.9373175004866654,1.4142135623730951,1.4142135623730951,1.0,0.0,0.0,0.977615349474646,0.999760335839648
baseline,3,BraTS-GLI-01009-000,ET,0.8791676160097213,0.439600501272168,1.0,187.5,1.0,1.0,0.0,0.9555885752022454,0.9997034506722047
baseline,3,BraTS-GLI-01002-000,WT,0.9364574466496424,0.9364574466496424,3.0,3.0,1.0,0.0,0.0,0.9387144097482111,0.9995016475198951
baseline,3,BraTS-GLI-01002-000,TC,0.9274769644890776,0.9274769644890776,3.0,3.0,1.0,0.0,0.0,0.9768291353178498,0.9994653209941026
baseline,3,BraTS-GLI-01002-000,ET,0.9046931407942238,0.9046931407942238,3.0,3.0,1.0,0.0,0.0,0.9302949827236643,0.9995026414652185
baseline,3,BraTS-GLI-01029-000,WT,0.9811155173437676,0.9811155173437676,1.0,1.0,1.0,0.0,0.0,0.9971632442292474,0.9993961648436943
baseline,3,BraTS-GLI-01029-000,TC,0.9738459977680836,0.9738459977680836,1.0,1.0,1.0,0.0,0.0,0.9828800786369594,0.9999021742255703
baseline,3,BraTS-GLI-01029-000,ET,0.9711170663551616,0.9711170663551616,1.0,1.0,1.0,0.0,0.0,0.9621476875595697,0.9999520546168653
baseline,3,BraTS-GLI-01019-000,WT,0.9846755686023297,0.9846755686023297,1.0,1.0,1.0,0.0,0.0,0.9819030903667136,0.9997707247959536
baseline,3,BraTS-GLI-01019-000,TC,0.9724253244912997,0.9724253244912997,4.58257569495584,4.58257569495584,1.0,0.0,0.0,0.9983851491918472,0.9995732150631491
baseline,3,BraTS-GLI-01019-000,ET,0.9708259142583208,0.9708259142583208,1.0,1.0,1.0,0.0,0.0,0.9904974846282839,0.9997379942950988
baseline,3,BraTS-GLI-01004-000,WT,0.9504465133954019,0.4752473366184872,5.0990195135927845,190.53553390593274,1.0,1.0,0.0,0.9647940749122423,0.9994253256045691
baseline,3,BraTS-GLI-01004-000,TC,0.9863460362747096,0.9863460362747096,1.0,1.0,1.0,0.0,0.0,0.9779214576981007,0.9999847204385144
baseline,3,BraTS-GLI-01004-000,ET,0.9604673548644074,0.9604673548644074,1.0,1.0,1.0,0.0,0.0,0.9332989291704297,0.9999823842877721
baseline,3,BraTS-GLI-01049-000,WT,0.8695863583776261,0.29086854515226473,3.4641016151377544,151.02443250549794,2.0,1.0,0.0,0.8975943232952579,0.9989133302217983
baseline,3,BraTS-GLI-01049-000,TC,0.8990299554633641,0.9014498073040925,2.0,1.4142135623730951,1.0,0.0,0.0,0.9007334963325183,0.9999054913664177
baseline,3,BraTS-GLI-01049-000,ET,0.8965418691054587,0.8993692660550459,1.0,1.0,1.0,0.0,0.0,0.9185944363103953,0.9999000131148718
baseline,3,BraTS-GLI-01083-000,WT,0.984124290429603,0.984124290429603,1.0,1.0,1.0,0.0,0.0,0.9706906364032004,0.9999727536397731
baseline,3,BraTS-GLI-01083-000,TC,0.9887844327300599,0.9887844327300599,1.0,1.0,1.0,0.0,0.0,0.9806391560657772,0.9999895455930178
baseline,3,BraTS-GLI-01083-000,ET,0.9659763767448996,0.9659763767448996,0.0,0.0,1.0,0.0,0.0,0.9470043310875842,0.9999744147256271
baseline,3,BraTS-GLI-01057-000,WT,0.9269048463124171,0.6272688930445103,6.082762530298219,126.15470053837925,2.0,0.0,1.0,0.9103030303030303,0.9997649963860742
baseline,3,BraTS-GLI-01057-000,TC,0.9773037132087578,0.7550603530641748,1.0,1.5,2.0,0.0,0.0,0.9857096635030198,0.9999344516657358
baseline,3,BraTS-GLI-01057-000,ET,0.9394455758281036,0.6927546968464268,1.0,1.5,2.0,0.0,0.0,0.9814171587356721,0.9998605952749985
baseline,3,BraTS-GLI-01061-000,WT,0.9779046312856582,0.9779046312856582,2.8284271247461903,2.8284271247461903,1.0,0.0,0.0,0.9612500075908934,0.9999119056239929
baseline,3,BraTS-GLI-01061-000,TC,0.9871962752800815,0.9871962752800815,1.0,1.0,1.0,0.0,0.0,0.986909090909091,0.9999419360283568
baseline,3,BraTS-GLI-01061-000,ET,0.9693321868730295,0.9693321868730295,0.0,0.0,1.0,0.0,0.0,0.9578798300627149,0.999948670631121
baseline,3,BraTS-GLI-01088-000,WT,0.9806160858320744,0.9806160858320744,1.0,1.0,1.0,0.0,0.0,0.9968244052267167,0.9999218749210752
baseline,3,BraTS-GLI-01088-000,TC,0.9600992350630556,0.9600992350630556,1.0,1.0,1.0,0.0,0.0,0.9957118353344768,0.9999794973328607
baseline,3,BraTS-GLI-01088-000,ET,0.9448570785505289,0.9448570785505289,1.0,1.0,1.0,0.0,0.0,0.9882297551789078,0.9999753525592334
baseline,3,BraTS-GLI-01074-000,WT,0.9568490126207909,0.9568490126207909,3.7416573867739413,3.7416573867739413,1.0,0.0,0.0,0.9769848592878413,0.9992970382087868
baseline,3,BraTS-GLI-01074-000,TC,0.9375333492796556,0.9375333492796556,3.0,3.0,1.0,0.0,0.0,0.9853800038677238,0.9996610929163702
baseline,3,BraTS-GLI-01074-000,ET,0.9157111152210098,0.9157111152210098,1.4142135623730951,1.4142135623730951,1.0,0.0,0.0,0.983317610843553,0.9996284180070655
baseline,3,BraTS-GLI-01090-000,WT,0.9473095575545464,0.9473095575545464,1.4142135623730951,1.4142135623730951,1.0,0.0,0.0,0.9767575950373787,0.9995160910974279
baseline,3,BraTS-GLI-01090-000,TC,0.9603076923076923,0.9603076923076923,5.0990195135927845,5.0990195135927845,1.0,0.0,0.0,0.9782165804732801,0.9998730476872623
baseline,3,BraTS-GLI-01090-000,ET,0.9574339666024775,0.9574339666024775,2.449489742783178,2.449489742783178,1.0,0.0,0.0,0.9706859374089399,0.9998902460497275
baseline,3,BraTS-GLI-01102-000,WT,0.7864883884588318,0.5618955389362932,32.29551052391029,125.66666666666667,2.0,1.0,0.0,0.9866254689913926,0.9986712474362307
baseline,3,BraTS-GLI-01102-000,TC,0.9598256447511805,0.7875859360147799,2.0,2.08113883008419,2.0,0.0,0.0,0.9502301495972382,0.9999767964481303
baseline,3,BraTS-GLI-01102-000,ET,0.9396240744256693,0.7542038464138443,1.4142135623730951,1.5811388300841898,2.0,0.0,0.0,0.9262586561856635,0.9999728780339757
baseline,3,BraTS-GLI-01084-000,WT,0.9824379700094564,0.9824379700094564,1.0,1.0,1.0,0.0,0.0,0.9864580742884272,0.9998918251683098
baseline,3,BraTS-GLI-01084-000,TC,0.980708294501398,0.980708294501398,1.0,1.0,1.0,0.0,0.0,0.9803885032841105,0.9999543032064216
baseline,3,BraTS-GLI-01084-000,ET,0.9666332014409732,0.9666332014409732,1.0,1.0,1.0,0.0,0.0,0.9760868268829388,0.9999181931205688
baseline,3,BraTS-GLI-01085-000,WT,0.9414821791278496,0.4765524186600397,44.37341546466758,188.1180339887499,1.0,0.0,1.0,0.8985336692922482,0.9998387847487414
baseline,3,BraTS-GLI-01085-000,TC,0.9769614816054445,0.9769614816054445,1.0,1.0,1.0,0.0,0.0,0.9941532086396276,0.999837395942118
baseline,3,BraTS-GLI-01085-000,ET,0.9645500973167201,0.9645500973167201,1.0,1.0,1.0,0.0,0.0,0.9922987404162102,0.999785813432487
baseline,3,BraTS-GLI-01072-000,WT,0.9447236180904522,0.4758342871846745,5.916079783099616,188.1180339887499,1.0,0.0,1.0,0.9523023103013514,0.9991856272915931
baseline,3,BraTS-GLI-01072-000,TC,0.9769864455494309,0.9769864455494309,1.0,1.0,1.0,0.0,0.0,0.9930598417205009,0.9996719401302595
baseline,3,BraTS-GLI-01072-000,ET,0.9384756402422088,0.9384756402422088,1.0,1.0,1.0,0.0,0.0,0.9851586190809424,0.9995591263212718
baseline,3,BraTS-GLI-01082-000,WT,0.9841017992574493,0.9841017992574493,1.0,1.0,1.0,0.0,0.0,0.9734708520179373,0.9999377303918788
baseline,3,BraTS-GLI-01082-000,TC,0.9748919923641113,0.9748919923641113,1.4142135623730951,1.4142135623730951,1.0,0.0,0.0,0.9575081164826272,0.9999216011758917
baseline,3,BraTS-GLI-01082-000,ET,0.9338587544428991,0.9338587544428991,1.0,1.0,1.0,0.0,0.0,0.927206172460655,0.9996992922390828
baseline,3,BraTS-GLI-01062-000,WT,0.9745648185110988,0.9745648185110988,1.0,1.0,1.0,0.0,0.0,0.9747397416830893,0.9996022294713952
baseline,3,BraTS-GLI-01062-000,TC,0.9731615039016316,0.9731876274844062,1.0,1.0,1.0,0.0,0.0,0.9988269557479168,0.9996997259464264
baseline,3,BraTS-GLI-01062-000,ET,0.9303812327307532,0.930460226862221,1.0,1.0,1.0,0.0,0.0,0.9960173227128606,0.9995785282142334
baseline,3,BraTS-GLI-01105-000,WT,0.9557473573592137,0.9557473573592137,2.0,2.0,1.0,0.0,0.0,0.9229971344994329,0.9998709346108116
baseline,3,BraTS-GLI-01105-000,TC,0.9784919542305175,0.9784919542305175,1.0,1.0,1.0,0.0,0.0,0.9939021594608225,0.9999079291939571
baseline,3,BraTS-GLI-01105-000,ET,0.9482709616295595,0.9482709616295595,1.0,1.0,1.0,0.0,0.0,0.9781100361575296,0.9999026662167783
baseline,3,BraTS-GLI-01138-000,WT,0.8327522694382318,0.4167959602777103,12.68857754044952,193.28490254498826,1.0,0.0,1.0,0.7552556023714531,0.9991060854080184
baseline,3,BraTS-GLI-01138-000,TC,0.9732891401832716,0.4946819052652441,51.15662224971465,187.0,1.0,0.0,1.0,0.9529142275388139,0.9999907992160034
baseline,3,BraTS-GLI-01138-000,ET,0.95547036272486,0.4879308119271976,46.9148164229596,187.0,1.0,0.0,1.0,0.9369577790630422,0.9999670251910716
baseline,3,BraTS-GLI-01109-000,WT,0.9807565789473685,0.9807565789473685,1.0,1.0,1.0,0.0,0.0,0.9916846831864294,0.9997925093624512
baseline,3,BraTS-GLI-01109-000,TC,0.981861721922884,0.981861721922884,1.4142135623730951,1.4142135623730951,1.0,0.0,0.0,0.9870201691607027,0.9999188514216737
baseline,3,BraTS-GLI-01109-000,ET,0.9576647741298445,0.9576647741298445,1.0,1.0,1.0,0.0,0.0,0.9622372418924785,0.9999143838786752
baseline,3,BraTS-GLI-01160-001,WT,0.9803255074860625,0.9803255074860625,1.0,1.0,1.0,0.0,0.0,0.9659877739227084,0.9999279122922277
baseline,3,BraTS-GLI-01160-001,TC,0.9868922562052617,0.9868922562052617,1.0,1.0,1.0,0.0,0.0,0.9872510229616854,0.9999101349914499
baseline,3,BraTS-GLI-01160-001,ET,0.9713557341642177,0.9713557341642177,1.0,1.0,1.0,0.0,0.0,0.9658725501701678,0.9998904944574777
baseline,3,BraTS-GLI-01160-000,WT,0.9786877243811803,0.9786877243811803,1.0,1.0,1.0,0.0,0.0,0.9811363941309719,0.9996564144323663
baseline,3,BraTS-GLI-01160-000,TC,0.9793495011760889,0.9793495011760889,1.4142135623730951,1.4142135623730951,1.0,0.0,0.0,0.9756933221281272,0.9998824740100635
baseline,3,BraTS-GLI-01160-000,ET,0.9586059309079792,0.9586059309079792,1.0,1.0,1.0,0.0,0.0,0.949146385760988,0.9998554019740725
baseline,3,BraTS-GLI-01130-000,WT,0.8895762190001679,0.8895762190001679,13.490737563232042,13.490737563232042,1.0,0.0,0.0,0.8254376396031375,0.9998684965112765
baseline,3,BraTS-GLI-01130-000,TC,0.9839057378259457,0.9839057378259457,1.0,1.0,1.0,0.0,0.0,0.9691663273023445,0.9999983166515372
baseline,3,BraTS-GLI-01130-000,ET,0.9599311171930256,0.9599311171930256,3.0,3.0,1.0,0.0,0.0,0.9600787353140185,0.9999266136826432
baseline,3,BraTS-GLI-01158-000,WT,0.9671119385617873,0.9671119385617873,1.0,1.0,1.0,0.0,0.0,0.9589175119758545,0.9997035032087983
baseline,3,BraTS-GLI-01158-000,TC,0.9262081371142147,0.4631976873471203,2.8284271247461903,188.4142135623731,1.0,1.0,0.0,0.8695635673624288,0.999975959513124
baseline,3,BraTS-GLI-01158-000,ET,0.8724910793933988,0.436282026262232,2.23606797749979,188.1180339887499,1.0,1.0,0.0,0.7884024384099955,0.999958015978849
baseline,3,BraTS-GLI-01148-000,WT,0.984361473898152,0.984361473898152,1.0,1.0,1.0,0.0,0.0,0.9892296199634999,0.9997523306704063
baseline,3,BraTS-GLI-01148-000,TC,0.9923725300538897,0.9923725300538897,0.0,0.0,1.0,0.0,0.0,0.9918243336555724,0.9999712094127227
baseline,3,BraTS-GLI-01148-000,ET,0.9896751376172955,0.9896751376172955,0.0,0.0,1.0,0.0,0.0,0.9856550392000909,0.9999753733246551
baseline,3,BraTS-GLI-01137-000,WT,0.9778413857770321,0.9778413857770321,1.0,1.0,1.0,0.0,0.0,0.9946537486508873,0.9998218978755893
baseline,3,BraTS-GLI-01137-000,TC,0.8568610181433856,0.8568610181433856,3.0,3.0,1.0,0.0,0.0,0.8141527749882841,0.9998556051943086
baseline,3,BraTS-GLI-01137-000,ET,0.7231558631078473,0.7231558631078473,6.4031242374328485,6.4031242374328485,1.0,0.0,0.0,0.5667379915885782,0.999998990402882
baseline,3,BraTS-GLI-01145-000,WT,0.9452950189962427,0.9452950189962427,3.0,3.0,1.0,0.0,0.0,0.9173252725406162,0.9996724687249653
baseline,3,BraTS-GLI-01145-000,TC,0.9429810209424084,0.9429810209424084,2.0,2.0,1.0,0.0,0.0,0.9026766276684052,0.9999147126442228
baseline,3,BraTS-GLI-01145-000,ET,0.876870606250435,0.43848108315060386,1.0,187.5,1.0,1.0,0.0,0.9595186412277695,0.9993245141596458
baseline,3,BraTS-GLI-01118-000,WT,0.9623716224310872,0.9623716224310872,1.0,1.0,1.0,0.0,0.0,0.9542960819041859,0.999849240607262
baseline,3,BraTS-GLI-01118-000,TC,0.9714207947740882,0.9732874586921658,1.0,0.5,2.0,0.0,0.0,0.9915725134284127,0.999939555030827
baseline,3,BraTS-GLI-01118-000,ET,0.9567606306736741,0.9580889962055881,1.0,0.5,2.0,0.0,0.0,0.9881569207994079,0.9999295955759115
baseline,3,BraTS-GLI-01123-000,WT,0.9749806356543259,0.9749806356543259,1.0,1.0,1.0,0.0,0.0,0.9852866306893392,0.9996816744848709
baseline,3,BraTS-GLI-01123-000,TC,0.9644325971058645,0.4812129087851454,3.3166247903554,126.56672319754585,2.0,1.0,0.0,0.9594635550841036,0.999955242976793
baseline,3,BraTS-GLI-01123-000,ET,0.9038492772454118,0.4498261665490016,1.4142135623730951,125.88342717995762,2.0,1.0,0.0,0.8885518122305605,0.9999455263027817
baseline,3,BraTS-GLI-01161-000,WT,0.9635176025475575,0.9635176025475575,1.4142135623730951,1.4142135623730951,1.0,0.0,0.0,0.9949062662021667,0.9991241838767049
baseline,3,BraTS-GLI-01161-000,TC,0.9921409085678312,0.9600411776518032,0.0,0.5,2.0,0.0,0.0,0.9907526329309017,0.9999461262455199
baseline,3,BraTS-GLI-01161-000,ET,0.9764011493418254,0.9507671009264876,1.0,1.0,2.0,0.0,0.0,0.968574427363092,0.9999157601592629
baseline,3,BraTS-GLI-01175-000,WT,0.9813821005071264,0.9813821005071264,1.0,1.0,1.0,0.0,0.0,0.9843338521275049,0.9995394811418901
baseline,3,BraTS-GLI-01175-000,TC,0.9770692894242458,0.9746677478210799,1.4142135623730951,1.3660254037844386,2.0,0.0,0.0,0.9584022113221864,0.9999574699593311
baseline,3,BraTS-GLI-01175-000,ET,0.9674186809586974,0.9646690223515724,2.0,1.618033988749895,2.0,0.0,0.0,0.9427575595817502,0.9999322951852933
baseline,3,BraTS-GLI-01167-000,WT,0.8989180161208337,0.8989180161208337,4.58257569495584,4.58257569495584,1.0,0.0,0.0,0.9878208133422441,0.9976153598420979
baseline,3,BraTS-GLI-01167-000,TC,0.8930160452678086,0.8930160452678086,3.1622776601683795,3.1622776601683795,1.0,0.0,0.0,0.9009634634634635,0.9995801498915472
baseline,3,BraTS-GLI-01167-000,ET,0.5085744908896034,0.5085744908896034,23.62202362203543,23.62202362203543,1.0,0.0,0.0,0.38949312538477326,0.9998445884138307
baseline,3,BraTS-GLI-01200-000,WT,0.988318999504887,0.988318999504887,1.0,1.0,1.0,0.0,0.0,0.9888932380859183,0.9998866185980768
baseline,3,BraTS-GLI-01200-000,TC,0.9887295564322502,0.9887295564322502,1.0,1.0,1.0,0.0,0.0,0.9871958786146731,0.999941857936403
baseline,3,BraTS-GLI-01200-000,ET,0.9631982146305873,0.9631982146305873,1.0,1.0,1.0,0.0,0.0,0.949285170459352,0.9999420508474615
baseline,3,BraTS-GLI-01199-000,WT,0.9855840323596697,0.9855840323596697,1.0,1.0,1.0,0.0,0.0,0.990239580002132,0.9996715616848851
baseline,3,BraTS-GLI-01199-000,TC,0.990892586311236,0.990892586311236,1.0,1.0,1.0,0.0,0.0,0.9902785036959606,0.9999358991359362
baseline,3,BraTS-GLI-01199-000,ET,0.9556450363946105,0.9556450363946105,1.0,1.0,1.0,0.0,0.0,0.9427960275019098,0.9998884801200637
baseline,3,BraTS-GLI-01173-000,WT,0.9573260245442252,0.9573260245442252,2.23606797749979,2.23606797749979,1.0,0.0,0.0,0.9974833099748331,0.9993529416610442
baseline,3,BraTS-GLI-01173-000,TC,0.7965280289330923,0.7965280289330923,9.848857801796104,9.848857801796104,1.0,0.0,0.0,0.9614108608346429,0.9991273529402853
baseline,3,BraTS-GLI-01173-000,ET,0.12060301507537688,0.0,7.0,374.0,0.0,1.0,0.0,0.6,0.9999625894381248
baseline,3,BraTS-GLI-01169-000,WT,0.927796130250118,0.463915024577333,3.605551275463989,188.73205080756887,1.0,1.0,0.0,0.9952088294428838,0.9976041627075534
baseline,3,BraTS-GLI-01169-000,TC,0.8246268656716418,0.8246268656716418,5.0,5.0,1.0,0.0,0.0,0.7687875086303043,0.9995942788252691
baseline,3,BraTS-GLI-01169-000,ET,0.0,0.0,24.06241883103193,374.0,0.0,4.0,1.0,0.0,0.9999308909191004
baseline,3,BraTS-GLI-01185-000,WT,0.9295019486064006,0.9295019486064006,2.449489742783178,2.449489742783178,1.0,0.0,0.0,0.9147060480312447,0.9993545305178742
baseline,3,BraTS-GLI-01185-000,TC,0.9485346275900691,0.9485346275900691,2.449489742783178,2.449489742783178,1.0,0.0,0.0,0.9127701234080009,0.9999258368516684
baseline,3,BraTS-GLI-01185-000,ET,0.9000924000924001,0.9000924000924001,2.449489742783178,2.449489742783178,1.0,0.0,0.0,0.8470652173913044,0.9998546877811769
baseline,3,BraTS-GLI-01172-000,WT,0.9063018675325824,0.45315275489289875,9.16515138991168,191.58257569495584,1.0,1.0,0.0,0.986509186351706,0.9975296413538015
baseline,3,BraTS-GLI-01172-000,TC,0.9621776190171663,0.9621776190171663,5.385164807134504,5.385164807134504,1.0,0.0,0.0,0.9847130542102213,0.9992466879778203
baseline,3,BraTS-GLI-01172-000,ET,0.9338394994124125,0.46692262256349676,1.7320508075688772,187.86602540378445,1.0,1.0,0.0,0.9760891095476353,0.9989950569774672
baseline,3,BraTS-GLI-01189-000,WT,0.9596450265246057,0.9596450265246057,3.1622776601683795,3.1622776601683795,1.0,0.0,0.0,0.9351500727916242,0.9998203848756123
baseline,3,BraTS-GLI-01189-000,TC,0.8954655569047895,0.8954655569047895,5.0990195135927845,5.0990195135927845,1.0,0.0,0.0,0.8169641365949251,0.9999217033991248
baseline,3,BraTS-GLI-01189-000,ET,0.6991455131616013,0.6991455131616013,11.224972160321824,11.224972160321824,1.0,0.0,0.0,0.5640656565656565,0.9997793753656451
baseline,3,BraTS-GLI-01170-000,WT,0.9173916868468451,0.45870221514298415,2.23606797749979,188.1180339887499,1.0,1.0,0.0,0.9690309201709854,0.998337255371175
baseline,3,BraTS-GLI-01170-000,TC,0.8902333020409583,0.591647534106582,3.7416573867739413,126.93954789081853,2.0,1.0,0.0,0.8301128258332252,0.999939748072892
baseline,3,BraTS-GLI-01170-000,ET,0.8978455754771544,0.5966608101254973,3.0,126.61387308432126,2.0,1.0,0.0,0.8394052044609666,0.9999495131100429
baseline,3,BraTS-GLI-01190-000,WT,0.9804758131691758,0.2451231033350151,1.0,280.75,1.0,3.0,0.0,0.9833794073098006,0.9996220150549388
baseline,3,BraTS-GLI-01190-000,TC,0.9779120857273504,0.9779315280925683,1.0,1.0,1.0,0.0,0.0,0.9804526065406031,0.9997896698053158
baseline,3,BraTS-GLI-01190-000,ET,0.9600976334500689,0.9601194672488421,2.23606797749979,2.23606797749979,1.0,0.0,0.0,0.9729003118614905,0.999605095709568
baseline,3,BraTS-GLI-01201-000,WT,0.9713601141924959,0.9713601141924959,1.0,1.0,1.0,0.0,0.0,0.9590107003009775,0.9998248884286705
baseline,3,BraTS-GLI-01201-000,TC,0.9517609295176093,0.9517609295176093,1.4142135623730951,1.4142135623730951,1.0,0.0,0.0,0.9559965487489215,0.99986918900213
baseline,3,BraTS-GLI-01201-000,ET,0.8272316838764472,0.8272316838764472,6.4031242374328485,6.4031242374328485,1.0,0.0,0.0,0.7836876429236893,0.9998529641518527
baseline,3,BraTS-GLI-01220-000,WT,0.9505546505313784,0.9505693983305924,1.4142135623730951,1.4142135623730951,1.0,0.0,0.0,0.9555507033906235,0.9998019321396129
baseline,3,BraTS-GLI-01220-000,TC,0.9759349439742802,0.9759349439742802,1.0,1.0,1.0,0.0,0.0,0.9815034948409491,0.9999293811396447
baseline,3,BraTS-GLI-01220-000,ET,0.941651343230031,0.941651343230031,1.0,1.0,1.0,0.0,0.0,0.9574972637723459,0.9999063590188488
baseline,3,BraTS-GLI-01233-000,WT,0.9115322660370665,0.9115322660370665,8.306623862918075,8.306623862918075,1.0,0.0,0.0,0.8945884555239758,0.9993237855655932
baseline,3,BraTS-GLI-01233-000,TC,0.93250925319213,0.93250925319213,1.4142135623730951,1.4142135623730951,1.0,0.0,0.0,0.9164897135099384,0.9998413353540228
baseline,3,BraTS-GLI-01233-000,ET,0.8943089430894309,0.8943089430894309,1.0,1.0,1.0,0.0,0.0,0.878188890899222,0.9997871072319314
baseline,3,BraTS-GLI-01205-000,WT,0.8535701705832034,0.42862918509159825,3.3166247903554,188.6583123951777,1.0,1.0,0.0,0.7723443973956199,0.9999079276225779
baseline,3,BraTS-GLI-01205-000,TC,0.933575653909201,0.9165928753204808,1.4142135623730951,1.5,2.0,0.0,0.0,0.9090215128383067,0.9999379599016782
baseline,3,BraTS-GLI-01205-000,ET,0.8439198218262807,0.8268749965230935,1.4142135623730951,1.7071067811865475,2.0,0.0,0.0,0.878268125347673,0.9997542954559574
baseline,3,BraTS-GLI-01215-000,WT,0.9506279583211013,0.9506279583211013,1.4142135623730951,1.4142135623730951,1.0,0.0,0.0,0.9433780041025804,0.999411204250326
baseline,3,BraTS-GLI-01215-000,TC,0.7899949298631063,0.7899949298631063,8.602325267042627,8.602325267042627,1.0,0.0,0.0,0.6610850257396617,0.999975085078285
baseline,3,BraTS-GLI-01215-000,ET,0.8837651031498971,0.8837651031498971,1.7320508075688772,1.7320508075688772,1.0,0.0,0.0,0.9303488113752499,0.9998232985364499
baseline,3,BraTS-GLI-01210-000,WT,0.8390284701816941,0.27971001731677964,3.7416573867739413,250.58055246225797,1.0,2.0,0.0,0.8550536090798977,0.9990808717995708
baseline,3,BraTS-GLI-01210-000,TC,0.9097877358490566,0.9097877358490566,2.23606797749979,2.23606797749979,1.0,0.0,0.0,0.882470689162139,0.9999549378175511
baseline,3,BraTS-GLI-01210-000,ET,0.8985645174082005,0.8985645174082005,2.23606797749979,2.23606797749979,1.0,0.0,0.0,0.8751737988567897,0.9999472063470749
baseline,3,BraTS-GLI-01223-000,WT,0.9531541415249588,0.9531541415249588,1.7320508075688772,1.7320508075688772,1.0,0.0,0.0,0.9565753545318418,0.999610942899691
baseline,3,BraTS-GLI-01223-000,TC,0.9369051089883208,0.9369051089883208,2.23606797749979,2.23606797749979,1.0,0.0,0.0,0.8915690178542286,0.9999598757519503
baseline,3,BraTS-GLI-01223-000,ET,0.8881868817025521,0.8881868817025521,1.4142135623730951,1.4142135623730951,1.0,0.0,0.0,0.8795346029306844,0.9997934853378518
baseline,3,BraTS-GLI-01224-000,WT,0.9277280589606678,0.9277513161193282,1.4142135623730951,1.4142135623730951,1.0,0.0,0.0,0.8999124598774438,0.9998143329556978
baseline,3,BraTS-GLI-01224-000,TC,0.9559948229203435,0.9559948229203435,1.0,1.0,1.0,0.0,0.0,0.927193883373274,0.9999753099554525
baseline,3,BraTS-GLI-01224-000,ET,0.8799121643259069,0.8799121643259069,1.4142135623730951,1.4142135623730951,1.0,0.0,0.0,0.8793087684008412,0.9998536513648048
baseline,3,BraTS-GLI-01227-000,WT,0.9277129008104877,0.3108608050143383,2.449489742783178,249.80473785412437,1.0,1.0,1.0,0.9616950583493334,0.9990747143591389
baseline,3,BraTS-GLI-01227-000,TC,0.9681054645970657,0.9681054645970657,1.0,1.0,1.0,0.0,0.0,0.9868595735457476,0.9997846158587287
baseline,3,BraTS-GLI-01227-000,ET,0.9041036008961258,0.9041036008961258,1.0,1.0,1.0,0.0,0.0,0.9491194860322377,0.9997056304048889
baseline,3,BraTS-GLI-01209-000,WT,0.9067421109902067,0.9067473732165293,3.605551275463989,3.605551275463989,1.0,0.0,0.0,0.8533485532021803,0.9993953051067673
baseline,3,BraTS-GLI-01209-000,TC,0.8839169681430227,0.8839418058180132,6.164414002968976,6.164414002968976,1.0,0.0,0.0,0.825006556517178,0.9996407485985807
baseline,3,BraTS-GLI-01209-000,ET,0.8106930824424274,0.8106930824424274,3.7416573867739413,3.7416573867739413,1.0,0.0,0.0,0.7203001905660007,0.9996748937913162
baseline,3,BraTS-GLI-01219-000,WT,0.9070316435235654,0.90779817400944,3.605551275463989,4.352285394528387,2.0,0.0,0.0,0.9256329599508977,0.9982905681738099
baseline,3,BraTS-GLI-01219-000,TC,0.9710445804195804,0.4931634854652291,7.615773105863909,6.7048368229954285,2.0,0.0,0.0,0.9509898341359015,0.9999838371321684
baseline,3,BraTS-GLI-01219-000,ET,0.9681933842239185,0.48861035118083856,63.095166217389426,187.5,1.0,0.0,1.0,0.941983746838168,0.9999919186649545
baseline,3,BraTS-GLI-01226-000,WT,0.903536467421618,0.45190929565929566,2.23606797749979,188.1180339887499,1.0,1.0,0.0,0.9232225208361655,0.9986969526762514
baseline,3,BraTS-GLI-01226-000,TC,0.900621236738985,0.8699024653797529,2.0,2.414213562373095,2.0,0.0,0.0,0.827409384658612,0.9999679758297294
baseline,3,BraTS-GLI-01226-000,ET,0.867716272069188,0.8374661223602686,1.4142135623730951,1.4142135623730951,2.0,0.0,0.0,0.7803368855276728,0.9999522725455511
baseline,3,BraTS-GLI-01265-000,WT,0.9407419637968941,0.9407501390433816,4.69041575982343,4.69041575982343,1.0,0.0,0.0,0.9298893622869708,0.9996913118143018
baseline,3,BraTS-GLI-01265-000,TC,0.9716099488016038,0.9716099488016038,1.4142135623730951,1.4142135623730951,1.0,0.0,0.0,0.965019130163192,0.9998764190406152
baseline,3,BraTS-GLI-01265-000,ET,0.9317772084638011,0.9317772084638011,1.0,1.0,1.0,0.0,0.0,0.9221646856805559,0.9997601996416717
baseline,3,BraTS-GLI-01241-000,WT,0.9001483464211426,0.9001483464211426,11.045361017187261,11.045361017187261,1.0,0.0,0.0,0.8414781206192249,0.9995751148508786
baseline,3,BraTS-GLI-01241-000,TC,0.9523489718251303,0.8662962201310388,1.4142135623730951,1.9318516525781364,2.0,0.0,0.0,0.9568165022652058,0.999630939455347
baseline,3,BraTS-GLI-01241-000,ET,0.8692529993869866,0.8669851280163059,1.0,1.0,2.0,0.0,0.0,0.9305334208305991,0.999242918080364
baseline,3,BraTS-GLI-01300-000,WT,0.9282426620387837,0.9282426620387837,3.3166247903554,3.3166247903554,1.0,0.0,0.0,0.9508844769329299,0.9995009410969772
baseline,3,BraTS-GLI-01300-000,TC,0.8620623316660254,0.4311555854902338,2.23606797749979,188.1180339887499,1.0,1.0,0.0,0.8877662209014363,0.9998054475798969
baseline,3,BraTS-GLI-01300-000,ET,0.8683160415003991,0.4342663273960984,2.0,188.0,1.0,1.0,0.0,0.8909816767325213,0.9998233954693482
baseline,3,BraTS-GLI-01246-000,WT,0.9770199581137813,0.9770199581137813,1.0,1.0,1.0,0.0,0.0,0.9845617145940945,0.9996369089117331
baseline,3,BraTS-GLI-01246-000,TC,0.8605819481439023,0.8605819481439023,3.1622776601683795,3.1622776601683795,1.0,0.0,0.0,0.7646953082868956,0.9999532301653741
baseline,3,BraTS-GLI-01246-000,ET,0.8709607668836941,0.8709607668836941,1.4142135623730951,1.4142135623730951,1.0,0.0,0.0,0.9771955361475012,0.999444634691857
baseline,3,BraTS-GLI-01247-000,WT,0.8125224444960815,0.8125396087709662,6.708203932499369,6.708203932499369,1.0,0.0,0.0,0.742032564241068,0.9997541024672655
baseline,3,BraTS-GLI-01247-000,TC,0.888725849841037,0.888725849841037,1.4142135623730951,1.4142135623730951,1.0,0.0,0.0,0.8765074770863482,0.9999777053968736
baseline,3,BraTS-GLI-01247-000,ET,0.7865640307907628,0.7865640307907628,2.23606797749979,2.23606797749979,1.0,0.0,0.0,0.9590443686006825,0.9999370437069024
baseline,3,BraTS-GLI-01293-000,WT,0.8914108249254492,0.8914211548935611,6.164414002968976,6.164414002968976,1.0,0.0,0.0,0.890867118073517,0.9984114299755674
baseline,3,BraTS-GLI-01293-000,TC,0.849681476402295,0.849681476402295,7.483314773547883,7.483314773547883,1.0,0.0,0.0,0.7716241244970515,0.9995252462799072
baseline,3,BraTS-GLI-01293-000,ET,0.4972677595628415,0.24864803324415097,17.26267650163207,195.63133825081604,1.0,1.0,0.0,0.3719979560551865,0.9998364784868271
baseline,3,BraTS-GLI-01284-000,WT,0.9423785151749797,0.47119370709274105,3.605551275463989,188.802775637732,1.0,1.0,0.0,0.9162433130531651,0.9994726526711591
baseline,3,BraTS-GLI-01284-000,TC,0.9486443637239359,0.9486443637239359,2.0,2.0,1.0,0.0,0.0,0.9309424635412051,0.9996348474080228
baseline,3,BraTS-GLI-01284-000,ET,0.9003639734449337,0.9003639734449337,2.0,2.0,1.0,0.0,0.0,0.8860864782194556,0.9993079542565331
baseline,3,BraTS-GLI-01255-000,WT,0.8141402714932127,0.4106470386853817,2.8284271247461903,188.0,1.0,1.0,0.0,0.9579395714095568,0.9996670585361539
baseline,3,BraTS-GLI-01255-000,TC,0.9383775351014041,0.9383775351014041,1.0,1.0,1.0,0.0,0.0,0.9717285945072698,0.999986221207645
baseline,3,BraTS-GLI-01255-000,ET,0.9405785770132916,0.9405785770132916,1.0,1.0,1.0,0.0,0.0,0.9717285945072698,0.9999868933438575
baseline,3,BraTS-GLI-01281-000,WT,0.9689571811769381,0.9689571811769381,1.0,1.0,1.0,0.0,0.0,0.9468635928236726,0.9998673276273575
baseline,3,BraTS-GLI-01281-000,TC,0.9430305264501128,0.9430305264501128,2.8284271247461903,2.8284271247461903,1.0,0.0,0.0,0.9433515353521027,0.9995436633043541
baseline,3,BraTS-GLI-01281-000,ET,0.8659807005384657,0.8659807005384657,2.23606797749979,2.23606797749979,1.0,0.0,0.0,0.9001795570925052,0.9990919620857583
baseline,3,BraTS-GLI-01249-000,WT,0.932534023060746,0.9326467459626728,2.23606797749979,2.23606797749979,1.0,0.0,0.0,0.923979689595708,0.9998648273000353
baseline,3,BraTS-GLI-01249-000,TC,0.9328387046912435,0.9328387046912435,1.4142135623730951,1.4142135623730951,1.0,0.0,0.0,0.9000745712155108,0.9999553540880736
baseline,3,BraTS-GLI-01249-000,ET,0.823146944083225,0.823146944083225,1.0,1.0,1.0,0.0,0.0,0.8721677893447642,0.999819200158539
baseline,3,BraTS-GLI-01266-000,WT,0.9139012353247709,0.9139012353247709,10.344080432788601,10.344080432788601,1.0,0.0,0.0,0.9662429753887438,0.9973922124945619
baseline,3,BraTS-GLI-01266-000,TC,0.7708412880234186,0.8028660059266198,12.806248474865697,7.300735254367722,2.0,0.0,0.0,0.6369564074249355,0.9999665506152611
baseline,3,BraTS-GLI-01266-000,ET,0.8490671241689899,0.8433356095565914,3.0,2.08113883008419,2.0,0.0,0.0,0.758990874932904,0.999957823698348
baseline,3,BraTS-GLI-01263-000,WT,0.9363317105003306,0.6633781662568207,2.8284271247461903,96.19067069768066,3.0,1.0,0.0,0.9428324399100813,0.9995367619786317
baseline,3,BraTS-GLI-01263-000,TC,0.9039394965571735,0.8947504859491906,2.8284271247461903,2.9208096264818897,2.0,0.0,0.0,0.9077821232216743,0.9996003469806856
baseline,3,BraTS-GLI-01263-000,ET,0.7401792734706715,0.5023136249770271,1.4142135623730951,125.47140452079104,2.0,1.0,0.0,0.9234089303931571,0.9991828614699497
baseline,3,BraTS-GLI-01307-000,WT,0.9867858586611543,0.9867858586611543,1.0,1.0,1.0,0.0,0.0,0.9776843540506761,0.999922189036081
baseline,3,BraTS-GLI-01307-000,TC,0.9874335372477274,0.9874335372477274,1.0,1.0,1.0,0.0,0.0,0.981340485011023,0.9999687077928064
baseline,3,BraTS-GLI-01307-000,ET,0.9773956132041098,0.9773956132041098,1.0,1.0,1.0,0.0,0.0,0.9637293786284992,0.9999675032828431
baseline,3,BraTS-GLI-01333-000,WT,0.9618841028819337,0.9623811492352211,1.0,1.0,1.0,0.0,0.0,0.9639751552795031,0.9999781467796758
baseline,3,BraTS-GLI-01333-000,TC,0.9790459206419974,0.9790459206419974,0.0,0.0,1.0,0.0,0.0,0.9891891891891892,0.9999960792616466
baseline,3,BraTS-GLI-01333-000,ET,0.9691011235955056,0.9691011235955056,0.0,0.0,1.0,0.0,0.0,0.9556786703601108,0.999997983626374
baseline,3,BraTS-GLI-01358-000,WT,0.9870229634128326,0.9870229634128326,1.0,1.0,1.0,0.0,0.0,0.9760612395953719,0.9999696830925798
baseline,3,BraTS-GLI-01358-000,TC,0.9883545795861346,0.9883545795861346,1.0,1.0,1.0,0.0,0.0,0.982041577651741,0.9999459018194984
baseline,3,BraTS-GLI-01358-000,ET,0.9793155617893418,0.9793155617893418,0.0,0.0,1.0,0.0,0.0,0.9706801212159081,0.9999156135470492
baseline,3,BraTS-GLI-01356-000,WT,0.9629216926205533,0.48147258234698037,2.23606797749979,188.1180339887499,1.0,1.0,0.0,0.9913458711846908,0.9989257587930813
baseline,3,BraTS-GLI-01356-000,TC,0.9849191766964636,0.9849191766964636,1.0,1.0,1.0,0.0,0.0,0.9964805647805836,0.9997073224636179
baseline,3,BraTS-GLI-01356-000,ET,0.9482995871830155,0.47415527648650524,1.0,187.5,1.0,1.0,0.0,0.9879053630800366,0.9995533671659487
baseline,3,BraTS-GLI-01320-000,WT,0.982810861654228,0.982810861654228,1.0,1.0,1.0,0.0,0.0,0.9754220979213615,0.9997122294521271
baseline,3,BraTS-GLI-01320-000,TC,0.9863420551755873,0.9863420551755873,1.0,1.0,1.0,0.0,0.0,0.9810276679841897,0.9999332647914186
baseline,3,BraTS-GLI-01320-000,ET,0.9747573190265743,0.9747573190265743,1.0,1.0,1.0,0.0,0.0,0.9618380210614514,0.9999310460372485
baseline,3,BraTS-GLI-01344-000,WT,0.9700996677740864,0.9700996677740864,1.0,1.0,1.0,0.0,0.0,0.948051948051948,0.9999921500198492
baseline,3,BraTS-GLI-01344-000,TC,0.9661071659134925,0.9661071659134925,1.0,1.0,1.0,0.0,0.0,0.9842157185136469,0.9999818486561115
baseline,3,BraTS-GLI-01344-000,ET,0.9775667267070575,0.9775667267070575,0.0,0.0,1.0,0.0,0.0,0.9819078947368421,0.9999908122837525
baseline,3,BraTS-GLI-01336-000,WT,0.9799659339768027,0.9799659339768027,1.0,1.0,1.0,0.0,0.0,0.966289438957092,0.9999673349338465
baseline,3,BraTS-GLI-01336-000,TC,0.9757354901786508,0.9757354901786508,1.0,1.0,1.0,0.0,0.0,0.9626446860750614,0.9999798000065987
baseline,3,BraTS-GLI-01336-000,ET,0.9491287694880509,0.9491287694880509,1.0,1.0,1.0,0.0,0.0,0.9220207525416623,0.9999776867281668
baseline,3,BraTS-GLI-01332-000,WT,0.9818885532419894,0.9818885532419894,1.0,1.0,1.0,0.0,0.0,0.977223310874292,0.9998882926898691
baseline,3,BraTS-GLI-01332-000,TC,0.9791008217446271,0.9791008217446271,1.0,1.0,1.0,0.0,0.0,0.9723780750971083,0.9999602359468613
baseline,3,BraTS-GLI-01332-000,ET,0.9667811579980373,0.9667811579980373,1.0,1.0,1.0,0.0,0.0,0.9731318219983207,0.9999090679770757
baseline,3,BraTS-GLI-01311-000,WT,0.9189619924820294,0.4475991078933899,17.72004514666935,130.2174919474995,2.0,0.0,1.0,0.8577129433006083,0.9999007986052012
baseline,3,BraTS-GLI-01311-000,TC,0.9817982649178917,0.49197698467932444,2.0,187.5,1.0,0.0,1.0,0.9779055041402825,0.9999180999642321
baseline,3,BraTS-GLI-01311-000,ET,0.9803360311236986,0.49127716101138463,1.0,187.5,1.0,0.0,1.0,0.9700021939884715,0.9999496500452868
baseline,3,BraTS-GLI-01341-000,WT,0.7848348165305377,0.48824510844835434,25.317977802344327,187.0,1.0,1.0,0.0,0.9637724550898203,0.9998157913018535
baseline,3,BraTS-GLI-01341-000,TC,0.9463383838383839,0.9463383838383839,1.0,1.0,1.0,0.0,0.0,0.8981426003594967,1.0
baseline,3,BraTS-GLI-01341-000,ET,0.9037143887486476,0.9037143887486476,1.0,1.0,1.0,0.0,0.0,0.8777583187390543,0.9999792720454401
baseline,3,BraTS-GLI-01325-000,WT,0.9557470235942265,0.4779062639216239,2.23606797749979,188.1180339887499,1.0,1.0,0.0,0.9584144655961025,0.9992978320778544
baseline,3,BraTS-GLI-01325-000,TC,0.9243273400451398,0.9243273400451398,2.0,2.0,1.0,0.0,0.0,0.9085900887426464,0.9997411082322857
baseline,3,BraTS-GLI-01325-000,ET,0.943368291178285,0.943368291178285,1.4142135623730951,1.4142135623730951,1.0,0.0,0.0,0.926463460606387,0.9998425349533038
baseline,3,BraTS-GLI-01322-000,WT,0.9644430459408433,0.48766905330151156,10.862780491200215,187.5,1.0,0.0,1.0,0.9388592783189365,0.999985187973038
baseline,3,BraTS-GLI-01322-000,TC,0.9314984081339222,0.48337241526327007,22.315913604421397,187.5,1.0,0.0,1.0,0.8845328652233275,0.9999915946354947
baseline,3,BraTS-GLI-01322-000,ET,0.8959922508778303,0.4628471353515136,21.840329667841555,187.70710678118655,1.0,0.0,1.0,0.8604651162790697,0.9999709761645954
baseline,3,BraTS-GLI-01374-000,WT,0.9883254467123385,0.9883254467123385,1.0,1.0,1.0,0.0,0.0,0.9962836130116262,0.9996831878223954
baseline,3,BraTS-GLI-01374-000,TC,0.9934382815948213,0.9934382815948213,0.0,0.0,1.0,0.0,0.0,0.9899137981586817,0.9999769746183543
baseline,3,BraTS-GLI-01374-000,ET,0.9849834418179741,0.9849834418179741,0.0,0.0,1.0,0.0,0.0,0.9747061925568781,0.9999735208403381
baseline,3,BraTS-GLI-01389-000,WT,0.9768236989278823,0.9768714128709244,1.0,1.0,1.0,0.0,0.0,0.9683338982230184,0.9999668812722801
baseline,3,BraTS-GLI-01389-000,TC,0.9905767668562144,0.9905767668562144,0.0,0.0,1.0,0.0,0.0,0.9915433403805497,0.9999928266006683
baseline,3,BraTS-GLI-01389-000,ET,0.9831379117811279,0.9831379117811279,0.0,0.0,1.0,0.0,0.0,0.9845672109147842,0.9999908108103868
baseline,3,BraTS-GLI-01407-000,WT,0.9250582141329659,0.19438785700019973,20.518284528683193,299.4,1.0,4.0,0.0,0.9555271941881013,0.9998739601431472
baseline,3,BraTS-GLI-01407-000,TC,0.9831853391271491,0.9831853391271491,0.0,0.0,1.0,0.0,0.0,0.9756280464941882,0.9999946204419172
baseline,3,BraTS-GLI-01407-000,ET,0.9744086021505376,0.9744086021505376,0.0,0.0,1.0,0.0,0.0,0.9583333333333334,0.999995405272864
baseline,3,BraTS-GLI-01397-000,WT,0.9704995511635223,0.3236687162717147,2.0,249.80473785412437,1.0,2.0,0.0,0.9884813153493897,0.9996493689035119
baseline,3,BraTS-GLI-01397-000,TC,0.96356678886102,0.96356678886102,1.7320508075688772,1.7320508075688772,1.0,0.0,0.0,0.944672131147541,0.9999425602611428
baseline,3,BraTS-GLI-01397-000,ET,0.9578714910604323,0.9578714910604323,1.0,1.0,1.0,0.0,0.0,0.9441979236436705,0.9999268877121043
baseline,3,BraTS-GLI-01375-000,WT,0.9622792485151751,0.9622792485151751,2.0,2.0,1.0,0.0,0.0,0.9550142048632083,0.9998496053886299
baseline,3,BraTS-GLI-01375-000,TC,0.7043756670224119,0.2439384979302188,48.641546028061235,280.5,1.0,3.0,0.0,0.9717314487632509,0.9998502179289923
baseline,3,BraTS-GLI-01375-000,ET,0.867231638418079,0.1606488749345892,48.641546028061235,311.6666666666667,1.0,5.0,0.0,0.9528243327126009,0.9999558612110675
baseline,3,BraTS-GLI-01396-000,WT,0.9876697325497863,0.9876697325497863,1.0,1.0,1.0,0.0,0.0,0.9983928762752824,0.9997784938691197
baseline,3,BraTS-GLI-01396-000,TC,0.9362507704499428,0.9362507704499428,2.23606797749979,2.23606797749979,1.0,0.0,0.0,0.9341122726873408,0.9999217191901368
baseline,3,BraTS-GLI-01396-000,ET,0.9444796552161238,0.9444796552161238,1.4142135623730951,1.4142135623730951,1.0,0.0,0.0,0.9509891512444161,0.9999448440695884
baseline,3,BraTS-GLI-01395-000,WT,0.9756950440338457,0.9756950440338457,1.0,1.0,1.0,0.0,0.0,0.9891028446389497,0.9999015176611287
baseline,3,BraTS-GLI-01395-000,TC,0.8535530381050463,0.8535530381050463,2.23606797749979,2.23606797749979,1.0,0.0,0.0,0.8212445501387238,0.9999708699042079
baseline,3,BraTS-GLI-01395-000,ET,0.8362753751103266,0.8362753751103266,2.23606797749979,2.23606797749979,1.0,0.0,0.0,0.7510899722552516,0.9999872275733834
baseline,3,BraTS-GLI-01378-000,WT,0.981626247546052,0.981626247546052,1.0,1.0,1.0,0.0,0.0,0.9691905035486922,0.9998922985219999
baseline,3,BraTS-GLI-01378-000,TC,0.9902416993959531,0.9902416993959531,1.0,1.0,1.0,0.0,0.0,0.9841067564318345,0.9999503591295468
baseline,3,BraTS-GLI-01378-000,ET,0.9451379827448536,0.9451379827448536,1.0,1.0,1.0,0.0,0.0,0.9049039716576543,0.9999398267144597
baseline,3,BraTS-GLI-01390-000,WT,0.9795910504974621,0.9795910504974621,1.0,1.0,1.0,0.0,0.0,0.9645322813140126,0.9999719445344573
baseline,3,BraTS-GLI-01390-000,TC,0.9790983053894907,0.9790983053894907,1.0,1.0,1.0,0.0,0.0,0.9665853117372976,0.9999801245639616
baseline,3,BraTS-GLI-01390-000,ET,0.9631829798991504,0.9631829798991504,1.0,1.0,1.0,0.0,0.0,0.9538272111635543,0.9999561333684716
baseline,3,BraTS-GLI-01385-000,WT,0.9827251559510506,0.9827251559510506,1.0,1.0,1.0,0.0,0.0,0.9704332852740405,0.9999241600641702
baseline,3,BraTS-GLI-01385-000,TC,0.9908953885307251,0.9908953885307251,1.0,1.0,1.0,0.0,0.0,0.9930636599781651,0.9998637458245236
baseline,3,BraTS-GLI-01385-000,ET,0.9825506448987822,0.9825506448987822,0.0,0.0,1.0,0.0,0.0,0.9719186767157247,0.9999489715912881
baseline,3,BraTS-GLI-01377-000,WT,0.9698060294461323,0.3240152973822987,1.4142135623730951,249.80473785412437,1.0,2.0,0.0,0.951954927923216,0.9998612090528436
baseline,3,BraTS-GLI-01377-000,TC,0.9869713747202262,0.9870377789823478,1.0,1.0,1.0,0.0,0.0,0.9808705425086047,0.9999346344766721
baseline,3,BraTS-GLI-01377-000,ET,0.9837794334341324,0.983845092850758,1.0,1.0,1.0,0.0,0.0,0.9758276590749002,0.9999228752818671
baseline,3,BraTS-GLI-01387-000,WT,0.9057373713887112,0.9057373713887112,5.0,5.0,1.0,0.0,0.0,0.8440902737900473,0.9997933384587508
baseline,3,BraTS-GLI-01387-000,TC,0.9640891977990154,0.963522944932604,1.0,0.5,2.0,0.0,0.0,0.9860781990521327,0.999954939039919
baseline,3,BraTS-GLI-01387-000,ET,0.9445755830422057,0.9309229136754061,1.0,0.5,2.0,0.0,0.0,0.9353029169783097,0.9999729900930799
baseline,3,BraTS-GLI-01451-000,WT,0.7735362475723518,0.7735362475723518,4.69041575982343,4.69041575982343,1.0,0.0,0.0,0.6368545216251639,0.9999791220601812
baseline,3,BraTS-GLI-01451-000,TC,0.9424295083805146,0.9424295083805146,2.0,2.0,1.0,0.0,0.0,0.9021249195106246,0.999987105718087
baseline,3,BraTS-GLI-01451-000,ET,0.9313258747917162,0.9313258747917162,1.7320508075688772,1.7320508075688772,1.0,0.0,0.0,0.8833822533303228,0.9999864336726559
baseline,3,BraTS-GLI-01417-000,WT,0.8723931401361557,0.8723931401361557,3.1622776601683795,3.1622776601683795,1.0,0.0,0.0,0.9597609887861177,0.9983429411469491
baseline,3,BraTS-GLI-01417-000,TC,0.9441543398591041,0.9441543398591041,1.0,1.0,1.0,0.0,0.0,0.9492191974342331,0.9998190255486272
baseline,3,BraTS-GLI-01417-000,ET,0.8963253720089592,0.8963253720089592,1.4142135623730951,1.4142135623730951,1.0,0.0,0.0,0.9322784518152881,0.9996399187408765
baseline,3,BraTS-GLI-01411-000,WT,0.8908437596102488,0.8908437596102488,4.123105625617661,4.123105625617661,1.0,0.0,0.0,0.9852672657620565,0.9971269048292045
baseline,3,BraTS-GLI-01411-000,TC,0.9678254002923437,0.9678254002923437,1.0,1.0,1.0,0.0,0.0,0.981763643180966,0.9996888151365729
baseline,3,BraTS-GLI-01411-000,ET,0.894802457775535,0.894802457775535,1.4142135623730951,1.4142135623730951,1.0,0.0,0.0,0.9574400508178498,0.9993539043097213
baseline,3,BraTS-GLI-01479-000,WT,0.8782407893355726,0.8783509122879664,9.0,8.774964387392123,1.0,0.0,0.0,0.7916173896589243,0.9997579468121596
baseline,3,BraTS-GLI-01479-000,TC,0.710257538683613,0.710257538683613,14.352700094407323,14.352700094407323,1.0,0.0,0.0,0.5516669948152524,0.9999631796162356
baseline,3,BraTS-GLI-01479-000,ET,0.8253042855681701,0.41265478070203476,5.656854249492381,189.82842712474618,1.0,1.0,0.0,0.7208808880351998,0.9997359266677182
baseline,3,BraTS-GLI-01419-000,WT,0.9388471202305565,0.9388471202305565,3.0,3.0,1.0,0.0,0.0,0.9187672405593075,0.9990724660290397
baseline,3,BraTS-GLI-01419-000,TC,0.7843075294470822,0.7843075294470822,11.180339887498949,11.180339887498949,1.0,0.0,0.0,0.6476866470081678,0.9999659939186732
baseline,3,BraTS-GLI-01419-000,ET,0.9196092063375901,0.9196092063375901,2.23606797749979,2.23606797749979,1.0,0.0,0.0,0.8898173063305481,0.9997835832535978
baseline,3,BraTS-GLI-01452-000,WT,0.9272787497365172,0.9272787497365172,1.4142135623730951,1.4142135623730951,1.0,0.0,0.0,0.9898743128998039,0.9994925193531089
baseline,3,BraTS-GLI-01452-000,TC,0.9033215386371419,0.9033215386371419,1.0,1.0,1.0,0.0,0.0,0.8274780426599749,0.9999975345217387
baseline,3,BraTS-GLI-01452-000,ET,0.8875916035275121,0.8875916035275121,1.0,1.0,1.0,0.0,0.0,0.8049110159945934,0.9999956295474419
baseline,3,BraTS-GLI-01466-000,WT,0.9671063333694827,0.9671063333694827,1.4142135623730951,1.4142135623730951,1.0,0.0,0.0,0.9638789434574073,0.9995035290553385
baseline,3,BraTS-GLI-01466-000,TC,0.9564814252678172,0.9564814252678172,1.7320508075688772,1.7320508075688772,1.0,0.0,0.0,0.9243562117300677,0.9999101226158439
baseline,3,BraTS-GLI-01466-000,ET,0.916326753587297,0.916326753587297,1.0,1.0,1.0,0.0,0.0,0.8614249520679266,0.9998765443790825
baseline,3,BraTS-GLI-01427-000,WT,0.9304727098913573,0.9304727098913573,2.0,2.0,1.0,0.0,0.0,0.9263033715662269,0.9992602349552692
baseline,3,BraTS-GLI-01427-000,TC,0.9551155612436949,0.9551155612436949,1.4142135623730951,1.4142135623730951,1.0,0.0,0.0,0.9435090433127082,0.9998783502039039
baseline,3,BraTS-GLI-01427-000,ET,0.8894429160935351,0.8894429160935351,1.4142135623730951,1.4142135623730951,1.0,0.0,0.0,0.8923966015439686,0.9997025204235058
baseline,3,BraTS-GLI-01409-000,WT,0.9565838295484973,0.19141927664731773,1.0,299.4,1.0,4.0,0.0,0.9693766797601819,0.9997502616627804
baseline,3,BraTS-GLI-01409-000,TC,0.9766238401142041,0.6475419381072433,1.0,125.33333333333333,2.0,0.0,1.0,0.973600882342477,0.9999361790079948
baseline,3,BraTS-GLI-01409-000,ET,0.9721929721929722,0.6438789918031361,1.0,125.33333333333333,2.0,0.0,1.0,0.9681528662420382,0.9999319273370378
baseline,3,BraTS-GLI-01458-000,WT,0.9570149100520954,0.9570149100520954,11.180339887498949,11.180339887498949,1.0,0.0,0.0,0.9268009808469746,0.9999315488984447
baseline,3,BraTS-GLI-01458-000,TC,0.9034128279457261,0.9034128279457261,2.8284271247461903,2.8284271247461903,1.0,0.0,0.0,0.9486608855805387,0.9993336638576599
baseline,3,BraTS-GLI-01458-000,ET,0.7786413043478261,0.7786413043478261,2.0,2.0,1.0,0.0,0.0,0.8379832719190501,0.9993966941397522
baseline,3,BraTS-GLI-01444-000,WT,0.9370926935183481,0.9370926935183481,2.0,2.0,1.0,0.0,0.0,0.8930119450373691,0.9997521636592014
baseline,3,BraTS-GLI-01444-000,TC,0.9574508174009421,0.9574508174009421,1.4142135623730951,1.4142135623730951,1.0,0.0,0.0,0.9572068079071004,0.9997852047017205
baseline,3,BraTS-GLI-01444-000,ET,0.94785912046874,0.94785912046874,1.0,1.0,1.0,0.0,0.0,0.9475540679711637,0.9997736569034644
baseline,3,BraTS-GLI-01471-000,WT,0.9641690021145499,0.9641690021145499,3.0,3.0,1.0,0.0,0.0,0.9500251718414323,0.9995256307764335
baseline,3,BraTS-GLI-01471-000,TC,0.9689522454332713,0.9689522454332713,1.4142135623730951,1.4142135623730951,1.0,0.0,0.0,0.9652701871840416,0.9996394237317068
baseline,3,BraTS-GLI-01471-000,ET,0.9235559926014376,0.9235559926014376,1.0,1.0,1.0,0.0,0.0,0.909005714988017,0.9995631230742776
baseline,3,BraTS-GLI-01480-000,WT,0.8183909535689985,0.8183909535689985,5.830951894845301,5.830951894845301,1.0,0.0,0.0,0.7278962536023055,0.9998011986551674
baseline,3,BraTS-GLI-01480-000,TC,0.022520886305848167,0.022520886305848167,30.479501308256342,30.479501308256342,1.0,0.0,0.0,0.011745761106374918,0.9999628817363901
baseline,3,BraTS-GLI-01480-000,ET,0.0,0.0,374.0,374.0,0.0,1.0,0.0,0.0,0.999999775985663
baseline,3,BraTS-GLI-01517-000,WT,0.9143021111373479,0.9143021111373479,3.605551275463989,3.605551275463989,1.0,0.0,0.0,0.9647089990475529,0.9973685954017014
baseline,3,BraTS-GLI-01517-000,TC,0.7716985080874219,0.3870904850816218,15.0,193.96419413859206,1.0,0.0,1.0,0.7901729680085718,0.998100346735239
baseline,3,BraTS-GLI-01517-000,ET,0.0,0.0,374.0,374.0,0.0,20.0,0.0,0.0,0.9998463261648746
baseline,3,BraTS-GLI-01534-000,WT,0.9059709332866398,0.9059709332866398,3.7416573867739413,3.7416573867739413,1.0,0.0,0.0,0.8632239612298404,0.9996989305774971
baseline,3,BraTS-GLI-01534-000,TC,0.8070355020722025,0.8070355020722025,8.660254037844387,8.660254037844387,1.0,0.0,0.0,0.7060635184133502,0.9997747184318151
baseline,3,BraTS-GLI-01534-000,ET,0.0,0.0,374.0,374.0,0.0,6.0,0.0,0.0,0.9999553091397849
baseline,3,BraTS-GLI-01494-000,WT,0.9606535442124959,0.9606535442124959,4.123105625617661,4.123105625617661,1.0,0.0,0.0,0.9595451769017526,0.9991636193773377
baseline,3,BraTS-GLI-01494-000,TC,0.6499492323313129,0.21670975419590463,9.219544457292887,252.40651481909762,1.0,2.0,0.0,0.999621427219383,0.9948803340544892
baseline,3,BraTS-GLI-01494-000,ET,0.0,0.0,374.0,374.0,0.0,13.0,0.0,0.0,0.9999217069892473
baseline,3,BraTS-GLI-01536-000,WT,0.8675225205622525,0.867530071196059,3.0,3.0,1.0,0.0,0.0,0.9995788038028,0.9982879300646464
baseline,3,BraTS-GLI-01536-000,TC,0.36258015843078084,0.36258015843078084,13.601470508735444,13.601470508735444,1.0,0.0,0.0,0.22295416589348674,0.9999917014514161
baseline,3,BraTS-GLI-01536-000,ET,0.7953906689151209,0.7953906689151209,2.0,2.0,1.0,0.0,0.0,0.6760630673674152,0.9999943983283716
baseline,3,BraTS-GLI-01493-000,WT,0.9240568670584759,0.9240568670584759,4.242640687119285,4.242640687119285,1.0,0.0,0.0,0.9137543668264049,0.999443678617521
baseline,3,BraTS-GLI-01493-000,TC,0.7688222799150343,0.7688222799150343,8.06225774829855,8.06225774829855,1.0,0.0,0.0,0.7013672085262138,0.9994853132053605
baseline,3,BraTS-GLI-01493-000,ET,0.8979832593674513,0.8979832593674513,1.4142135623730951,1.4142135623730951,1.0,0.0,0.0,0.8743094678116283,0.9998502758280651
baseline,3,BraTS-GLI-01524-000,WT,0.9548506885347362,0.9548506885347362,5.385164807134504,5.385164807134504,1.0,0.0,0.0,0.9230900729951963,0.9998621042818493
baseline,3,BraTS-GLI-01524-000,TC,0.927681039331789,0.927681039331789,4.69041575982343,4.69041575982343,1.0,0.0,0.0,0.9173115797280001,0.9994296954331652
baseline,3,BraTS-GLI-01524-000,ET,0.0,0.0,374.0,374.0,0.0,22.0,0.0,0.0,0.9999198028673835
baseline,3,BraTS-GLI-01510-000,WT,0.946282532304251,0.946282532304251,4.47213595499958,4.47213595499958,1.0,0.0,0.0,0.9511565048915254,0.9991572924253221
baseline,3,BraTS-GLI-01510-000,TC,0.8829366374639318,0.8829366374639318,4.0,4.0,1.0,0.0,0.0,0.9441272145978472,0.9984271213509187
baseline,3,BraTS-GLI-01510-000,ET,0.0,0.0,374.0,374.0,0.0,54.0,0.0,0.0,0.999900873655914
baseline,3,BraTS-GLI-01525-000,WT,0.8293552939716807,0.8293552939716807,14.071247279470288,14.071247279470288,1.0,0.0,0.0,0.7136603854161107,0.9999690682246983
baseline,3,BraTS-GLI-01525-000,TC,0.8014428031604259,0.8014428031604259,4.69041575982343,4.69041575982343,1.0,0.0,0.0,0.677541142303969,0.9999846372426878
baseline,3,BraTS-GLI-01525-000,ET,0.8477377404497426,0.8477377404497426,5.0,5.0,1.0,0.0,0.0,0.7487437185929648,0.9999834074058129
baseline,3,BraTS-GLI-01527-000,WT,0.9696420274910196,0.9696420274910196,1.4142135623730951,1.4142135623730951,1.0,0.0,0.0,0.977618334913798,0.9996155183099366
baseline,3,BraTS-GLI-01527-000,TC,0.9412769936400203,0.9412769936400203,2.0,2.0,1.0,0.0,0.0,0.9398905344494527,0.9995994757429607
baseline,3,BraTS-GLI-01527-000,ET,0.29553264604810997,0.039160839160839164,30.675723300355934,337.0582575694956,1.0,9.0,0.0,0.36134453781512604,0.9999855508826787
baseline,3,BraTS-GLI-01512-000,WT,0.9257392616637481,0.9257491466544226,13.490737563232042,13.45362404707371,1.0,0.0,0.0,0.8799556117926475,0.9996443138680121
baseline,3,BraTS-GLI-01512-000,TC,0.9055007776129592,0.9055054253539055,5.0,5.0,1.0,0.0,0.0,0.9363409585478478,0.9985947149554637
baseline,3,BraTS-GLI-01512-000,ET,0.014925373134328358,0.0,21.540659228538015,374.0,0.0,8.0,0.0,0.03125,0.9999886872354381
baseline,3,BraTS-GLI-01498-000,WT,0.8854080791426217,0.2951493957129138,5.916079783099616,251.30535992769987,1.0,2.0,0.0,0.8197098045793844,0.998898599929895
baseline,3,BraTS-GLI-01498-000,TC,0.6374531666140026,0.38475839425993175,21.95449840010015,132.95038089009714,2.0,1.0,0.0,0.4729909648895104,0.9998507136850822
baseline,3,BraTS-GLI-01498-000,ET,0.8593129179184029,0.828180248801799,15.427248620541512,8.08287544405155,2.0,0.0,0.0,0.9024961196916109,0.9991245062972658
distmap,1,BraTS-GLI-00000-000,WT,0.9584159806210395,0.31973858735275773,2.23606797749979,250.07868932583327,1.0,2.0,0.0,0.9527964401012128,0.9997708184082532
distmap,1,BraTS-GLI-00000-000,TC,0.9816528078114899,0.9816528078114899,1.0,1.0,1.0,0.0,0.0,0.9902179046077042,0.9998636803316159
distmap,1,BraTS-GLI-00000-000,ET,0.9612377606697062,0.9612377606697062,1.0,1.0,1.0,0.0,0.0,0.9822797959121322,0.9997736999297042
distmap,1,BraTS-GLI-00036-001,WT,0.9806315335214723,0.9806315335214723,1.0,1.0,1.0,0.0,0.0,0.976970204388729,0.999685644153524
distmap,1,BraTS-GLI-00036-001,TC,0.9739667161496992,0.9739667161496992,2.449489742783178,2.449489742783178,1.0,0.0,0.0,0.9850805240782008,0.9997306177618329
distmap,1,BraTS-GLI-00036-001,ET,0.9603166254667859,0.9603166254667859,1.0,1.0,1.0,0.0,0.0,0.968184107961927,0.9997955070721596
distmap,1,BraTS-GLI-00017-001,WT,0.9661756479582323,0.9663486285070607,1.4142135623730951,1.4142135623730951,1.0,0.0,0.0,0.9762898874033432,0.9996657509989385
distmap,1,BraTS-GLI-00017-001,TC,0.0,0.0,374.0,374.0,0.0,1.0,0.0,0.0,0.996859879032258
distmap,1,BraTS-GLI-00017-001,ET,0.0,0.0,374.0,374.0,0.0,1.0,0.0,0.0,0.9999995519713262
distmap,1,BraTS-GLI-00066-000,WT,0.9792315815548284,0.9792315815548284,1.0,1.0,1.0,0.0,0.0,0.9700625096864184,0.9999511771811594
distmap,1,BraTS-GLI-00066-000,TC,0.984303729541186,0.984303729541186,0.0,0.0,1.0,0.0,0.0,0.9735934182590233,0.9999960764372795
distmap,1,BraTS-GLI-00066-000,ET,0.9584165607408752,0.9584165607408752,1.0,1.0,1.0,0.0,0.0,0.9316857899382172,0.9999920424418047
distmap,1,BraTS-GLI-00014-001,WT,0.9471423941227312,0.9471423941227312,3.0,3.0,1.0,0.0,0.0,0.9084715025906736,0.999957139964452
distmap,1,BraTS-GLI-00014-001,TC,0.24728401448525608,0.24735866143430074,11.704699910719626,11.575836902790225,1.0,0.0,0.0,0.141086186540732,1.0
distmap,1,BraTS-GLI-00014-001,ET,0.1640381399972886,0.16409004610794684,12.727922061357855,12.68857754044952,1.0,0.0,0.0,0.0893472482032096,1.0
distmap,1,BraTS-GLI-00045-001,WT,0.9748799821368762,0.9749017506252233,1.0,1.0,1.0,0.0,0.0,0.9640948637548028,0.9999649649082007
distmap,1,BraTS-GLI-00045-001,TC,0.9756906782364576,0.9756906782364576,1.0,1.0,1.0,0.0,0.0,0.9937613724980504,0.9999626694420573
distmap,1,BraTS-GLI-00045-001,ET,0.9584135815678722,0.9584135815678722,1.0,1.0,1.0,0.0,0.0,0.9949644549763034,0.9999384615246656
distmap,1,BraTS-GLI-00059-001,WT,0.9700673042862203,0.9700673042862203,1.0,1.0,1.0,0.0,0.0,0.9697237960339944,0.9998495972448377
distmap,1,BraTS-GLI-00059-001,TC,0.9779470180533106,0.9779738096542655,1.0,1.0,1.0,0.0,0.0,0.9627292340884573,0.9999872046117273
distmap,1,BraTS-GLI-00059-001,ET,0.9596371882086168,0.9596682756163141,1.0,1.0,1.0,0.0,0.0,0.9308112863696348,0.9999837299613435
distmap,1,BraTS-GLI-00032-000,WT,0.9642811612678913,0.9642811612678913,1.4142135623730951,1.4142135623730951,1.0,0.0,0.0,0.9414979688366356,0.9998875518163832
distmap,1,BraTS-GLI-00032-000,TC,0.9634447554750535,0.9634447554750535,1.0,1.0,1.0,0.0,0.0,0.9687086092715231,0.9999427989483979
distmap,1,BraTS-GLI-00032-000,ET,0.9359147531142128,0.9359147531142128,1.0,1.0,1.0,0.0,0.0,0.9359615769461677,0.9999281229458693
distmap,1,BraTS-GLI-00026-000,WT,0.9088901653897513,0.9088901653897513,4.47213595499958,4.47213595499958,1.0,0.0,0.0,0.8513192464643077,0.9998222762996074
distmap,1,BraTS-GLI-00026-000,TC,0.9490032241950865,0.9490032241950865,1.0,1.0,1.0,0.0,0.0,0.9327521052161752,0.9998753147066922
distmap,1,BraTS-GLI-00026-000,ET,0.9344374531346787,0.9344374531346787,1.0,1.0,1.0,0.0,0.0,0.9254165052305308,0.999807576192859
distmap,1,BraTS-GLI-00054-000,WT,0.9407299035208116,0.9407299035208116,2.8284271247461903,2.8284271247461903,1.0,0.0,0.0,0.9310451207133332,0.9994494486216617
distmap,1,BraTS-GLI-00054-000,TC,0.9124307699700854,0.9124307699700854,3.605551275463989,3.605551275463989,1.0,0.0,0.0,0.8489794093317534,0.999879165590886
distmap,1,BraTS-GLI-00054-000,ET,0.7898953341396212,0.7898953341396212,2.449489742783178,2.449489742783178,1.0,0.0,0.0,0.7778076254947259,0.9987942058310258
distmap,1,BraTS-GLI-00043-000,WT,0.9818264333619081,0.9818264333619081,1.0,1.0,1.0,0.0,0.0,0.9861627447603805,0.9997465252266861
distmap,1,BraTS-GLI-00043-000,TC,0.8362226701814235,0.8362745402102782,5.0,5.0,1.0,0.0,0.0,0.727380631238198,0.9999744092378162
distmap,1,BraTS-GLI-00043-000,ET,0.4239502550129253,0.4240095031793725,14.45683229480096,14.45683229480096,1.0,0.0,0.0,0.2694733102406963,0.9999977570280442
distmap,1,BraTS-GLI-00030-000,WT,0.950059243199637,0.4752672532295288,2.8284271247461903,188.4142135623731,1.0,0.0,1.0,0.9581511237669074,0.9992113510958678
distmap,1,BraTS-GLI-00030-000,TC,0.9529369387273473,0.9530553174573597,1.4142135623730951,1.4142135623730951,1.0,0.0,0.0,0.9735052278956451,0.9996911773242928
distmap,1,BraTS-GLI-00030-000,ET,0.9076296764231067,0.9077889711818596,1.4142135623730951,1.4142135623730951,1.0,0.0,0.0,0.9513334559499724,0.9995572315568855
distmap,1,BraTS-GLI-00095-001,WT,0.9860161507122809,0.9860161507122809,1.0,1.0,1.0,0.0,0.0,0.9792314866013584,0.9998045054021213
distmap,1,BraTS-GLI-00095-001,TC,0.9868231512229146,0.9868231512229146,1.0,1.0,1.0,0.0,0.0,0.9823593933965966,0.999903269217286
distmap,1,BraTS-GLI-00095-001,ET,0.9584457762357037,0.9584457762357037,1.0,1.0,1.0,0.0,0.0,0.9310681374551727,0.9999414674251588
distmap,1,BraTS-GLI-00072-000,WT,0.9297651856846405,0.18698983622097004,16.278820596099706,302.50454232837166,1.0,4.0,0.0,0.9557744848656142,0.9991593344205625
distmap,1,BraTS-GLI-00072-000,TC,0.977891642510105,0.977891642510105,1.0,1.0,1.0,0.0,0.0,0.9625454618522314,0.9999659842223109
distmap,1,BraTS-GLI-00072-000,ET,0.9420904382590787,0.9420904382590787,1.0,1.0,1.0,0.0,0.0,0.9307022530744143,0.9998304585298529
distmap,1,BraTS-GLI-00113-000,WT,0.8161071011410944,0.8161071011410944,7.681145747868608,7.681145747868608,1.0,0.0,0.0,0.711202171529989,0.9998633247563524
distmap,1,BraTS-GLI-00113-000,TC,0.8681465632522065,0.8681465632522065,1.4142135623730951,1.4142135623730951,1.0,0.0,0.0,0.7932551319648093,0.9999921577010144
distmap,1,BraTS-GLI-00113-000,ET,0.8159744408945687,0.8159744408945687,1.4142135623730951,1.4142135623730951,1.0,0.0,0.0,0.7683513838748496,0.9999786026475806
distmap,1,BraTS-GLI-00090-000,WT,0.9595541216902536,0.9595541216902536,1.4142135623730951,1.4142135623730951,1.0,0.0,0.0,0.9336918113381472,0.9998628595760198
distmap,1,BraTS-GLI-00090-000,TC,0.9576713819368879,0.9576713819368879,1.0,1.0,1.0,0.0,0.0,0.9717345699458982,0.9999414728852959
distmap,1,BraTS-GLI-00090-000,ET,0.9348420316572373,0.9348420316572373,1.0,1.0,1.0,0.0,0.0,0.9398006134969326,0.9999378936020993
distmap,1,BraTS-GLI-00077-000,WT,0.9596903542565975,0.4798538387946084,3.0,188.5,1.0,1.0,0.0,0.9435396363415104,0.9994849258634565
distmap,1,BraTS-GLI-00077-000,TC,0.9835052451389193,0.9835052451389193,1.0,1.0,1.0,0.0,0.0,0.9735488355926312,0.9999597540601051
distmap,1,BraTS-GLI-00077-000,ET,0.9663404548587181,0.9663404548587181,1.0,1.0,1.0,0.0,0.0,0.9495354443752201,0.9999348785744099
distmap,1,BraTS-GLI-00110-000,WT,0.9727282161642534,0.9727282161642534,1.0,1.0,1.0,0.0,0.0,0.9813202556755566,0.9996268074041049
distmap,1,BraTS-GLI-00110-000,TC,0.970874420427088,0.970874420427088,1.0,1.0,1.0,0.0,0.0,0.9491189989785496,0.9999893406173196
distmap,1,BraTS-GLI-00110-000,ET,0.9817658670413865,0.9817658670413865,1.0,1.0,1.0,0.0,0.0,0.9722995361166336,0.9999857510061249
distmap,1,BraTS-GLI-00088-000,WT,0.9690485660711242,0.9690485660711242,2.23606797749979,2.23606797749979,1.0,0.0,0.0,0.9531717833047227,0.9997999489932413
distmap,1,BraTS-GLI-00088-000,TC,0.9779173122400717,0.9779173122400717,1.0,1.0,1.0,0.0,0.0,0.9694113462564468,0.9999079645307032
distmap,1,BraTS-GLI-00088-000,ET,0.9437684518389758,0.9437684518389758,1.0,1.0,1.0,0.0,0.0,0.9309002830394077,0.9998271335343398
distmap,1,BraTS-GLI-00097-000,WT,0.9628146592768025,0.9628146592768025,2.23606797749979,2.23606797749979,1.0,0.0,0.0,0.9407190057014719,0.9999368675572505
distmap,1,BraTS-GLI-00097-000,TC,0.9757766232655591,0.9757766232655591,1.0,1.0,1.0,0.0,0.0,0.9808725553406404,0.9999227377344749
distmap,1,BraTS-GLI-00097-000,ET,0.9488935387736985,0.9488935387736985,1.0,1.0,1.0,0.0,0.0,0.9548876978050026,0.9998984552633161
distmap,1,BraTS-GLI-00111-000,WT,0.8917918771734138,0.8917918771734138,3.605551275463989,3.605551275463989,1.0,0.0,0.0,0.8054590923636709,0.999982190264148
distmap,1,BraTS-GLI-00111-000,TC,0.8456987072904028,0.8457620517122569,6.0,5.916079783099616,1.0,0.0,0.0,0.7526930460750854,0.9998845958650676
distmap,1,BraTS-GLI-00111-000,ET,0.5937685108399479,0.11933333333333333,8.602325267042627,301.04390889145856,1.0,4.0,0.0,0.8496355314460078,0.9993307630119856
distmap,1,BraTS-GLI-00094-000,WT,0.9729858244279288,0.9729858244279288,1.7320508075688772,1.7320508075688772,1.0,0.0,0.0,0.9701908866995074,0.9995541662863923
distmap,1,BraTS-GLI-00094-000,TC,0.9584752549249906,0.9584752549249906,2.23606797749979,2.23606797749979,1.0,0.0,0.0,0.9462100369983872,0.9996971628746364
distmap,1,BraTS-GLI-00094-000,ET,0.8135511696140835,0.8135511696140835,1.7320508075688772,1.7320508075688772,1.0,0.0,0.0,0.7395283761331507,0.9996972011514227
distmap,1,BraTS-GLI-00074-000,WT,0.9738081495051907,0.9224928430938293,1.4142135623730951,2.0,2.0,0.0,0.0,0.9614092851165045,0.9997274299664226
distmap,1,BraTS-GLI-00074-000,TC,0.9554196099638355,0.5845947542747647,2.0,125.71542145664732,2.0,1.0,0.0,0.9413671380680683,0.9998518511347066
distmap,1,BraTS-GLI-00074-000,ET,0.9187767390270956,0.5353691578475374,1.0,125.47140452079104,2.0,1.0,0.0,0.9001490312965723,0.9997852917424328
distmap,1,BraTS-GLI-00098-001,WT,0.9836625932707199,0.9836625932707199,1.0,1.0,1.0,0.0,0.0,0.9744171272473159,0.9998782294007587
distmap,1,BraTS-GLI-00098-001,TC,0.9679975831325132,0.9679975831325132,3.3166247903554,3.3166247903554,1.0,0.0,0.0,0.9506389203212541,0.9998895605843758
distmap,1,BraTS-GLI-00098-001,ET,0.9799270072992701,0.9799270072992701,1.0,1.0,1.0,0.0,0.0,0.9782195469665769,0.9998697104413262
distmap,1,BraTS-GLI-00120-000,WT,0.9718202176518114,0.4861790029350969,1.0,187.5,1.0,1.0,0.0,0.978735255570118,0.9996322048245674
distmap,1,BraTS-GLI-00120-000,TC,0.9695479410559327,0.9695479410559327,1.0,1.0,1.0,0.0,0.0,0.9609183222958058,0.9998641698722013
distmap,1,BraTS-GLI-00120-000,ET,0.9106926631576346,0.9106926631576346,2.23606797749979,2.23606797749979,1.0,0.0,0.0,0.9326567798754871,0.999486189211526
distmap,1,BraTS-GLI-00151-000,WT,0.9566183805351954,0.9566183805351954,2.449489742783178,2.449489742783178,1.0,0.0,0.0,0.945176202132959,0.9993400303455626
distmap,1,BraTS-GLI-00151-000,TC,0.9394069751170034,0.9394069751170034,5.385164807134504,5.385164807134504,1.0,0.0,0.0,0.953737029319526,0.9991741177211129
distmap,1,BraTS-GLI-00151-000,ET,0.9071390953961469,0.9071390953961469,3.1622776601683795,3.1622776601683795,1.0,0.0,0.0,0.9374501639053778,0.9988448400501255
distmap,1,BraTS-GLI-00195-000,WT,0.9846836438894047,0.9846836438894047,1.0,1.0,1.0,0.0,0.0,0.9868168709956956,0.9998607976172346
distmap,1,BraTS-GLI-00195-000,TC,0.9861969509682735,0.9861969509682735,0.0,0.0,1.0,0.0,0.0,0.9915078707539354,0.9999895776972584
distmap,1,BraTS-GLI-00195-000,ET,0.9396902120180161,0.9396902120180161,2.449489742783178,2.449489742783178,1.0,0.0,0.0,0.9796152084287677,0.9999484514940886
distmap,1,BraTS-GLI-00124-000,WT,0.8820149402737677,0.8820149402737677,15.7797338380595,15.7797338380595,1.0,0.0,0.0,0.7903621574953424,0.9999635509550793
distmap,1,BraTS-GLI-00124-000,TC,0.9573005727567029,0.9573005727567029,2.0,2.0,1.0,0.0,0.0,0.9955714396705773,0.9988907374706386
distmap,1,BraTS-GLI-00124-000,ET,0.4744393522761992,0.4744393522761992,11.180339887498949,11.180339887498949,1.0,0.0,0.0,0.9952826560697347,0.9903449152575741
distmap,1,BraTS-GLI-00194-000,WT,0.9780747153476993,0.9780747153476993,1.0,1.0,1.0,0.0,0.0,0.984632549523188,0.9998460671739431
distmap,1,BraTS-GLI-00194-000,TC,0.9811362875320906,0.9811362875320906,1.0,1.0,1.0,0.0,0.0,0.9886560832958416,0.9999067088896987
distmap,1,BraTS-GLI-00194-000,ET,0.9541051388068518,0.9541051388068518,1.0,1.0,1.0,0.0,0.0,0.9586919104991394,0.9999037161417195
distmap,1,BraTS-GLI-00137-000,WT,0.9591565087237721,0.9591565087237721,1.4142135623730951,1.4142135623730951,1.0,0.0,0.0,0.93235835735876,0.9997493633703775
distmap,1,BraTS-GLI-00137-000,TC,0.9719808615776125,0.9719808615776125,1.0,1.0,1.0,0.0,0.0,0.9792950845582424,0.9997704895820194
distmap,1,BraTS-GLI-00137-000,ET,0.9558958067337563,0.9558958067337563,1.0,1.0,1.0,0.0,0.0,0.9556364074937685,0.9997544561699758
distmap,1,BraTS-GLI-00128-000,WT,0.9737909134413848,0.9737909134413848,1.0,1.0,1.0,0.0,0.0,0.9930241883620461,0.9993016007928304
distmap,1,BraTS-GLI-00128-000,TC,0.9458985382631127,0.3154043763475389,2.23606797749979,250.07868932583327,1.0,2.0,0.0,0.916611118517531,0.9998912528816297
distmap,1,BraTS-GLI-00128-000,ET,0.9263603103349853,0.3089029924679966,2.0,250.0,1.0,2.0,0.0,0.8825957972805933,0.9998956967893289
distmap,1,BraTS-GLI-00199-000,WT,0.980902337863249,0.49193057552753905,1.4142135623730951,187.5,1.0,0.0,1.0,0.9752834316780481,0.9998870386446445
distmap,1,BraTS-GLI-00199-000,TC,0.9879028447216709,0.9880189994564832,1.0,1.0,1.0,0.0,0.0,0.9858530604545883,0.9999522822800246
distmap,1,BraTS-GLI-00199-000,ET,0.9708887760284408,0.9710256827048115,0.0,0.0,1.0,0.0,0.0,0.9650660312588345,0.9999362029930905
distmap,1,BraTS-GLI-00192-000,WT,0.9706352235936152,0.4926660543085137,66.87301398920195,187.5,1.0,0.0,1.0,0.9609484351380102,0.999923304242175
distmap,1,BraTS-GLI-00192-000,TC,0.9776594273066814,0.9776594273066814,1.0,1.0,1.0,0.0,0.0,0.9977412296181266,0.9999311182966968
distmap,1,BraTS-GLI-00192-000,ET,0.9814383286460426,0.9814383286460426,0.0,0.0,1.0,0.0,0.0,0.9913961038961039,0.9999600703479712
distmap,1,BraTS-GLI-00171-000,WT,0.9181449912056602,0.9181449912056602,3.7416573867739413,3.7416573867739413,1.0,0.0,0.0,0.9164455601277387,0.9994330550986744
distmap,1,BraTS-GLI-00171-000,TC,0.9505042958535674,0.9505042958535674,6.164414002968976,6.164414002968976,1.0,0.0,0.0,0.9349279835390947,0.9999012446544034
distmap,1,BraTS-GLI-00171-000,ET,0.9231124985547462,0.9231124985547462,6.164414002968976,6.164414002968976,1.0,0.0,0.0,0.8800705467372134,0.9999184341514186
distmap,1,BraTS-GLI-00146-000,WT,0.9540041754096491,0.9540041754096491,8.246211251235321,8.246211251235321,1.0,0.0,0.0,0.973446297098311,0.9985778792398277
distmap,1,BraTS-GLI-00146-000,TC,0.9130320877926664,0.9130320877926664,4.47213595499958,4.47213595499958,1.0,0.0,0.0,0.9405943563139113,0.998642608104546
distmap,1,BraTS-GLI-00146-000,ET,0.6554781507283091,0.3277432266399828,2.449489742783178,188.22474487139158,1.0,1.0,0.0,0.9290510215073068,0.9971658901440863
distmap,1,BraTS-GLI-00142-000,WT,0.9507528049640064,0.9528249294302672,3.0,3.0275205091235833,2.0,0.0,0.0,0.928166138365915,0.9997560906903685
distmap,1,BraTS-GLI-00142-000,TC,0.9456961935829201,0.9483716908159338,1.7320508075688772,1.618033988749895,2.0,0.0,0.0,0.9356140841692978,0.9997572640014742
distmap,1,BraTS-GLI-00142-000,ET,0.8885836608851937,0.8935353778113955,1.0,1.0,2.0,0.0,0.0,0.9728363461846105,0.9992383731353434
distmap,1,BraTS-GLI-00259-000,WT,0.984977178918296,0.984977178918296,1.0,1.0,1.0,0.0,0.0,0.9739944173343775,0.9999582031003105
distmap,1,BraTS-GLI-00259-000,TC,0.9871839707062188,0.9871839707062188,1.0,1.0,1.0,0.0,0.0,0.9828370130668087,0.9999770878860397
distmap,1,BraTS-GLI-00259-000,ET,0.97703618040641,0.97703618040641,0.0,0.0,1.0,0.0,0.0,0.9659610610218216,0.9999804772832995
distmap,1,BraTS-GLI-00201-000,WT,0.9869889352073218,0.9869889352073218,1.0,1.0,1.0,0.0,0.0,0.9916839213457297,0.9996998934194542
distmap,1,BraTS-GLI-00201-000,TC,0.9808383313075764,0.9808383313075764,1.0,1.0,1.0,0.0,0.0,0.9786218870525242,0.9998563125716672
distmap,1,BraTS-GLI-00201-000,ET,0.9444945301882477,0.47225361967813123,1.0,187.5,1.0,1.0,0.0,0.9237247986524189,0.9998619798456829
distmap,1,BraTS-GLI-00282-000,WT,0.9663380199521615,0.9663380199521615,1.0,1.0,1.0,0.0,0.0,0.9467847956559017,0.9999246240922358
distmap,1,BraTS-GLI-00282-000,TC,0.9695529913701154,0.9695529913701154,1.0,1.0,1.0,0.0,0.0,0.9744664262742423,0.9999589582067832
distmap,1,BraTS-GLI-00282-000,ET,0.949535192563081,0.949535192563081,1.0,1.0,1.0,0.0,0.0,0.9735115732145068,0.9999302684407183
distmap,1,BraTS-GLI-00212-000,WT,0.8510697640280377,0.42554112871853966,4.123105625617661,189.06155281280883,1.0,1.0,0.0,0.7814559717485948,0.9995395202223134
distmap,1,BraTS-GLI-00212-000,TC,0.9822119102861562,0.4912009282537227,0.0,187.0,1.0,1.0,0.0,0.98145285935085,0.9999950702555803
distmap,1,BraTS-GLI-00212-000,ET,0.8880225254494261,0.44410745233968807,2.23606797749979,188.1180339887499,1.0,1.0,0.0,0.9706439393939394,0.9999490246796733
distmap,1,BraTS-GLI-00231-000,WT,0.9712079369949882,0.9712079369949882,5.830951894845301,5.830951894845301,1.0,0.0,0.0,0.9588871637570846,0.9998590766025459
distmap,1,BraTS-GLI-00231-000,TC,0.9707508240118347,0.9707508240118347,1.0,1.0,1.0,0.0,0.0,0.9779846258432254,0.999920753199309
distmap,1,BraTS-GLI-00231-000,ET,0.9236600469784326,0.9236600469784326,1.0,1.0,1.0,0.0,0.0,0.9297152068780226,0.9999129917549596
distmap,1,BraTS-GLI-00237-000,WT,0.9744355878886858,0.9744355878886858,1.0,1.0,1.0,0.0,0.0,0.9974733562567678,0.9997045753969895
distmap,1,BraTS-GLI-00237-000,TC,0.9742982299302699,0.9742982299302699,1.0,1.0,1.0,0.0,0.0,0.9904575816785568,0.9998944530946746
distmap,1,BraTS-GLI-00237-000,ET,0.9589830952692963,0.9589830952692963,1.0,1.0,1.0,0.0,0.0,0.9725175419944716,0.9998823686288807
distmap,1,BraTS-GLI-00253-000,WT,0.963882776205945,0.963882776205945,1.0,1.0,1.0,0.0,0.0,0.9871398164875065,0.999614859676259
distmap,1,BraTS-GLI-00253-000,TC,0.9806526133410338,0.9806526133410338,0.0,0.0,1.0,0.0,0.0,0.9915328467153285,0.9999882347338669
distmap,1,BraTS-GLI-00253-000,ET,0.977481534858584,0.977481534858584,0.0,0.0,1.0,0.0,0.0,0.9741472172351885,0.9999940617676997
distmap,1,BraTS-GLI-00270-000,WT,0.8536779765327844,0.8536779765327844,14.45683229480096,14.45683229480096,1.0,0.0,0.0,0.8687625775185839,0.9990864146753877
distmap,1,BraTS-GLI-00270-000,TC,0.9653179190751445,0.9653179190751445,1.0,1.0,1.0,0.0,0.0,0.9975283213182287,0.999962345114867
distmap,1,BraTS-GLI-00270-000,ET,0.9703287890938251,0.9703287890938251,1.0,1.0,1.0,0.0,0.0,0.9969104016477858,0.9999685088609453
distmap,1,BraTS-GLI-00249-000,WT,0.9854593447818145,0.9854593447818145,1.0,1.0,1.0,0.0,0.0,0.9900608657988921,0.9997115865253497
distmap,1,BraTS-GLI-00249-000,TC,0.9772894602707142,0.9772894602707142,5.0,5.0,1.0,0.0,0.0,0.9771708706133609,0.9998425479797248
distmap,1,BraTS-GLI-00249-000,ET,0.9607503250170247,0.9607503250170247,1.0,1.0,1.0,0.0,0.0,0.9348513598987982,0.9999580653818034
distmap,1,BraTS-GLI-00280-000,WT,0.8541375745815274,0.21516546972936426,8.12403840463596,282.02069063257454,1.0,2.0,1.0,0.7682194819599399,0.9998945753036916
distmap,1,BraTS-GLI-00280-000,TC,0.9268335452194116,0.9268335452194116,2.0,2.0,1.0,0.0,0.0,0.8861597786905859,0.999965119165157
distmap,1,BraTS-GLI-00280-000,ET,0.867475317348378,0.867475317348378,1.4142135623730951,1.4142135623730951,1.0,0.0,0.0,0.7992514814429774,0.9999531305065348
distmap,1,BraTS-GLI-00266-000,WT,0.9789583450763768,0.9789583450763768,1.0,1.0,1.0,0.0,0.0,0.9903856571796787,0.9993396275888056
distmap,1,BraTS-GLI-00266-000,TC,0.9789606590576675,0.9789606590576675,1.0,1.0,1.0,0.0,0.0,0.9719016059771142,0.9998754439991925
distmap,1,BraTS-GLI-00266-000,ET,0.9530392213998484,0.9530392213998484,1.0,1.0,1.0,0.0,0.0,0.9565736212826692,0.9997554376849481
distmap,1,BraTS-GLI-00291-000,WT,0.9507251236482521,0.6307989747615922,2.0,125.80473785412437,2.0,1.0,0.0,0.9870152475109657,0.9994214562617777
distmap,1,BraTS-GLI-00291-000,TC,0.9366465361387852,0.9522685597901915,2.0,1.0,3.0,0.0,0.0,0.979248773425561,0.99984420508533
distmap,1,BraTS-GLI-00291-000,ET,0.934177517620356,0.9495998027309405,2.0,1.0,3.0,0.0,0.0,0.9728788255785021,0.999851277649487
distmap,1,BraTS-GLI-00340-000,WT,0.8327288901053784,0.8327288901053784,5.385164807134504,5.385164807134504,1.0,0.0,0.0,0.7374113797491365,0.9998750982856199
distmap,1,BraTS-GLI-00340-000,TC,0.9622024350354352,0.9622024350354352,1.0,1.0,1.0,0.0,0.0,0.9526808204390068,0.9999656830794255
distmap,1,BraTS-GLI-00340-000,ET,0.9615259965739155,0.9615259965739155,1.4142135623730951,1.4142135623730951,1.0,0.0,0.0,0.9578452172308828,0.9999580583905704
distmap,1,BraTS-GLI-00297-000,WT,0.9275395880199374,0.46377235108922793,3.605551275463989,188.802775637732,1.0,1.0,0.0,0.9102645960716411,0.9994510839394517
distmap,1,BraTS-GLI-00297-000,TC,0.926550825200849,0.926550825200849,6.164414002968976,6.164414002968976,1.0,0.0,0.0,0.998100010439503,0.9991567667274205
distmap,1,BraTS-GLI-00297-000,ET,0.8262824259317538,0.8262824259317538,4.47213595499958,4.47213595499958,1.0,0.0,0.0,0.9753237104648694,0.9991847712622834
distmap,1,BraTS-GLI-00377-000,WT,0.9750268313390039,0.16283835481575412,1.0,311.8333333333333,1.0,5.0,0.0,0.9945101627344618,0.9998436621583074
distmap,1,BraTS-GLI-00377-000,TC,0.9752027344011795,0.9752027344011795,1.0,1.0,1.0,0.0,0.0,0.9761840869448544,0.99995680512289
distmap,1,BraTS-GLI-00377-000,ET,0.9482193881106697,0.9482193881106697,2.0,2.0,1.0,0.0,0.0,0.9728299728299729,0.9998759257052996
distmap,1,BraTS-GLI-00320-000,WT,0.8414499136956134,0.8414499136956134,6.708203932499369,6.708203932499369,1.0,0.0,0.0,0.8967800867778032,0.998959227386934
distmap,1,BraTS-GLI-00320-000,TC,0.9256044192553268,0.9256044192553268,2.449489742783178,2.449489742783178,1.0,0.0,0.0,0.8992194034011709,0.9999648014656939
distmap,1,BraTS-GLI-00320-000,ET,0.811879181025745,0.811879181025745,2.0,2.0,1.0,0.0,0.0,0.9268687803749132,0.9998274254374233
distmap,1,BraTS-GLI-00356-000,WT,0.9850946001736828,0.9850946001736828,1.0,1.0,1.0,0.0,0.0,0.9942811161881772,0.9999046462787367
distmap,1,BraTS-GLI-00356-000,TC,0.9799856154361251,0.9799856154361251,1.0,1.0,1.0,0.0,0.0,0.9872576454127523,0.9999380331450828
distmap,1,BraTS-GLI-00356-000,ET,0.9535014490246118,0.9535014490246118,1.0,1.0,1.0,0.0,0.0,0.9590185330200992,0.9999322604692622
distmap,1,BraTS-GLI-00299-000,WT,0.9271032200585465,0.9271032200585465,4.47213595499958,4.47213595499958,1.0,0.0,0.0,0.9821184798179826,0.9990863337379414
distmap,1,BraTS-GLI-00299-000,TC,0.8196814886694446,0.8196814886694446,3.1622776601683795,3.1622776601683795,1.0,0.0,0.0,0.8409463574607636,0.9997980819919408
distmap,1,BraTS-GLI-00299-000,ET,0.8369910282953761,0.8369910282953761,2.23606797749979,2.23606797749979,1.0,0.0,0.0,0.8501331837936352,0.9998550589309313
distmap,1,BraTS-GLI-00364-000,WT,0.989473404219948,0.989473404219948,1.0,1.0,1.0,0.0,0.0,0.9964240752149572,0.9998513554328798
distmap,1,BraTS-GLI-00364-000,TC,0.9938141740195309,0.9938141740195309,0.0,0.0,1.0,0.0,0.0,0.9919142534787514,0.9999847123883161
distmap,1,BraTS-GLI-00364-000,ET,0.9853306613226452,0.9853306613226452,0.0,0.0,1.0,0.0,0.0,0.9862398202752036,0.9999563072211134
distmap,1,BraTS-GLI-00353-000,WT,0.9111379264553899,0.4908462050474952,64.20280367709809,187.70710678118655,1.0,1.0,0.0,0.9923659321863366,0.9983292060745294
distmap,1,BraTS-GLI-00353-000,TC,0.9810132947163056,0.9810132947163056,1.4142135623730951,1.4142135623730951,1.0,0.0,0.0,0.9894512628055584,0.999845923476453
distmap,1,BraTS-GLI-00353-000,ET,0.98347221007658,0.98347221007658,0.0,0.0,1.0,0.0,0.0,0.9778407114820887,0.999951506264918
distmap,1,BraTS-GLI-00318-000,WT,0.938872716066743,0.938872716066743,2.23606797749979,2.23606797749979,1.0,0.0,0.0,0.915131755456274,0.9993285023569796
distmap,1,BraTS-GLI-00318-000,TC,0.956700419438207,0.956700419438207,2.0,2.0,1.0,0.0,0.0,0.9331955780555843,0.9999037119331322
distmap,1,BraTS-GLI-00318-000,ET,0.8924553827906373,0.8924553827906373,1.4142135623730951,1.4142135623730951,1.0,0.0,0.0,0.8537389639400064,0.9998114563736679
distmap,1,BraTS-GLI-00325-000,WT,0.9840351379046888,0.9840351379046888,1.0,1.0,1.0,0.0,0.0,0.9740013045940347,0.9999110200121909
distmap,1,BraTS-GLI-00325-000,TC,0.965996598603526,0.965996598603526,1.0,1.0,1.0,0.0,0.0,0.9669874167283494,0.9998133033207349
distmap,1,BraTS-GLI-00325-000,ET,0.9105737072292256,0.9105737072292256,2.8284271247461903,2.8284271247461903,1.0,0.0,0.0,0.8640058586598316,0.9998446050904491
distmap,1,BraTS-GLI-00336-000,WT,0.9833701513425995,0.9833701513425995,1.0,1.0,1.0,0.0,0.0,0.9876932829855848,0.9996513670465119
distmap,1,BraTS-GLI-00336-000,TC,0.9844883889695211,0.9844883889695211,1.0,1.0,1.0,0.0,0.0,0.9958403425600245,0.9998999472193477
distmap,1,BraTS-GLI-00336-000,ET,0.9570731982299389,0.9570731982299389,1.0,1.0,1.0,0.0,0.0,0.988932898415657,0.9998504067858085
distmap,1,BraTS-GLI-00347-000,WT,0.9791005731135729,0.9791005731135729,1.0,1.0,1.0,0.0,0.0,0.9748557719769235,0.9998368864081245
distmap,1,BraTS-GLI-00347-000,TC,0.983649974326406,0.983649974326406,1.0,1.0,1.0,0.0,0.0,0.9799160025845358,0.9999478115493041
distmap,1,BraTS-GLI-00347-000,ET,0.9526482269840892,0.9526482269840892,1.0,1.0,1.0,0.0,0.0,0.9703488372093023,0.9998451842072174
distmap,1,BraTS-GLI-00407-000,WT,0.9400461648156428,0.9400461648156428,1.7320508075688772,1.7320508075688772,1.0,0.0,0.0,0.9597680348770256,0.9988653745047653
distmap,1,BraTS-GLI-00407-000,TC,0.9444807315480078,0.9444807315480078,1.4142135623730951,1.4142135623730951,1.0,0.0,0.0,0.906118263643614,0.9999750854222111
distmap,1,BraTS-GLI-00407-000,ET,0.8902843601895735,0.8902843601895735,1.4142135623730951,1.4142135623730951,1.0,0.0,0.0,0.8600534147272033,0.9998941098016297
distmap,1,BraTS-GLI-00442-000,WT,0.9407030721500385,0.4756119340979945,12.36931687685298,128.07778182401128,2.0,0.0,1.0,0.8964344462721736,0.9999521558786241
distmap,1,BraTS-GLI-00442-000,TC,0.9716023376993618,0.9716023376993618,1.4142135623730951,1.4142135623730951,1.0,0.0,0.0,0.9881447118327373,0.9998398329136956
distmap,1,BraTS-GLI-00442-000,ET,0.9055185242598047,0.9055185242598047,2.0,2.0,1.0,0.0,0.0,0.8988305893214341,0.9998740325577045
distmap,1,BraTS-GLI-00479-001,WT,0.9854638016358068,0.9854638016358068,1.0,1.0,1.0,0.0,0.0,0.9802832832060873,0.9999190978552118
distmap,1,BraTS-GLI-00479-001,TC,0.9955733378734997,0.9955733378734997,0.0,0.0,1.0,0.0,0.0,0.9968462325264235,0.9999924856453395
distmap,1,BraTS-GLI-00479-001,ET,0.9910705121625782,0.9910705121625782,0.0,0.0,1.0,0.0,0.0,0.9902574094964619,0.9999911417588812
distmap,1,BraTS-GLI-00413-000,WT,0.9921898302088972,0.9921898302088972,0.0,0.0,1.0,0.0,0.0,0.9928918073381311,0.9999127585376973
distmap,1,BraTS-GLI-00413-000,TC,0.9929402115007177,0.9929402115007177,0.0,0.0,1.0,0.0,0.0,0.9875593625265857,0.9999938158311799
distmap,1,BraTS-GLI-00413-000,ET,0.9824235864130715,0.9824235864130715,0.0,0.0,1.0,0.0,0.0,0.9689226285288237,0.9999880878706091
distmap,1,BraTS-GLI-00410-000,WT,0.9119317084476032,0.7096974667155624,10.488088481701515,7.257705235515463,2.0,0.0,0.0,0.9108761912110807,0.999493024124616
distmap,1,BraTS-GLI-00410-000,TC,0.9887429643527205,0.9887429643527205,0.0,0.0,1.0,0.0,0.0,0.9844716870986573,0.9999933852312394
distmap,1,BraTS-GLI-00410-000,ET,0.973351682722382,0.973351682722382,1.0,1.0,1.0,0.0,0.0,0.9599012954966071,0.9999886769967584
distmap,1,BraTS-GLI-00477-001,WT,0.9796401465992504,0.9796401465992504,1.0,1.0,1.0,0.0,0.0,0.9777114613447729,0.9995945042155763
distmap,1,BraTS-GLI-00477-001,TC,0.9809584163196331,0.9809584163196331,1.0,1.0,1.0,0.0,0.0,0.9690998255995945,0.9999491023103375
distmap,1,BraTS-GLI-00477-001,ET,0.965752589884217,0.965752589884217,1.0,1.0,1.0,0.0,0.0,0.9416518122400476,0.9999439627154744
distmap,1,BraTS-GLI-00446-000,WT,0.9851942860962751,0.9851942860962751,1.0,1.0,1.0,0.0,0.0,0.988221692987121,0.9995550839067444
distmap,1,BraTS-GLI-00446-000,TC,0.9799381592423779,0.9799381592423779,2.0,2.0,1.0,0.0,0.0,0.9909679952876497,0.9996359677050217
distmap,1,BraTS-GLI-00446-000,ET,0.9680547823929068,0.9680547823929068,1.0,1.0,1.0,0.0,0.0,0.9684250077159459,0.9997277906233245
distmap,1,BraTS-GLI-00464-001,WT,0.9573301549463648,0.9573301549463648,1.0,1.0,1.0,0.0,0.0,0.936654538669652,0.9999757773698059
distmap,1,BraTS-GLI-00464-001,TC,0.9724891188305822,0.9724891188305822,1.0,1.0,1.0,0.0,0.0,0.9819237147595357,0.9999746692714726
distmap,1,BraTS-GLI-00464-001,ET,0.9615288325127264,0.9615288325127264,1.0,1.0,1.0,0.0,0.0,0.9771031207598372,0.9999634615332885
distmap,1,BraTS-GLI-00449-000,WT,0.988713746124722,0.9887338244751064,1.0,1.0,1.0,0.0,0.0,0.9932902945016684,0.9995955175721315
distmap,1,BraTS-GLI-00449-000,TC,0.9696097090738315,0.9696097090738315,2.23606797749979,2.23606797749979,1.0,0.0,0.0,0.9561036840245195,0.9998512312367376
distmap,1,BraTS-GLI-00449-000,ET,0.9296728339905072,0.9296728339905072,2.0,2.0,1.0,0.0,0.0,0.8775399662627482,0.9999248593905962
distmap,1,BraTS-GLI-00405-000,WT,0.978997731151766,0.978997731151766,1.0,1.0,1.0,0.0,0.0,0.9965322839480331,0.9993589975637126
distmap,1,BraTS-GLI-00405-000,TC,0.9778847104577963,0.9778847104577963,1.0,1.0,1.0,0.0,0.0,0.9870587843906983,0.9998928965701166
distmap,1,BraTS-GLI-00405-000,ET,0.9727765706877979,0.9727765706877979,1.0,1.0,1.0,0.0,0.0,0.9628090212519879,0.9999480918239904
distmap,1,BraTS-GLI-00423-000,WT,0.9553952623605564,0.9553952623605564,1.4142135623730951,1.4142135623730951,1.0,0.0,0.0,0.9493482500256595,0.9997495924817764
distmap,1,BraTS-GLI-00423-000,TC,0.9614277900644456,0.9614277900644456,1.0,1.0,1.0,0.0,0.0,0.9424448692246725,0.9999127753401142
distmap,1,BraTS-GLI-00423-000,ET,0.9458183523526653,0.9458183523526653,1.0,1.0,1.0,0.0,0.0,0.9259021210173538,0.9998825225874215
distmap,1,BraTS-GLI-00418-000,WT,0.9105521994804425,0.9105634367730271,18.788294228055936,18.708286933869708,1.0,0.0,0.0,0.8465761755054272,0.9997430798342003
distmap,1,BraTS-GLI-00418-000,TC,0.987456047101153,0.987456047101153,1.0,1.0,1.0,0.0,0.0,0.9845416299774973,0.9999670687982258
distmap,1,BraTS-GLI-00418-000,ET,0.9816842679552629,0.9816842679552629,0.0,0.0,1.0,0.0,0.0,0.9692574066948827,0.9999841608805202
distmap,1,BraTS-GLI-00499-000,WT,0.9754048115280515,0.9754048115280515,1.0,1.0,1.0,0.0,0.0,0.9764269395615808,0.999691795829416
distmap,1,BraTS-GLI-00499-000,TC,0.9897670591865069,0.9897670591865069,1.0,1.0,1.0,0.0,0.0,0.9867395762132605,0.9999528720962221
distmap,1,BraTS-GLI-00499-000,ET,0.9604960097608346,0.9604960097608346,1.0,1.0,1.0,0.0,0.0,0.9750758341759352,0.9997539500744788
distmap,1,BraTS-GLI-00574-000,WT,0.9737829961861633,0.48698156221253447,1.0,187.5,1.0,1.0,0.0,0.9839589478362762,0.9995857969936359
distmap,1,BraTS-GLI-00574-000,TC,0.9816632231404959,0.9816632231404959,1.0,1.0,1.0,0.0,0.0,0.9789327289584836,0.9999662123708521
distmap,1,BraTS-GLI-00574-000,ET,0.9730117177761157,0.9730117177761157,0.0,0.0,1.0,0.0,0.0,0.9681840734309104,0.9999603899336121
distmap,1,BraTS-GLI-00567-000,WT,0.9203077541276163,0.9203077541276163,2.0,2.0,1.0,0.0,0.0,0.9131954217093536,0.9996576392368394
distmap,1,BraTS-GLI-00567-000,TC,0.9522244207570052,0.9522244207570052,1.4142135623730951,1.4142135623730951,1.0,0.0,0.0,0.9648181083265966,0.9997857722903314
distmap,1,BraTS-GLI-00567-000,ET,0.9116481391976801,0.9116481391976801,1.4142135623730951,1.4142135623730951,1.0,0.0,0.0,0.9374751491053678,0.9997308001454892
distmap,1,BraTS-GLI-00599-000,WT,0.977903858513774,0.977903858513774,1.0,1.0,1.0,0.0,0.0,0.9883168778110273,0.9995824819829803
distmap,1,BraTS-GLI-00599-000,TC,0.9769808353505296,0.9769808353505296,1.0,1.0,1.0,0.0,0.0,0.9736332626532682,0.9999286152631359
distmap,1,BraTS-GLI-00599-000,ET,0.9642152719075796,0.9642152719075796,1.0,1.0,1.0,0.0,0.0,0.9627039627039627,0.9999045278294638
distmap,1,BraTS-GLI-00584-000,WT,0.9172271684615684,0.9172271684615684,6.0,6.0,1.0,0.0,0.0,0.9459502806736166,0.9998368016259269
distmap,1,BraTS-GLI-00584-000,TC,0.9561541084214116,0.9561541084214116,1.0,1.0,1.0,0.0,0.0,0.9195960125918153,0.9999966369130628
distmap,1,BraTS-GLI-00584-000,ET,0.9542258573683455,0.9542258573683455,1.0,1.0,1.0,0.0,0.0,0.9210526315789473,0.9999923773481691
distmap,1,BraTS-GLI-00555-001,WT,0.948416808758147,0.3162447660949223,3.0,250.2761423749154,1.0,2.0,0.0,0.9414407289063241,0.9998442064877769
distmap,1,BraTS-GLI-00555-001,TC,0.9717452530208049,0.9717452530208049,1.0,1.0,1.0,0.0,0.0,0.9890272469485883,0.9999152806544328
distmap,1,BraTS-GLI-00555-001,ET,0.9542867500453145,0.9542867500453145,1.0,1.0,1.0,0.0,0.0,0.9575845762095307,0.9999239420456336
distmap,1,BraTS-GLI-00537-000,WT,0.8151784813955834,0.8151784813955834,11.090536506409418,11.090536506409418,1.0,0.0,0.0,0.6924378205334104,0.9999320852181101
distmap,1,BraTS-GLI-00537-000,TC,0.916342499441091,0.9147101050336259,2.0,1.8251407699364424,2.0,0.0,0.0,0.8648352112081699,0.9999394674687059
distmap,1,BraTS-GLI-00537-000,ET,0.8700093969110667,0.8799343986750996,2.8284271247461903,2.121320343559643,2.0,0.0,0.0,0.8320582542169785,0.99980339763911
distmap,1,BraTS-GLI-00570-000,WT,0.9254973493701192,0.9254973493701192,2.0,2.0,1.0,0.0,0.0,0.9576016986282903,0.9992520852647605
distmap,1,BraTS-GLI-00570-000,TC,0.9336563159103723,0.933675813390135,3.0,3.0,1.0,0.0,0.0,0.9035243715140248,0.9999112684367902
distmap,1,BraTS-GLI-00570-000,ET,0.8686935448336638,0.86872544339588,3.0,3.0,1.0,0.0,0.0,0.8055158324821247,0.9999192219729697
distmap,1,BraTS-GLI-00597-000,WT,0.9651205282324626,0.9651205282324626,2.8284271247461903,2.8284271247461903,1.0,0.0,0.0,0.9750728844415588,0.9995956811332138
distmap,1,BraTS-GLI-00597-000,TC,0.0021816457197059522,0.0006018562513858532,25.199206336708304,260.4138467590631,1.0,2.0,0.0,0.0070987654320987656,0.9980030835563085
distmap,1,BraTS-GLI-00597-000,ET,0.0,0.0,24.392621835300936,374.0,0.0,1.0,1.0,0.0,0.9999994399464679
distmap,1,BraTS-GLI-00572-000,WT,0.9538550691043954,0.9538550691043954,2.8284271247461903,2.8284271247461903,1.0,0.0,0.0,0.9860776631561291,0.9992310507604864
distmap,1,BraTS-GLI-00572-000,TC,0.9512228223989577,0.6324938453991843,1.4142135623730951,125.47140452079104,2.0,1.0,0.0,0.9740396909222303,0.9998507297016805
distmap,1,BraTS-GLI-00572-000,ET,0.9455060155697098,0.6309863505631023,1.0,125.33333333333333,2.0,1.0,0.0,0.962420458638492,0.9998628713834572
distmap,1,BraTS-GLI-00580-000,WT,0.9416090857525912,0.9416090857525912,3.0,3.0,1.0,0.0,0.0,0.9285496357881088,0.999215909746503
distmap,1,BraTS-GLI-00580-000,TC,0.9535678325602892,0.31796353629170965,1.7320508075688772,249.91068360252294,1.0,2.0,0.0,0.9440159487548205,0.9997518835422549
distmap,1,BraTS-GLI-00580-000,ET,0.9189627228525121,0.3064938825743864,1.0,249.66666666666666,1.0,2.0,0.0,0.9574237124592933,0.9995291650121486
distmap,1,BraTS-GLI-00587-000,WT,0.9484059215598255,0.47426158415777164,2.23606797749979,188.1180339887499,1.0,1.0,0.0,0.9705465270334148,0.9986970534861993
distmap,1,BraTS-GLI-00587-000,TC,0.9660973096633334,0.32980604688024656,2.23606797749979,131.83798826820495,2.0,1.0,0.0,0.9512652966363043,0.9997712147814534
distmap,1,BraTS-GLI-00587-000,ET,0.9122895835970131,0.3392116618925867,1.0,126.10554159678513,2.0,1.0,0.0,0.8843396722460783,0.9996502063759836
distmap,1,BraTS-GLI-00610-000,WT,0.9465802301623197,0.9465802301623197,2.0,2.0,1.0,0.0,0.0,0.9385018364034963,0.9996476533441773
distmap,1,BraTS-GLI-00610-000,TC,0.9554885618017379,0.9554885618017379,1.0,1.0,1.0,0.0,0.0,0.9201867243538654,0.999994169891819
distmap,1,BraTS-GLI-00610-000,ET,0.9254119687771032,0.9254119687771032,1.0,1.0,1.0,0.0,0.0,0.8703099510603589,0.9999912562366573
distmap,1,BraTS-GLI-00621-000,WT,0.778100864926935,0.38907205037969994,8.774964387392123,191.35889894354068,1.0,1.0,0.0,0.7827836780324203,0.9993088545151112
distmap,1,BraTS-GLI-00621-000,TC,0.3003427592116538,0.3003427592116538,17.233687939614086,17.233687939614086,1.0,0.0,0.0,0.18486286919831224,0.9999803904167182
distmap,1,BraTS-GLI-00621-000,ET,0.298494623655914,0.298494623655914,17.233687939614086,17.233687939614086,1.0,0.0,0.0,0.18301687763713081,0.9999816230190959
distmap,1,BraTS-GLI-00630-000,WT,0.9038771476357002,0.48288914701605895,28.460498941515414,187.5,1.0,1.0,0.0,0.9657233828259527,0.9988119247833573
distmap,1,BraTS-GLI-00630-000,TC,0.8086759469083846,0.4833708245652226,45.387222871640866,187.5,1.0,1.0,0.0,0.9791278784909359,0.9989862577868985
distmap,1,BraTS-GLI-00630-000,ET,0.7960801022582019,0.48055555555555557,45.0,187.5,1.0,1.0,0.0,0.9679324457338238,0.9989950269944078
distmap,1,BraTS-GLI-00611-000,WT,0.658212286414694,0.658212286414694,20.85665361461421,20.85665361461421,1.0,0.0,0.0,0.5026825233603076,0.999749619054386
distmap,1,BraTS-GLI-00611-000,TC,0.9826092153230144,0.9826092153230144,1.0,1.0,1.0,0.0,0.0,0.9951178179470627,0.9999155361388514
distmap,1,BraTS-GLI-00611-000,ET,0.9497380307136405,0.9497380307136405,1.0,1.0,1.0,0.0,0.0,0.9578019094818162,0.9999089101878009
distmap,1,BraTS-GLI-00624-000,WT,0.9048384240524179,0.9048384240524179,8.366600265340756,8.366600265340756,1.0,0.0,0.0,0.9091735863977857,0.9991394161631155
distmap,1,BraTS-GLI-00624-000,TC,0.9719390639892732,0.9719390639892732,1.0,1.0,1.0,0.0,0.0,0.9814041498107791,0.9998688373209635
distmap,1,BraTS-GLI-00624-000,ET,0.9052784302887937,0.9052784302887937,1.0,1.0,1.0,0.0,0.0,0.9120206027702373,0.9998341865768986
distmap,1,BraTS-GLI-00654-000,WT,0.8632186838400745,0.8632186838400745,9.273618495495704,9.273618495495704,1.0,0.0,0.0,0.7992877156610183,0.9994197428092669
distmap,1,BraTS-GLI-00654-000,TC,0.9843316361093507,0.6270931755004917,1.0,125.1380711874577,2.0,1.0,0.0,0.9773900967755934,0.9999558653686581
distmap,1,BraTS-GLI-00654-000,ET,0.9535989768594381,0.5700059325577649,1.0,125.33333333333333,2.0,1.0,0.0,0.9366412813064301,0.9999204720098542
distmap,1,BraTS-GLI-00625-000,WT,0.9631542630517649,0.9631542630517649,1.4142135623730951,1.4142135623730951,1.0,0.0,0.0,0.935485340239189,0.9998763436093123
distmap,1,BraTS-GLI-00625-000,TC,0.9894744488432063,0.9894744488432063,1.0,1.0,1.0,0.0,0.0,0.9849313087490962,0.9999540572421929
distmap,1,BraTS-GLI-00625-000,ET,0.9615157514501059,0.9615157514501059,1.0,1.0,1.0,0.0,0.0,0.9589510877095746,0.9998841460043519
distmap,1,BraTS-GLI-00616-000,WT,0.9882876604545556,0.9882913633349195,1.0,1.0,1.0,0.0,0.0,0.9937535320046716,0.9997388373429628
distmap,1,BraTS-GLI-00616-000,TC,0.9919852648347272,0.9919852648347272,0.0,0.0,1.0,0.0,0.0,0.9891293557033655,0.9999768219207922
distmap,1,BraTS-GLI-00616-000,ET,0.9657693765910199,0.9657693765910199,0.0,0.0,1.0,0.0,0.0,0.9421430835887139,0.9999810305762417
distmap,1,BraTS-GLI-00612-001,WT,0.9706870625800583,0.9706870625800583,1.0,1.0,1.0,0.0,0.0,0.9602938475665749,0.9998877563094816
distmap,1,BraTS-GLI-00612-001,TC,0.8195862791306625,0.7962910229942337,1.4142135623730951,1.4142135623730951,2.0,0.0,0.0,0.9238488783943329,0.999937264082141
distmap,1,BraTS-GLI-00612-001,ET,0.8602816901408451,0.8363882118074211,1.4142135623730951,1.7071067811865475,2.0,0.0,0.0,0.9014167650531287,0.9999631426482578
distmap,1,BraTS-GLI-00613-001,WT,0.9354793926247289,0.31334083161134507,4.0,250.66666666666666,1.0,2.0,0.0,0.8995894800080102,0.9998399878395269
distmap,1,BraTS-GLI-00613-001,TC,0.8547641073080481,0.9067713444553483,44.395945760846224,1.0,1.0,0.0,0.0,0.77,0.9999978717207698
distmap,1,BraTS-GLI-00613-001,ET,0.8449096098953378,0.897876643073812,44.75488800120049,1.0,1.0,0.0,0.0,0.74,0.9999992158971257
distmap,1,BraTS-GLI-00628-000,WT,0.9526625675099797,0.9526625675099797,1.0,1.0,1.0,0.0,0.0,0.9930556814679166,0.9994297208100174
distmap,1,BraTS-GLI-00628-000,TC,0.9569823844779167,0.5935226267366321,19.261360284258224,125.33333333333333,2.0,0.0,1.0,0.9350212022948367,0.9999828474990197
distmap,1,BraTS-GLI-00628-000,ET,0.9391679748822606,0.5836301007623574,18.2208671582886,125.88342717995762,2.0,0.0,1.0,0.920266632483015,0.999965471622326
distmap,1,BraTS-GLI-00610-001,WT,0.876372430147576,0.8772440432680378,8.06225774829855,12.649110640673518,1.0,0.0,0.0,0.8938996392259757,0.9987926355170922
distmap,1,BraTS-GLI-00610-001,TC,0.8752612657804532,0.4417299578059072,23.345235059857504,189.0,1.0,0.0,1.0,0.8644921552436003,0.9998493700572798
distmap,1,BraTS-GLI-00610-001,ET,0.7983290786725459,0.40613931523022434,22.02271554554524,188.5811388300842,1.0,0.0,1.0,0.7188631930899972,0.9999339746942603
distmap,1,BraTS-GLI-00685-000,WT,0.8746536722889223,0.8746536722889223,7.0710678118654755,7.0710678118654755,1.0,0.0,0.0,0.8057156929690036,0.9996295821530554
distmap,1,BraTS-GLI-00685-000,TC,0.9765439539489059,0.9765439539489059,1.0,1.0,1.0,0.0,0.0,0.989802024634718,0.999831456135728
distmap,1,BraTS-GLI-00685-000,ET,0.9214339020561517,0.9214339020561517,1.0,1.0,1.0,0.0,0.0,0.964185695820767,0.9997319694454146
distmap,1,BraTS-GLI-00675-001,WT,0.0,0.0,374.0,374.0,0.0,0.0,1.0,0.0,1.0
distmap,1,BraTS-GLI-00675-001,TC,1.0,1.0,0.0,0.0,0.0,0.0,0.0,1.0,1.0
distmap,1,BraTS-GLI-00675-001,ET,1.0,1.0,0.0,0.0,0.0,0.0,0.0,1.0,1.0
distmap,1,BraTS-GLI-00656-000,WT,0.9545510481959756,0.48265950485549924,48.08326112068523,188.0,1.0,0.0,1.0,0.9576798387803382,0.9993029219001013
distmap,1,BraTS-GLI-00656-000,TC,0.2943452960993401,0.01965640339134315,28.337254630609507,350.953462893078,1.0,14.0,0.0,0.9483315392895587,0.9971916830691563
distmap,1,BraTS-GLI-00656-000,ET,0.7821309125656952,0.39157995455089106,7.280109889280518,190.5,1.0,1.0,0.0,0.6827945776850887,0.9999660435908398
distmap,1,BraTS-GLI-00723-000,WT,0.9714378098728175,0.3238669030279801,1.0,249.66666666666666,1.0,2.0,0.0,0.976795433745966,0.999678573867411
distmap,1,BraTS-GLI-00723-000,TC,0.9708468983397905,0.9708468983397905,1.4142135623730951,1.4142135623730951,1.0,0.0,0.0,0.9625799666987994,0.9999215180699023
distmap,1,BraTS-GLI-00723-000,ET,0.9321682603985114,0.9321682603985114,1.0,1.0,1.0,0.0,0.0,0.8906742281033396,0.999949358742444
distmap,1,BraTS-GLI-00714-000,WT,0.9589993050729674,0.9589993050729674,1.4142135623730951,1.4142135623730951,1.0,0.0,0.0,0.9268356832207705,0.9998512922769975
distmap,1,BraTS-GLI-00714-000,TC,0.9785762442220853,0.9785762442220853,1.0,1.0,1.0,0.0,0.0,0.9699994230658282,0.9998530145392079
distmap,1,BraTS-GLI-00714-000,ET,0.9296128707893414,0.9296128707893414,1.0,1.0,1.0,0.0,0.0,0.9088496097206111,0.9997336979853532
distmap,1,BraTS-GLI-00708-000,WT,0.9200022299029992,0.46002676032781403,3.4641016151377544,188.6583123951777,1.0,1.0,0.0,0.9983666061705989,0.9996809729483463
distmap,1,BraTS-GLI-00708-000,TC,0.9456498617315465,0.9456498617315465,1.0,1.0,1.0,0.0,0.0,0.99921330636098,0.9998861993057149
distmap,1,BraTS-GLI-00708-000,ET,0.8970058392346876,0.8970058392346876,1.7320508075688772,1.7320508075688772,1.0,0.0,0.0,0.9977888336097291,0.9998159350477156
distmap,1,BraTS-GLI-00682-001,WT,0.9840104385518721,0.9840104385518721,1.0,1.0,1.0,0.0,0.0,0.9754717973902063,0.9999071927649386
distmap,1,BraTS-GLI-00682-001,TC,0.9753332462101412,0.9753332462101412,1.0,1.0,1.0,0.0,0.0,0.9523095572285313,0.9999983139724922
distmap,1,BraTS-GLI-00682-001,ET,0.9662807708284419,0.9662807708284419,1.0,1.0,1.0,0.0,0.0,0.9368564824542971,0.9999928085411159
distmap,1,BraTS-GLI-00682-000,WT,0.9552088448994497,0.9552088448994497,1.4142135623730951,1.4142135623730951,1.0,0.0,0.0,0.9274483433182541,0.9998666095423916
distmap,1,BraTS-GLI-00682-000,TC,0.9774913137620223,0.9774913137620223,1.0,1.0,1.0,0.0,0.0,0.9823886639676114,0.999938708431744
distmap,1,BraTS-GLI-00682-000,ET,0.9411002712221188,0.9411002712221188,1.0,1.0,1.0,0.0,0.0,0.9377218457566957,0.9999233927392916
distmap,1,BraTS-GLI-00692-001,WT,0.9854919471033824,0.9854919471033824,1.0,1.0,1.0,0.0,0.0,0.9912898735811965,0.9998389083426852
distmap,1,BraTS-GLI-00692-001,TC,0.9755084295444665,0.9755084295444665,1.4142135623730951,1.4142135623730951,1.0,0.0,0.0,0.9981711235233058,0.9998903204607125
distmap,1,BraTS-GLI-00692-001,ET,0.9628804061793752,0.9628804061793752,1.0,1.0,1.0,0.0,0.0,0.9966034350166624,0.9998714150493313
distmap,1,BraTS-GLI-00697-000,WT,0.9753657418831742,0.48768630934754714,1.0,187.5,1.0,1.0,0.0,0.9899885501645914,0.9993640379324235
distmap,1,BraTS-GLI-00697-000,TC,0.9892047523827193,0.9892047523827193,1.0,1.0,1.0,0.0,0.0,0.9880437617537646,0.9999209499646026
distmap,1,BraTS-GLI-00697-000,ET,0.9644749754661432,0.9644749754661432,1.0,1.0,1.0,0.0,0.0,0.9677673472067222,0.9997990385599407
distmap,1,BraTS-GLI-00683-001,WT,0.9884686970355505,0.9884686970355505,1.0,1.0,1.0,0.0,0.0,0.9823705693913403,0.9998827632160431
distmap,1,BraTS-GLI-00683-001,TC,0.9882560047454352,0.9882560047454352,2.0,2.0,1.0,0.0,0.0,0.9866748177936555,0.9998798636928926
distmap,1,BraTS-GLI-00683-001,ET,0.9746315140072991,0.9746315140072991,0.0,0.0,1.0,0.0,0.0,0.9732787031263918,0.9998179589325283
distmap,1,BraTS-GLI-00674-001,WT,0.96869137800935,0.6461330549599501,1.0,125.57735026918964,2.0,1.0,0.0,0.9485894503934017,0.9998637428455058
distmap,1,BraTS-GLI-00674-001,TC,0.9825188252383417,0.9800836048010743,1.0,1.0,2.0,0.0,0.0,0.9789393132818739,0.9999534723976685
distmap,1,BraTS-GLI-00674-001,ET,0.9676588124822572,0.9654093025237352,1.0,0.5,2.0,0.0,0.0,0.971669151828787,0.9999062345385246
distmap,1,BraTS-GLI-00727-001,WT,0.9709314140883523,0.9709314140883523,1.0,1.0,1.0,0.0,0.0,0.9447441666107019,0.9999799863247467
distmap,1,BraTS-GLI-00727-001,TC,0.9680933852140078,0.9680933852140078,1.4142135623730951,1.4142135623730951,1.0,0.0,0.0,0.952913080701122,0.9999214283736326
distmap,1,BraTS-GLI-00727-001,ET,0.8893496798942485,0.8893496798942485,3.0,3.0,1.0,0.0,0.0,0.8705977874758957,0.9998070337597749
distmap,1,BraTS-GLI-00765-000,WT,0.934701084044927,0.3115815432015368,2.23606797749979,250.07868932583327,1.0,2.0,0.0,0.91140424990688,0.9995163262295095
distmap,1,BraTS-GLI-00765-000,TC,0.8968378482027682,0.8968378482027682,3.605551275463989,3.605551275463989,1.0,0.0,0.0,0.8923578589516773,0.9996836784721457
distmap,1,BraTS-GLI-00765-000,ET,0.8665126061329941,0.8665126061329941,2.0,2.0,1.0,0.0,0.0,0.7957081545064377,0.9999037838651043
distmap,1,BraTS-GLI-00730-001,WT,0.9881239957008013,0.9881239957008013,1.0,1.0,1.0,0.0,0.0,0.9912040051665795,0.999840621593895
distmap,1,BraTS-GLI-00730-001,TC,0.9883177570093458,0.9883177570093458,0.0,0.0,1.0,0.0,0.0,0.9956094690625991,0.9999525034339568
distmap,1,BraTS-GLI-00730-001,ET,0.9680653837115178,0.9680653837115178,1.0,1.0,1.0,0.0,0.0,0.9924510118856409,0.9998785541705643
distmap,1,BraTS-GLI-00805-000,WT,0.9683375593264417,0.4842145707108024,1.0,187.5,1.0,1.0,0.0,0.961817093073771,0.9997619540619966
distmap,1,BraTS-GLI-00805-000,TC,0.8874264911789415,0.8874264911789415,2.449489742783178,2.449489742783178,1.0,0.0,0.0,0.8106932719365567,0.9999928284012344
distmap,1,BraTS-GLI-00805-000,ET,0.8351916376306621,0.8351916376306621,2.23606797749979,2.23606797749979,1.0,0.0,0.0,0.729236385762093,0.999993725288421
distmap,1,BraTS-GLI-00799-000,WT,0.9785358519408749,0.9785358519408749,1.0,1.0,1.0,0.0,0.0,0.9842348835444958,0.9993791726157851
distmap,1,BraTS-GLI-00799-000,TC,0.9738614059572197,0.9738614059572197,1.4142135623730951,1.4142135623730951,1.0,0.0,0.0,0.9748858955805411,0.9997233590211548
distmap,1,BraTS-GLI-00799-000,ET,0.9636187999796632,0.9636187999796632,1.0,1.0,1.0,0.0,0.0,0.9426208542927785,0.9998903769475026
distmap,1,BraTS-GLI-00737-000,WT,0.9424370900040077,0.18969763886529642,2.8284271247461903,299.4828427124746,1.0,4.0,0.0,0.9201367436879608,0.9999112730508963
distmap,1,BraTS-GLI-00737-000,TC,0.957612016293279,0.957612016293279,1.4142135623730951,1.4142135623730951,1.0,0.0,0.0,0.9273343605546995,0.9999828317029997
distmap,1,BraTS-GLI-00737-000,ET,0.938705636743215,0.938705636743215,1.4142135623730951,1.4142135623730951,1.0,0.0,0.0,0.9017327129793037,0.9999727442013008
distmap,1,BraTS-GLI-00751-000,WT,0.9502977401338906,0.9502977401338906,3.7416573867739413,3.7416573867739413,1.0,0.0,0.0,0.9208240151384827,0.9998649845274075
distmap,1,BraTS-GLI-00751-000,TC,0.9854666105892799,0.9854666105892799,1.0,1.0,1.0,0.0,0.0,0.9861578750467639,0.9999633979953778
distmap,1,BraTS-GLI-00751-000,ET,0.9678365431615994,0.9678365431615994,0.0,0.0,1.0,0.0,0.0,0.9755616870319275,0.9999309979447485
distmap,1,BraTS-GLI-00778-000,WT,0.9099584257803244,0.9099584257803244,6.0,6.0,1.0,0.0,0.0,0.8714388860237235,0.9997603475411129
distmap,1,BraTS-GLI-00778-000,TC,0.9795175519772966,0.9795175519772966,1.0,1.0,1.0,0.0,0.0,0.9769259168102388,0.9999675708963045
distmap,1,BraTS-GLI-00778-000,ET,0.9597827389272735,0.9597827389272735,1.0,1.0,1.0,0.0,0.0,0.9607419844886863,0.9999421232230231
distmap,1,BraTS-GLI-00789-000,WT,0.9894822006472492,0.9894822006472492,1.0,1.0,1.0,0.0,0.0,0.9820581666708489,0.9999601518860248
distmap,1,BraTS-GLI-00789-000,TC,0.9915987539724993,0.9915987539724993,0.0,0.0,1.0,0.0,0.0,0.9877964684985895,0.9999755634620832
distmap,1,BraTS-GLI-00789-000,ET,0.970061145919831,0.970061145919831,1.0,1.0,1.0,0.0,0.0,0.9508953677667604,0.9999635718273058
distmap,1,BraTS-GLI-00739-000,WT,0.9499562558719855,0.9499562558719855,3.1622776601683795,3.1622776601683795,1.0,0.0,0.0,0.9138556651580897,0.9997376719308851
distmap,1,BraTS-GLI-00739-000,TC,0.9445995973241541,0.9445995973241541,1.4142135623730951,1.4142135623730951,1.0,0.0,0.0,0.9120325080893973,0.9999147177478105
distmap,1,BraTS-GLI-00739-000,ET,0.9393745826195523,0.9393745826195523,1.0,1.0,1.0,0.0,0.0,0.8925704196209342,0.9999682852188989
distmap,1,BraTS-GLI-00777-000,WT,0.9714901667473272,0.9714901667473272,1.0,1.0,1.0,0.0,0.0,0.9739927483172037,0.99959930329598
distmap,1,BraTS-GLI-00777-000,TC,0.982435117151777,0.982435117151777,1.0,1.0,1.0,0.0,0.0,0.9884510438479599,0.9998733211248678
distmap,1,BraTS-GLI-00777-000,ET,0.9315340726969678,0.9315340726969678,1.0,1.0,1.0,0.0,0.0,0.9476945150981543,0.9998503253852074
distmap,1,BraTS-GLI-00764-000,WT,0.7999675765497396,0.7999675765497396,13.74772708486752,13.74772708486752,1.0,0.0,0.0,0.6709649639668223,0.9999349528968473
distmap,1,BraTS-GLI-00764-000,TC,0.9356306892067621,0.9506252384065177,6.48074069840786,4.56201920231798,2.0,0.0,0.0,0.9058453237410072,0.9998473578041137
distmap,1,BraTS-GLI-00764-000,ET,0.9097404785979103,0.9258689727045273,3.0,3.5413812651491097,2.0,0.0,0.0,0.8673298886918074,0.9998274290791451
distmap,1,BraTS-GLI-01019-000,WT,0.9845122076403124,0.9845122076403124,1.0,1.0,1.0,0.0,0.0,0.981437953895673,0.9997734624103303
distmap,1,BraTS-GLI-01019-000,TC,0.9749347705205527,0.9749347705205527,4.47213595499958,4.47213595499958,1.0,0.0,0.0,0.9947917424385702,0.9996435369398109
distmap,1,BraTS-GLI-01019-000,ET,0.9725801123224315,0.9725801123224315,1.0,1.0,1.0,0.0,0.0,0.9810379670636797,0.9998096039333958
distmap,1,BraTS-GLI-00834-000,WT,0.8774187924923006,0.8774187924923006,6.708203932499369,6.708203932499369,1.0,0.0,0.0,0.8228722462158885,0.9995623744085137
distmap,1,BraTS-GLI-00834-000,TC,0.9684121961480072,0.9680890095346508,1.0,1.0,2.0,0.0,0.0,0.9712367465238287,0.9998940537885432
distmap,1,BraTS-GLI-00834-000,ET,0.9580902092161605,0.9616845705444452,1.0,1.0,2.0,0.0,0.0,0.9506450050631797,0.9999137590961414
distmap,1,BraTS-GLI-00839-000,WT,0.9486840893038111,0.9486840893038111,4.47213595499958,4.47213595499958,1.0,0.0,0.0,0.9776568137223874,0.9998521128506864
distmap,1,BraTS-GLI-00839-000,TC,0.8917819365337672,0.8917819365337672,1.0,1.0,1.0,0.0,0.0,0.9597197898423818,0.9999753552705778
distmap,1,BraTS-GLI-00839-000,ET,0.9124024284475282,0.9124024284475282,1.0,1.0,1.0,0.0,0.0,0.946894689468947,0.9999839809815043
distmap,1,BraTS-GLI-01000-000,WT,0.9868687482282428,0.9868687482282428,1.0,1.0,1.0,0.0,0.0,0.9789398626119793,0.9999437045870454
distmap,1,BraTS-GLI-01000-000,TC,0.9894128100480415,0.9894128100480415,1.0,1.0,1.0,0.0,0.0,0.9800698153176001,0.9999960649764579
distmap,1,BraTS-GLI-01000-000,ET,0.9629496402877697,0.9629496402877697,0.0,0.0,1.0,0.0,0.0,0.9373905735695777,0.9999847426231986
distmap,1,BraTS-GLI-01025-000,WT,0.9777511660153788,0.9777511660153788,1.0,1.0,1.0,0.0,0.0,0.9981983141367994,0.999770981459294
distmap,1,BraTS-GLI-01025-000,TC,0.9882258194410888,0.9882258194410888,1.0,1.0,1.0,0.0,0.0,0.9908911786556414,0.9999495337831983
distmap,1,BraTS-GLI-01025-000,ET,0.9325953356445005,0.9325953356445005,2.0,2.0,1.0,0.0,0.0,0.8893271723205229,0.9999465251515467
distmap,1,BraTS-GLI-01004-000,WT,0.9447969780459526,0.31609813883257837,7.3484692283495345,252.08207041707843,1.0,2.0,0.0,0.974463488961181,0.9992237488996047
distmap,1,BraTS-GLI-01004-000,TC,0.985118439386902,0.985118439386902,1.0,1.0,1.0,0.0,0.0,0.9739539326255464,0.9999896638260539
distmap,1,BraTS-GLI-01004-000,ET,0.9517678384846135,0.9517678384846135,1.0,1.0,1.0,0.0,0.0,0.9107857050703135,0.9999946143045417
distmap,1,BraTS-GLI-01039-000,WT,0.9001369911131406,0.9001369911131406,5.0,5.0,1.0,0.0,0.0,0.857056856187291,0.9999207903018608
distmap,1,BraTS-GLI-01039-000,TC,0.9396372620585097,0.4705849268841395,4.0,189.0,1.0,1.0,0.0,0.8962082262210797,0.9999881148118148
distmap,1,BraTS-GLI-01039-000,ET,0.9357988526791163,0.468728984532616,3.0,188.5,1.0,1.0,0.0,0.896830038601006,0.9999809405309811
distmap,1,BraTS-GLI-01002-000,WT,0.9391009861403273,0.9391009861403273,2.8284271247461903,2.8284271247461903,1.0,0.0,0.0,0.9422921469417084,0.9995137226366007
distmap,1,BraTS-GLI-01002-000,TC,0.928487143246152,0.928487143246152,3.0,3.0,1.0,0.0,0.0,0.9759568204121688,0.9994789297782241
distmap,1,BraTS-GLI-01002-000,ET,0.9051127297953521,0.9051127297953521,3.0,3.0,1.0,0.0,0.0,0.9314372197949684,0.9995009547417227
distmap,1,BraTS-GLI-01012-000,WT,0.9634560554354756,0.9634560554354756,2.449489742783178,2.449489742783178,1.0,0.0,0.0,0.9539044261279718,0.9996241791415789
distmap,1,BraTS-GLI-01012-000,TC,0.9672427475531258,0.9672427475531258,5.385164807134504,5.385164807134504,1.0,0.0,0.0,0.9517866697517028,0.9998731212147312
distmap,1,BraTS-GLI-01012-000,ET,0.959420336735189,0.959420336735189,2.8284271247461903,2.8284271247461903,1.0,0.0,0.0,0.9375691480954639,0.9998795225573706
distmap,1,BraTS-GLI-01029-000,WT,0.9845788061525383,0.9845788061525383,1.0,1.0,1.0,0.0,0.0,0.9942057754469734,0.9995694214505121
distmap,1,BraTS-GLI-01029-000,TC,0.9756575322899875,0.9756575322899875,1.0,1.0,1.0,0.0,0.0,0.9791939711664482,0.9999230646894554
distmap,1,BraTS-GLI-01029-000,ET,0.9716063609126527,0.9716063609126527,1.0,1.0,1.0,0.0,0.0,0.9567013116688603,0.9999687849730411
distmap,1,BraTS-GLI-01009-000,WT,0.9531558468939874,0.9531558468939874,2.0,2.0,1.0,0.0,0.0,0.9245542603231264,0.9999064705794193
distmap,1,BraTS-GLI-01009-000,TC,0.9409837668687658,0.9409837668687658,1.4142135623730951,1.4142135623730951,1.0,0.0,0.0,0.9768539668037155,0.9997802049527076
distmap,1,BraTS-GLI-01009-000,ET,0.8859917418565529,0.8859917418565529,1.0,1.0,1.0,0.0,0.0,0.9564966154862143,0.9997246487898118
distmap,1,BraTS-GLI-01049-000,WT,0.8827774424646391,0.29548898153908926,5.0,151.4972404668097,2.0,1.0,0.0,0.8733125649013499,0.9993144476687162
distmap,1,BraTS-GLI-01049-000,TC,0.8983774551665243,0.9007951070336392,2.23606797749979,2.0,1.0,0.0,0.0,0.9002444987775061,0.9999047065972183
distmap,1,BraTS-GLI-01049-000,ET,0.8908625834872815,0.8936564504632929,1.4142135623730951,1.0,1.0,0.0,0.0,0.9178623718887262,0.9998907094024663
distmap,1,BraTS-GLI-01082-000,WT,0.9841825060601255,0.9841825060601255,1.0,1.0,1.0,0.0,0.0,0.9740538116591928,0.9999321726308625
distmap,1,BraTS-GLI-01082-000,TC,0.9763497992529413,0.9763497992529413,1.0,1.0,1.0,0.0,0.0,0.9646821989993783,0.9998689198851254
distmap,1,BraTS-GLI-01082-000,ET,0.9314652707517705,0.9314652707517705,1.0,1.0,1.0,0.0,0.0,0.928280215685415,0.999666755907033
distmap,1,BraTS-GLI-01057-000,WT,0.9259108621209935,0.4695478320239502,4.47213595499958,188.0,2.0,1.0,1.0,0.9100193423597679,0.9997572341795826
distmap,1,BraTS-GLI-01057-000,TC,0.9753628978559062,0.8191841292440457,1.0,1.5,2.0,0.0,0.0,0.987381363244176,0.9999224419538073
distmap,1,BraTS-GLI-01057-000,ET,0.9361350782314329,0.7599968287498018,1.0,1.5,2.0,0.0,0.0,0.9845432441820077,0.9998464641443869
distmap,1,BraTS-GLI-01061-000,WT,0.9803012746234068,0.9803012746234068,2.0,2.0,1.0,0.0,0.0,0.9684218836346412,0.9998620387298024
distmap,1,BraTS-GLI-01061-000,TC,0.9880867083611634,0.9880867083611634,1.0,1.0,1.0,0.0,0.0,0.986230303030303,0.9999535263172701
distmap,1,BraTS-GLI-01061-000,ET,0.9696746017100326,0.9696746017100326,0.0,0.0,1.0,0.0,0.0,0.9567469148290512,0.9999539495815308
distmap,1,BraTS-GLI-01074-000,WT,0.9556085085403806,0.9556085085403806,3.7416573867739413,3.7416573867739413,1.0,0.0,0.0,0.9755378937214276,0.9992854901168712
distmap,1,BraTS-GLI-01074-000,TC,0.9347015952857379,0.9347015952857379,3.0,3.0,1.0,0.0,0.0,0.9846451363372655,0.9996450293721345
distmap,1,BraTS-GLI-01074-000,ET,0.9099293383500046,0.9099293383500046,2.0,2.0,1.0,0.0,0.0,0.9846085100044685,0.9995940663182926
distmap,1,BraTS-GLI-01090-000,WT,0.9506472104320166,0.3170616356060025,1.4142135623730951,249.80473785412437,1.0,2.0,0.0,0.9863607443931923,0.9994970546438584
distmap,1,BraTS-GLI-01090-000,TC,0.9616805170821792,0.9616805170821792,5.0990195135927845,5.0990195135927845,1.0,0.0,0.0,0.9793135872120358,0.9998767518661484
distmap,1,BraTS-GLI-01090-000,ET,0.9552503069937459,0.9552503069937459,3.0,3.0,1.0,0.0,0.0,0.9747071507663617,0.9998728515075064
distmap,1,BraTS-GLI-01084-000,WT,0.9836509800379369,0.9836509800379369,1.0,1.0,1.0,0.0,0.0,0.9847851151854949,0.9999127622325079
distmap,1,BraTS-GLI-01084-000,TC,0.9803411860276198,0.9803411860276198,1.0,1.0,1.0,0.0,0.0,0.9837890715982671,0.9999439737100845
distmap,1,BraTS-GLI-01084-000,ET,0.9653450807635829,0.9653450807635829,1.0,1.0,1.0,0.0,0.0,0.9800822947104777,0.9999050636214009
distmap,1,BraTS-GLI-01088-000,WT,0.9833825606780532,0.9833825606780532,1.0,1.0,1.0,0.0,0.0,0.9966161695038784,0.9999346712702094
distmap,1,BraTS-GLI-01088-000,TC,0.9650436953807741,0.9650436953807741,1.0,1.0,1.0,0.0,0.0,0.9944253859348199,0.9999826343529694
distmap,1,BraTS-GLI-01088-000,ET,0.9459034792368126,0.9459034792368126,1.0,1.0,1.0,0.0,0.0,0.9919962335216572,0.9999749044239468
distmap,1,BraTS-GLI-01085-000,WT,0.9406949093497721,0.47616035696214176,44.395945760846224,188.1180339887499,1.0,0.0,1.0,0.8968009299034719,0.9998443595880581
distmap,1,BraTS-GLI-01085-000,TC,0.9777336706596033,0.9777336706596033,1.0,1.0,1.0,0.0,0.0,0.9926773195583686,0.9998498779963537
distmap,1,BraTS-GLI-01085-000,ET,0.966940352168024,0.966940352168024,1.0,1.0,1.0,0.0,0.0,0.9895947426067908,0.9998119967851787
distmap,1,BraTS-GLI-01083-000,WT,0.9812679931450635,0.9812679931450635,1.0,1.0,1.0,0.0,0.0,0.9656271969468716,0.9999661691027183
distmap,1,BraTS-GLI-01083-000,TC,0.9904179281500671,0.9904179281500671,0.0,0.0,1.0,0.0,0.0,0.984548557244803,0.9999869600945168
distmap,1,BraTS-GLI-01083-000,ET,0.968406887482032,0.968406887482032,0.0,0.0,1.0,0.0,0.0,0.9523580365736285,0.9999729559161233
distmap,1,BraTS-GLI-01072-000,WT,0.946659442410787,0.47681002502706826,5.656854249492381,188.0,1.0,0.0,1.0,0.9540603413066254,0.9992133062079953
distmap,1,BraTS-GLI-01072-000,TC,0.9786424849428166,0.9786424849428166,1.0,1.0,1.0,0.0,0.0,0.9917431318492916,0.9997115783451576
distmap,1,BraTS-GLI-01072-000,ET,0.9435602608146954,0.9435602608146954,1.0,1.0,1.0,0.0,0.0,0.9810181945416375,0.9996206305044557
distmap,1,BraTS-GLI-01102-000,WT,0.7886543822177171,0.2410645125594777,31.96873472629156,280.75,1.0,2.0,1.0,0.9615978812624145,0.9987865714354693
distmap,1,BraTS-GLI-01102-000,TC,0.9384052670080468,0.4873119586688953,22.737634001804146,187.5,1.0,0.0,1.0,0.9226121979286537,0.9999659232861431
distmap,1,BraTS-GLI-01102-000,ET,0.9152348224513173,0.4795438631589477,21.77154105707724,187.5,1.0,0.0,1.0,0.8972487366647951,0.9999620068327181
distmap,1,BraTS-GLI-01062-000,WT,0.9749354175356941,0.9749354175356941,1.0,1.0,1.0,0.0,0.0,0.9759924981135393,0.9995935847587346
distmap,1,BraTS-GLI-01062-000,TC,0.9748171255392452,0.9748844923587253,1.0,1.0,1.0,0.0,0.0,0.998584256937141,0.9997205626680735
distmap,1,BraTS-GLI-01062-000,ET,0.9337536003478072,0.9338720197115733,1.0,1.0,1.0,0.0,0.0,0.9965586574897533,0.999599197406286
distmap,1,BraTS-GLI-01105-000,WT,0.9541694421638034,0.9541694421638034,2.23606797749979,2.23606797749979,1.0,0.0,0.0,0.9192660139693153,0.9998845802907258
distmap,1,BraTS-GLI-01105-000,TC,0.9789349968357292,0.9789349968357292,1.0,1.0,1.0,0.0,0.0,0.9928934941084774,0.9999127572972009
distmap,1,BraTS-GLI-01105-000,ET,0.948245655570813,0.948245655570813,1.0,1.0,1.0,0.0,0.0,0.9785009283690023,0.9999021055383035
distmap,1,BraTS-GLI-01109-000,WT,0.9805322615326089,0.9805322615326089,1.0,1.0,1.0,0.0,0.0,0.9858972226841842,0.9998301734238323
distmap,1,BraTS-GLI-01109-000,TC,0.9828275471392733,0.9828275471392733,1.0,1.0,1.0,0.0,0.0,0.9877033181522447,0.9999232347936331
distmap,1,BraTS-GLI-01109-000,ET,0.9583783950808021,0.9583783950808021,1.0,1.0,1.0,0.0,0.0,0.9616171637626341,0.99991831122369
distmap,1,BraTS-GLI-01138-000,WT,0.8349538945791075,0.4179055073241042,13.038404810405298,193.5,1.0,0.0,1.0,0.7437935791789403,0.9994228957442683
distmap,1,BraTS-GLI-01138-000,TC,0.9752345093966049,0.4956613547131215,51.07837115648854,187.0,1.0,0.0,1.0,0.9559048103843217,0.9999921456721981
distmap,1,BraTS-GLI-01138-000,ET,0.9571464582808168,0.48875825967562003,46.9148164229596,187.0,1.0,0.0,1.0,0.9411716103445427,0.999965454962075
distmap,1,BraTS-GLI-01160-001,WT,0.9801953429925937,0.9801953429925937,1.0,1.0,1.0,0.0,0.0,0.966573544210637,0.9999147227431715
distmap,1,BraTS-GLI-01160-001,TC,0.9868120185289874,0.9868120185289874,1.0,1.0,1.0,0.0,0.0,0.9887558756890197,0.9998987468285093
distmap,1,BraTS-GLI-01160-001,ET,0.9704617487304561,0.9704617487304561,1.0,1.0,1.0,0.0,0.0,0.9666236357235066,0.9998778895029428
distmap,1,BraTS-GLI-01158-000,WT,0.9662540668235381,0.9662540668235381,1.4142135623730951,1.4142135623730951,1.0,0.0,0.0,0.960800420885521,0.999657129523291
distmap,1,BraTS-GLI-01158-000,TC,0.9298297762717238,0.4651822183447674,2.0,188.0,1.0,1.0,0.0,0.8903605313092979,0.9999267551521347
distmap,1,BraTS-GLI-01158-000,ET,0.8813900917830978,0.4409712759579223,1.4142135623730951,187.70710678118655,1.0,1.0,0.0,0.8152047962113961,0.9999228796189018
distmap,1,BraTS-GLI-01130-000,WT,0.9386271870794078,0.9386271870794078,6.4031242374328485,6.4031242374328485,1.0,0.0,0.0,0.905667238065555,0.9998956071535198
distmap,1,BraTS-GLI-01130-000,TC,0.9824841706609858,0.9824841706609858,1.0,1.0,1.0,0.0,0.0,0.9659084298097621,0.9999993266606149
distmap,1,BraTS-GLI-01130-000,ET,0.9575237094930648,0.9575237094930648,2.23606797749979,2.23606797749979,1.0,0.0,0.0,0.9533124192655471,0.9999308777194316
distmap,1,BraTS-GLI-01160-000,WT,0.9779296137878979,0.9779296137878979,1.0,1.0,1.0,0.0,0.0,0.9816730992351952,0.9996259643886739
distmap,1,BraTS-GLI-01160-000,TC,0.9779259115090178,0.9779259115090178,1.4142135623730951,1.4142135623730951,1.0,0.0,0.0,0.9744488977955912,0.999871307913131
distmap,1,BraTS-GLI-01160-000,ET,0.9543459605247027,0.9543459605247027,1.0,1.0,1.0,0.0,0.0,0.9425596319166969,0.9998478626217479
distmap,1,BraTS-GLI-01148-000,WT,0.9830204189619495,0.9830204189619495,1.0,1.0,1.0,0.0,0.0,0.9837640539748281,0.9997872424111454
distmap,1,BraTS-GLI-01148-000,TC,0.9916098151408451,0.9916098151408451,0.0,0.0,1.0,0.0,0.0,0.9956359618837177,0.9999491666193384
distmap,1,BraTS-GLI-01148-000,ET,0.9893624555588606,0.9893624555588606,0.0,0.0,1.0,0.0,0.0,0.9920463583683672,0.9999470357804228
distmap,1,BraTS-GLI-01137-000,WT,0.9680642370630308,0.9680642370630308,1.0,1.0,1.0,0.0,0.0,0.9970884264953189,0.9997181643577708
distmap,1,BraTS-GLI-01137-000,TC,0.8660509640016179,0.8660509640016179,3.0,3.0,1.0,0.0,0.0,0.8600789984601995,0.9997886248532071
distmap,1,BraTS-GLI-01137-000,ET,0.7472060589267572,0.7472060589267572,5.477225575051661,5.477225575051661,1.0,0.0,0.0,0.5969158119973438,0.9999987660479669
distmap,1,BraTS-GLI-01145-000,WT,0.9467782664682175,0.9467782664682175,2.8284271247461903,2.8284271247461903,1.0,0.0,0.0,0.9225560969250575,0.9996337418994498
distmap,1,BraTS-GLI-01145-000,TC,0.939888914450981,0.939888914450981,2.23606797749979,2.23606797749979,1.0,0.0,0.0,0.8958010305564692,0.9999252043427509
distmap,1,BraTS-GLI-01145-000,ET,0.881255033792065,0.4406583785676764,1.0,187.5,1.0,1.0,0.0,0.9583761757873491,0.9993609115340472
distmap,1,BraTS-GLI-01123-000,WT,0.970934593459346,0.970934593459346,1.0,1.0,1.0,0.0,0.0,0.9885322268608084,0.9995763569910475
distmap,1,BraTS-GLI-01123-000,TC,0.9661779536110464,0.4843099895011082,5.385164807134504,188.73205080756887,1.0,0.0,1.0,0.9437035914532504,0.9999855296842263
distmap,1,BraTS-GLI-01123-000,ET,0.8917374265186153,0.44824755807272426,3.1622776601683795,187.70710678118655,1.0,0.0,1.0,0.8719463515886955,0.9999412670425053
distmap,1,BraTS-GLI-01118-000,WT,0.9606075506747528,0.9606075506747528,1.4142135623730951,1.4142135623730951,1.0,0.0,0.0,0.9493930623353061,0.9998579101167772
distmap,1,BraTS-GLI-01118-000,TC,0.9703670140462166,0.9726813052626555,1.0,0.5,2.0,0.0,0.0,0.9916651231709576,0.9999367514608282
distmap,1,BraTS-GLI-01118-000,ET,0.957936935319811,0.9593504880839583,1.0,0.5,2.0,0.0,0.0,0.9875400937577103,0.999932510408756
distmap,1,BraTS-GLI-01161-000,WT,0.9673045050474612,0.32244769531440426,1.0,249.66666666666666,1.0,2.0,0.0,0.9927323333848771,0.9992539176129537
distmap,1,BraTS-GLI-01161-000,TC,0.9902044814497367,0.9509615488555203,1.0,1.0,2.0,0.0,0.0,0.9839928616815607,0.9999710866223336
distmap,1,BraTS-GLI-01161-000,ET,0.9736490157562586,0.9419884505766427,1.0,1.0,2.0,0.0,0.0,0.9588812743100574,0.9999409870634408
distmap,1,BraTS-GLI-01175-000,WT,0.9807207546155706,0.9807207546155706,1.0,1.0,1.0,0.0,0.0,0.9826643760737155,0.9995476025623883
distmap,1,BraTS-GLI-01175-000,TC,0.9770080016205814,0.9727548379609728,1.4142135623730951,1.2071067811865475,2.0,0.0,0.0,0.9584744767531141,0.9999549748636118
distmap,1,BraTS-GLI-01175-000,ET,0.9674992218274711,0.9635754145483048,2.0,1.5,2.0,0.0,0.0,0.9434588291937492,0.9999259549350866
distmap,1,BraTS-GLI-01167-000,WT,0.9307651424558206,0.23276639577716174,2.8284271247461903,281.1123724356958,1.0,3.0,0.0,0.9782350652848294,0.9985944318522042
distmap,1,BraTS-GLI-01167-000,TC,0.7609192816706032,0.7609192816706032,7.0710678118654755,7.0710678118654755,1.0,0.0,0.0,0.6348848848848849,0.9998783727396664
distmap,1,BraTS-GLI-01167-000,ET,0.5048662628462534,0.5048662628462534,24.0,24.0,1.0,0.0,0.0,0.38056638620972705,0.9998611835904203
distmap,1,BraTS-GLI-01200-000,WT,0.9870720936811936,0.9870720936811936,1.0,1.0,1.0,0.0,0.0,0.9815784323319308,0.9999326268040417
distmap,1,BraTS-GLI-01200-000,TC,0.988917996946795,0.988917996946795,1.0,1.0,1.0,0.0,0.0,0.9865566126424247,0.9999480552493832
distmap,1,BraTS-GLI-01200-000,ET,0.9614210141499291,0.9614210141499291,1.0,1.0,1.0,0.0,0.0,0.9455206835293123,0.9999431738930533
distmap,1,BraTS-GLI-01199-000,WT,0.9835495128060971,0.9835495128060971,1.0,1.0,1.0,0.0,0.0,0.9848830082080802,0.9996951436242638
distmap,1,BraTS-GLI-01199-000,TC,0.9906833228483269,0.9906833228483269,1.0,1.0,1.0,0.0,0.0,0.9876801314119316,0.9999527143273895
distmap,1,BraTS-GLI-01199-000,ET,0.9538159187684245,0.9538159187684245,1.0,1.0,1.0,0.0,0.0,0.934331550802139,0.999908715582149
distmap,1,BraTS-GLI-01173-000,WT,0.9675767793275455,0.9675767793275455,1.0,1.0,1.0,0.0,0.0,0.9968051599680516,0.9995236774941171
distmap,1,BraTS-GLI-01173-000,TC,0.7891685455298394,0.7891685455298394,9.16515138991168,9.16515138991168,1.0,0.0,0.0,0.99825388510564,0.9989749539295996
distmap,1,BraTS-GLI-01173-000,ET,0.12826603325415678,1.0,7.0,0.0,0.0,0.0,0.0,0.675,0.999960349284719
distmap,1,BraTS-GLI-01169-000,WT,0.9390502373390935,0.9390502373390935,2.8284271247461903,2.8284271247461903,1.0,0.0,0.0,0.9887350454163042,0.9981312605672765
distmap,1,BraTS-GLI-01169-000,TC,0.886753339816758,0.886753339816758,3.3166247903554,3.3166247903554,1.0,0.0,0.0,0.9200966594083595,0.9993429949039081
distmap,1,BraTS-GLI-01169-000,ET,0.0,0.0,23.790754506740637,374.0,0.0,5.0,1.0,0.0,0.9998958323415937
distmap,1,BraTS-GLI-01189-000,WT,0.9599223148040418,0.9599223148040418,3.1622776601683795,3.1622776601683795,1.0,0.0,0.0,0.9350018742753529,0.9998298024721531
distmap,1,BraTS-GLI-01189-000,TC,0.8991387002203325,0.8991387002203325,5.0,5.0,1.0,0.0,0.0,0.8246801687951633,0.999901450376644
distmap,1,BraTS-GLI-01189-000,ET,0.6937982689229717,0.6937982689229717,12.083045973594572,12.083045973594572,1.0,0.0,0.0,0.5637373737373738,0.9997267224697358
distmap,1,BraTS-GLI-01172-000,WT,0.9025073864090074,0.3010930577644931,11.090536506409418,252.63316497887055,1.0,2.0,0.0,0.9888101487314086,0.9973746553660778
distmap,1,BraTS-GLI-01172-000,TC,0.9586870658737005,0.9586870658737005,5.830951894845301,5.830951894845301,1.0,0.0,0.0,0.9872001047179161,0.9991235733267914
distmap,1,BraTS-GLI-01172-000,ET,0.9255114797085099,0.46276420582746886,1.7320508075688772,187.86602540378445,1.0,1.0,0.0,0.9760505228497562,0.9988302029331817
distmap,1,BraTS-GLI-01185-000,WT,0.9298846517130509,0.9298846517130509,2.449489742783178,2.449489742783178,1.0,0.0,0.0,0.9150346433332708,0.9993597450588257
distmap,1,BraTS-GLI-01185-000,TC,0.9499851035304633,0.9499851035304633,2.449489742783178,2.449489742783178,1.0,0.0,0.0,0.9164526037830749,0.9999187361247005
distmap,1,BraTS-GLI-01185-000,ET,0.901134475448347,0.901134475448347,2.449489742783178,2.449489742783178,1.0,0.0,0.0,0.8547554347826087,0.9998248830304121
distmap,1,BraTS-GLI-01190-000,WT,0.9794932105899926,0.9794932105899926,1.0,1.0,1.0,0.0,0.0,0.9843099431490148,0.9995720194566013
distmap,1,BraTS-GLI-01190-000,TC,0.9764858921956405,0.9765052364664087,1.4142135623730951,1.4142135623730951,1.0,0.0,0.0,0.9825521906103412,0.999746067520059
distmap,1,BraTS-GLI-01190-000,ET,0.9594064780746728,0.9594281793574557,2.23606797749979,2.23606797749979,1.0,0.0,0.0,0.9774322891862413,0.9995582713437025
distmap,1,BraTS-GLI-01170-000,WT,0.9265668031876951,0.9265668031876951,2.0,2.0,1.0,0.0,0.0,0.9593176238127378,0.9987099141162656
distmap,1,BraTS-GLI-01170-000,TC,0.8612635884189,0.8572555542852509,4.47213595499958,4.192582403567252,2.0,0.0,0.0,0.7783037219556478,0.9999497339602526
distmap,1,BraTS-GLI-01170-000,ET,0.8679795224393707,0.8634291614929428,4.0,3.73606797749979,2.0,0.0,0.0,0.7849949307198378,0.9999605080327447
distmap,1,BraTS-GLI-01201-000,WT,0.9737575180407515,0.9737575180407515,1.0,1.0,1.0,0.0,0.0,0.9623627230907059,0.9998398397400646
distmap,1,BraTS-GLI-01201-000,TC,0.9537909580144872,0.9537909580144872,1.0,1.0,1.0,0.0,0.0,0.9537259888288452,0.9998859193357631
distmap,1,BraTS-GLI-01201-000,ET,0.8293290621106959,0.8293290621106959,5.0,5.0,1.0,0.0,0.0,0.7893622427373592,0.9998487022432108
distmap,1,BraTS-GLI-01220-000,WT,0.9513091124186669,0.9513239208605097,1.4142135623730951,1.4142135623730951,1.0,0.0,0.0,0.9531488817492748,0.9998172200107892
distmap,1,BraTS-GLI-01220-000,TC,0.9766494576801024,0.9766494576801024,1.0,1.0,1.0,0.0,0.0,0.980457419999049,0.9999354438081013
distmap,1,BraTS-GLI-01220-000,ET,0.9436613375365909,0.9436613375365909,1.0,1.0,1.0,0.0,0.0,0.9555819044144472,0.9999143213058689
distmap,1,BraTS-GLI-01233-000,WT,0.9122418277024269,0.9122418277024269,8.306623862918075,8.306623862918075,1.0,0.0,0.0,0.892853473958155,0.9993594174737294
distmap,1,BraTS-GLI-01233-000,TC,0.9322259963365404,0.9322259963365404,1.4142135623730951,1.4142135623730951,1.0,0.0,0.0,0.9123820795767048,0.9998545948640973
distmap,1,BraTS-GLI-01233-000,ET,0.8951432588802065,0.8951432588802065,1.0,1.0,1.0,0.0,0.0,0.8782793558892709,0.99979137407011
distmap,1,BraTS-GLI-01205-000,WT,0.8644585859598136,0.8644585859598136,3.0,3.0,1.0,0.0,0.0,0.785502891226153,0.9999215139124169
distmap,1,BraTS-GLI-01205-000,TC,0.9388441330998248,0.9272943720210658,1.0,1.2071067811865475,2.0,0.0,0.0,0.9300485773768217,0.9999172050767424
distmap,1,BraTS-GLI-01205-000,ET,0.8472306755934267,0.8332047761495114,1.4142135623730951,1.4142135623730951,2.0,0.0,0.0,0.9033932875950306,0.9997227833715777
distmap,1,BraTS-GLI-01210-000,WT,0.8338101430429129,0.2780994513477761,4.47213595499958,250.74754689570645,1.0,2.0,0.0,0.8629491723116953,0.9989614357896927
distmap,1,BraTS-GLI-01210-000,TC,0.9103969194312796,0.9103969194312796,2.23606797749979,2.23606797749979,1.0,0.0,0.0,0.8788961967400629,0.9999593095218186
distmap,1,BraTS-GLI-01210-000,ET,0.8998323888578498,0.8998323888578498,2.23606797749979,2.23606797749979,1.0,0.0,0.0,0.870848138421134,0.9999530349456993
distmap,1,BraTS-GLI-01227-000,WT,0.9284857432868875,0.3111770865087675,2.23606797749979,249.80473785412437,1.0,1.0,1.0,0.9591078066914498,0.9991137902570686
distmap,1,BraTS-GLI-01227-000,TC,0.9698691528950422,0.9698691528950422,1.0,1.0,1.0,0.0,0.0,0.9850442981386653,0.999808010063107
distmap,1,BraTS-GLI-01227-000,ET,0.906602654305659,0.906602654305659,1.0,1.0,1.0,0.0,0.0,0.9424080766362646,0.9997327891704311
distmap,1,BraTS-GLI-01215-000,WT,0.9516367137355584,0.9516367137355584,1.4142135623730951,1.4142135623730951,1.0,0.0,0.0,0.9467223255405589,0.9993887111848359
distmap,1,BraTS-GLI-01215-000,TC,0.7884654437148853,0.7884654437148853,8.602325267042627,8.602325267042627,1.0,0.0,0.0,0.6589353397069638,0.9999751973076622
distmap,1,BraTS-GLI-01215-000,ET,0.8801596470958933,0.8801596470958933,1.7320508075688772,1.7320508075688772,1.0,0.0,0.0,0.9309042435014441,0.9998138804381389
distmap,1,BraTS-GLI-01223-000,WT,0.9521740402621723,0.9521740402621723,2.0,2.0,1.0,0.0,0.0,0.9554449631521771,0.9996046222737504
distmap,1,BraTS-GLI-01223-000,TC,0.9339538090313685,0.9339538090313685,2.449489742783178,2.449489742783178,1.0,0.0,0.0,0.8843555178379084,0.9999675184658645
distmap,1,BraTS-GLI-01223-000,ET,0.8842093472599479,0.8842093472599479,1.4142135623730951,1.4142135623730951,1.0,0.0,0.0,0.8664727512211184,0.9998089739375129
distmap,1,BraTS-GLI-01224-000,WT,0.9199474898357145,0.9199709402363018,1.7320508075688772,1.7320508075688772,1.0,0.0,0.0,0.8775897286256201,0.9998596807247001
distmap,1,BraTS-GLI-01224-000,TC,0.9578290302728365,0.9578290302728365,1.0,1.0,1.0,0.0,0.0,0.932443227205295,0.9999713819938199
distmap,1,BraTS-GLI-01224-000,ET,0.8819830822816302,0.8819830822816302,1.4142135623730951,1.4142135623730951,1.0,0.0,0.0,0.8913778915607571,0.9998406425972318
distmap,1,BraTS-GLI-01209-000,WT,0.9093617329566036,0.9093670035036064,3.605551275463989,3.605551275463989,1.0,0.0,0.0,0.856931412280031,0.9994188616778729
distmap,1,BraTS-GLI-01209-000,TC,0.8725781138536168,0.8726030133546399,8.06225774829855,8.0,1.0,0.0,0.0,0.8019800681877787,0.9996880839247425
distmap,1,BraTS-GLI-01209-000,ET,0.7945779670756854,0.7945779670756854,4.242640687119285,4.242640687119285,1.0,0.0,0.0,0.6926975894383215,0.9997083506672619
distmap,1,BraTS-GLI-01219-000,WT,0.9087893988734047,0.9094451561893848,3.7416573867739413,3.5355339059327378,2.0,0.0,0.0,0.9271060303820776,0.9983228494849767
distmap,1,BraTS-GLI-01219-000,TC,0.9698496590629022,0.48940109996407155,63.324560795950255,187.5,1.0,0.0,1.0,0.9474585339753879,0.9999866431856115
distmap,1,BraTS-GLI-01219-000,ET,0.9662229617304493,0.487628057996977,63.095166217389426,187.5,1.0,0.0,1.0,0.9375706366718691,0.9999934900356577
distmap,1,BraTS-GLI-01226-000,WT,0.9034166468622167,0.9034166468622167,2.23606797749979,2.23606797749979,1.0,0.0,0.0,0.9341817687473203,0.9985499933030455
distmap,1,BraTS-GLI-01226-000,TC,0.8998756813617672,0.8694421800010491,2.0,2.414213562373095,2.0,0.0,0.0,0.8262503512222534,0.9999676387332003
distmap,1,BraTS-GLI-01226-000,ET,0.869053013140009,0.8391833423472148,1.4142135623730951,1.4142135623730951,2.0,0.0,0.0,0.7829580611894121,0.9999505880471588
distmap,1,BraTS-GLI-01265-000,WT,0.9396453412958884,0.9396535213719858,5.744562646538029,5.744562646538029,1.0,0.0,0.0,0.9271749587685542,0.9996962724717784
distmap,1,BraTS-GLI-01265-000,TC,0.9722260415234428,0.9722260415234428,1.0,1.0,1.0,0.0,0.0,0.9662098852190208,0.9998764190406152
distmap,1,BraTS-GLI-01265-000,ET,0.9315929023047114,0.9315929023047114,1.0,1.0,1.0,0.0,0.0,0.9191328378632181,0.9997731344640017
distmap,1,BraTS-GLI-01241-000,WT,0.8982491075548217,0.8982491075548217,11.045361017187261,11.045361017187261,1.0,0.0,0.0,0.8363380111846369,0.9996105882698044
distmap,1,BraTS-GLI-01241-000,TC,0.9531427656337577,0.8646910251422814,1.7320508075688772,1.9318516525781364,2.0,0.0,0.0,0.9561899559811072,0.9996475201094007
distmap,1,BraTS-GLI-01241-000,ET,0.8705548485247436,0.8669475254354164,1.0,1.0,2.0,0.0,0.0,0.9298459423143027,0.9992576438014438
distmap,1,BraTS-GLI-01300-000,WT,0.9282268050040562,0.9282268050040562,3.7416573867739413,3.7416573867739413,1.0,0.0,0.0,0.9602261434155606,0.9994457778074484
distmap,1,BraTS-GLI-01300-000,TC,0.8671732230451091,0.43383697430468676,2.23606797749979,188.1180339887499,1.0,1.0,0.0,0.8931154036651808,0.999811278545802
distmap,1,BraTS-GLI-01300-000,ET,0.8730119407422088,0.43674400158635734,2.0,188.0,1.0,1.0,0.0,0.901832326747876,0.9998201437033869
distmap,1,BraTS-GLI-01246-000,WT,0.9767108804306036,0.9767108804306036,1.0,1.0,1.0,0.0,0.0,0.979271066224655,0.9996945909853685
distmap,1,BraTS-GLI-01246-000,TC,0.8562822573821812,0.8562822573821812,3.0,3.0,1.0,0.0,0.0,0.7580142608904069,0.9999532301653741
distmap,1,BraTS-GLI-01246-000,ET,0.8674335010783609,0.8674335010783609,1.4142135623730951,1.4142135623730951,1.0,0.0,0.0,0.9757399320718098,0.9994295944834312
distmap,1,BraTS-GLI-01247-000,WT,0.8177288768943326,0.8177458531420623,6.164414002968976,6.164414002968976,1.0,0.0,0.0,0.759896596959642,0.9997127638231147
distmap,1,BraTS-GLI-01247-000,TC,0.89599609375,0.89599609375,1.4142135623730951,1.4142135623730951,1.0,0.0,0.0,0.8851905451037144,0.9999789377618705
distmap,1,BraTS-GLI-01247-000,ET,0.7923997185080929,0.7923997185080929,2.0,2.0,1.0,0.0,0.0,0.9607508532423208,0.9999390601006315
distmap,1,BraTS-GLI-01293-000,WT,0.891611645485811,0.4459091544580246,5.744562646538029,189.87228132326902,1.0,1.0,0.0,0.9357478710016136,0.9975967437099071
distmap,1,BraTS-GLI-01293-000,TC,0.9004443906011663,0.9004443906011663,7.0,7.0,1.0,0.0,0.0,0.8702765418431865,0.9993330355463075
distmap,1,BraTS-GLI-01293-000,ET,0.4742304104477612,0.4742304104477612,20.688160865577203,20.688160865577203,1.0,0.0,0.0,0.34636348151933233,0.9998493762742173
distmap,1,BraTS-GLI-01284-000,WT,0.9376570411242566,0.46883148039419936,4.123105625617661,189.06155281280883,1.0,1.0,0.0,0.9090758853701233,0.999441504722052
distmap,1,BraTS-GLI-01284-000,TC,0.9505921483646625,0.9505921483646625,2.0,2.0,1.0,0.0,0.0,0.9287071775329139,0.9997095093869595
distmap,1,BraTS-GLI-01284-000,ET,0.9034424046026885,0.9034424046026885,2.0,2.0,1.0,0.0,0.0,0.8826922818927004,0.999399105050556
distmap,1,BraTS-GLI-01255-000,WT,0.8487959907101821,0.8488478699346006,1.4142135623730951,1.4142135623730951,1.0,0.0,0.0,0.9242646080127779,0.999786446636826
distmap,1,BraTS-GLI-01255-000,TC,0.948626045400239,0.948626045400239,1.0,1.0,1.0,0.0,0.0,0.9620355411954766,0.99999081413843
distmap,1,BraTS-GLI-01255-000,ET,0.9534883720930233,0.9534883720930233,1.0,1.0,1.0,0.0,0.0,0.9604200323101777,0.9999924944789611
distmap,1,BraTS-GLI-01281-000,WT,0.9698290278463072,0.9698290278463072,1.0,1.0,1.0,0.0,0.0,0.9477438061459601,0.9998818030494585
distmap,1,BraTS-GLI-01281-000,TC,0.9437616228117051,0.9437616228117051,2.8284271247461903,2.8284271247461903,1.0,0.0,0.0,0.9393376356286788,0.999591758166389
distmap,1,BraTS-GLI-01281-000,ET,0.869206047926148,0.869206047926148,2.23606797749979,2.23606797749979,1.0,0.0,0.0,0.8933297865265678,0.9991763940762965
distmap,1,BraTS-GLI-01249-000,WT,0.9278802176110924,0.927991910826492,3.1622776601683795,3.1622776601683795,1.0,0.0,0.0,0.9232132592450661,0.9998436083296921
distmap,1,BraTS-GLI-01249-000,TC,0.9330656990658535,0.9330656990658535,1.4142135623730951,1.4142135623730951,1.0,0.0,0.0,0.9012677106636838,0.9999540079801763
distmap,1,BraTS-GLI-01249-000,ET,0.8207607536437966,0.8207607536437966,1.0,1.0,1.0,0.0,0.0,0.8836497244335578,0.9998026109604383
distmap,1,BraTS-GLI-01266-000,WT,0.913527397260274,0.913527397260274,10.344080432788601,10.344080432788601,1.0,0.0,0.0,0.9682458403282365,0.9973351101545171
distmap,1,BraTS-GLI-01266-000,TC,0.7672783070136181,0.8016728200906065,12.806248474865697,7.300735254367722,2.0,0.0,0.0,0.6310669401062208,0.9999703669880164
distmap,1,BraTS-GLI-01266-000,ET,0.8492833233198867,0.8428582403280283,3.0,2.0,2.0,0.0,0.0,0.7587608312245994,0.9999589454084983
distmap,1,BraTS-GLI-01263-000,WT,0.9358745011696711,0.8844890208981493,2.449489742783178,3.4372472994313576,3.0,0.0,0.0,0.9408265606086806,0.9995452172844489
distmap,1,BraTS-GLI-01263-000,TC,0.9068538817945531,0.8959966680107172,2.23606797749979,2.802775637731995,2.0,0.0,0.0,0.9096808932721192,0.9996168773672469
distmap,1,BraTS-GLI-01263-000,ET,0.7522246137042629,0.7684100938881673,1.4142135623730951,1.2071067811865475,2.0,0.0,0.0,0.9187789374558581,0.9992509470001818
distmap,1,BraTS-GLI-01333-000,WT,0.9647378884587213,0.9652428810720268,1.0,1.0,1.0,0.0,0.0,0.9544513457556936,0.9999868880678054
distmap,1,BraTS-GLI-01333-000,TC,0.9797205948625507,0.9797205948625507,0.0,0.0,1.0,0.0,0.0,0.9792792792792793,0.9999975355358921
distmap,1,BraTS-GLI-01333-000,ET,0.9706019598693421,0.9706019598693421,0.0,0.0,1.0,0.0,0.0,0.9602954755309326,0.99999775958486
distmap,1,BraTS-GLI-01311-000,WT,0.9011033256348456,0.33907497611018506,35.45419580247167,135.9392260542813,2.0,0.0,1.0,0.8265267390925225,0.9999122362089394
distmap,1,BraTS-GLI-01311-000,TC,0.9821470611316017,0.4921549351160047,1.4142135623730951,187.5,1.0,0.0,1.0,0.9753921091086215,0.999937251279336
distmap,1,BraTS-GLI-01311-000,ET,0.980756242376589,0.4914879214362933,1.0,187.5,1.0,0.0,1.0,0.9702614835351138,0.9999529165971586
distmap,1,BraTS-GLI-01358-000,WT,0.9847827230639731,0.9847827230639731,1.0,1.0,1.0,0.0,0.0,0.9722889532392318,0.9999589695989802
distmap,1,BraTS-GLI-01358-000,TC,0.9871843854727259,0.9871843854727259,1.0,1.0,1.0,0.0,0.0,0.9806968648672096,0.9999357159696132
distmap,1,BraTS-GLI-01358-000,ET,0.9757394008631632,0.9757394008631632,0.0,0.0,1.0,0.0,0.0,0.9605892092848887,0.9999396433792397
distmap,1,BraTS-GLI-01320-000,WT,0.9830905096016095,0.4915462038526219,1.0,187.5,1.0,1.0,0.0,0.9740409300118987,0.9997723451118873
distmap,1,BraTS-GLI-01320-000,TC,0.985535413418718,0.985535413418718,1.0,1.0,1.0,0.0,0.0,0.9775327647181195,0.9999492993085397
distmap,1,BraTS-GLI-01320-000,ET,0.9744270041540384,0.9744270041540384,1.0,1.0,1.0,0.0,0.0,0.958162740654695,0.999949974576043
distmap,1,BraTS-GLI-01344-000,WT,0.9672037372485461,0.9672037372485461,1.0,1.0,1.0,0.0,0.0,0.9410946196660482,0.9999940564436002
distmap,1,BraTS-GLI-01344-000,TC,0.96050753370341,0.96050753370341,1.4142135623730951,1.4142135623730951,1.0,0.0,0.0,0.9957250904307794,0.9999735573014957
distmap,1,BraTS-GLI-01344-000,ET,0.9720616570327553,0.9720616570327553,0.0,0.0,1.0,0.0,0.0,0.9957236842105263,0.9999819607034653
distmap,1,BraTS-GLI-01336-000,WT,0.9796386287778105,0.9796386287778105,1.0,1.0,1.0,0.0,0.0,0.9653497020834166,0.9999691371443928
distmap,1,BraTS-GLI-01336-000,TC,0.9763592679381841,0.9763592679381841,1.0,1.0,1.0,0.0,0.0,0.96211855489302,0.9999832788943511
distmap,1,BraTS-GLI-01336-000,ET,0.9521044992743106,0.9521044992743106,1.0,1.0,1.0,0.0,0.0,0.9282045907137617,0.9999769018392078
distmap,1,BraTS-GLI-01332-000,WT,0.982056252808951,0.982056252808951,1.0,1.0,1.0,0.0,0.0,0.9824846321101657,0.9998452588322757
distmap,1,BraTS-GLI-01332-000,TC,0.9808014837907697,0.9808014837907697,1.0,1.0,1.0,0.0,0.0,0.975163809000667,0.9999618085365335
distmap,1,BraTS-GLI-01332-000,ET,0.9648005854372484,0.9648005854372484,1.0,1.0,1.0,0.0,0.0,0.9767372944139873,0.9998908815724908
distmap,1,BraTS-GLI-01341-000,WT,0.7736253273030231,0.49034399517199756,25.495097567963924,187.0,1.0,1.0,0.0,0.9730538922155688,0.9997969670553276
distmap,1,BraTS-GLI-01341-000,TC,0.9565760699781318,0.9565760699781318,1.0,1.0,1.0,0.0,0.0,0.9173157579388855,0.9999997759018773
distmap,1,BraTS-GLI-01341-000,ET,0.9173066619039114,0.9173066619039114,1.4142135623730951,1.4142135623730951,1.0,0.0,0.0,0.8994746059544658,0.9999802804324187
distmap,1,BraTS-GLI-01325-000,WT,0.9602792498431721,0.9602792498431721,2.0,2.0,1.0,0.0,0.0,0.952656938431112,0.9995315470281427
distmap,1,BraTS-GLI-01325-000,TC,0.9118321424762718,0.9118321424762718,4.358898943540674,4.358898943540674,1.0,0.0,0.0,0.8525525974673447,0.9999213536090255
distmap,1,BraTS-GLI-01325-000,ET,0.9250306433682051,0.9250306433682051,4.123105625617661,4.123105625617661,1.0,0.0,0.0,0.8737950347353115,0.9999355518058879
distmap,1,BraTS-GLI-01307-000,WT,0.9862721486323757,0.9862721486323757,1.0,1.0,1.0,0.0,0.0,0.9771389614816498,0.9999127054677913
distmap,1,BraTS-GLI-01307-000,TC,0.9869091407552946,0.9869091407552946,1.0,1.0,1.0,0.0,0.0,0.9817950407963817,0.9999611661457489
distmap,1,BraTS-GLI-01307-000,ET,0.9774106442902355,0.9774106442902355,1.0,1.0,1.0,0.0,0.0,0.9674943955854458,0.9999522107100633
distmap,1,BraTS-GLI-01356-000,WT,0.9705202149112293,0.9705202149112293,1.7320508075688772,1.7320508075688772,1.0,0.0,0.0,0.986907672562755,0.9992563033017243
distmap,1,BraTS-GLI-01356-000,TC,0.9877823761818884,0.9877823761818884,1.0,1.0,1.0,0.0,0.0,0.9895670154771602,0.9998477171038941
distmap,1,BraTS-GLI-01356-000,ET,0.9623921459170176,0.9623921459170176,1.0,1.0,1.0,0.0,0.0,0.9553317592637209,0.9998598997534911
distmap,1,BraTS-GLI-01322-000,WT,0.964691801316577,0.48780021660189843,11.045361017187261,187.5,1.0,0.0,1.0,0.9381853825889849,0.9999874322195474
distmap,1,BraTS-GLI-01322-000,TC,0.9336332958380202,0.4844015280135823,22.315913604421397,187.5,1.0,0.0,1.0,0.8903842402964697,0.9999902497771738
distmap,1,BraTS-GLI-01322-000,ET,0.8936170212765957,0.4614245154919146,21.840329667841555,187.70710678118655,1.0,0.0,1.0,0.8693023255813953,0.9999632439458969
distmap,1,BraTS-GLI-01374-000,WT,0.9877865185216599,0.9877865185216599,1.0,1.0,1.0,0.0,0.0,0.9949878612264077,0.9996868293416782
distmap,1,BraTS-GLI-01374-000,TC,0.9921336469061715,0.9921336469061715,0.0,0.0,1.0,0.0,0.0,0.9864393361871812,0.9999839725284623
distmap,1,BraTS-GLI-01374-000,ET,0.981107167797048,0.981107167797048,0.0,0.0,1.0,0.0,0.0,0.9658166340213952,0.9999819716359749
distmap,1,BraTS-GLI-01389-000,WT,0.9765751608309188,0.9766231215008349,1.0,1.0,1.0,0.0,0.0,0.9628625381300537,0.9999790060946318
distmap,1,BraTS-GLI-01389-000,TC,0.9916198844683102,0.9916198844683102,0.0,0.0,1.0,0.0,0.0,0.9910554561717353,0.9999946199505013
distmap,1,BraTS-GLI-01389-000,ET,0.9838926174496644,0.9838926174496644,0.0,0.0,1.0,0.0,0.0,0.9836725564750615,0.9999920435065545
distmap,1,BraTS-GLI-01407-000,WT,0.9261312485193082,0.19461343157265892,24.596747752497688,299.4,1.0,4.0,0.0,0.9594541527586884,0.99987149317086
distmap,1,BraTS-GLI-01407-000,TC,0.983779705771407,0.983779705771407,0.0,0.0,1.0,0.0,0.0,0.9778777652793401,0.9999939479971569
distmap,1,BraTS-GLI-01407-000,ET,0.9751799720640378,0.9751799720640378,0.0,0.0,1.0,0.0,0.0,0.9598138747884941,0.999995405272864
distmap,1,BraTS-GLI-01397-000,WT,0.9691364168842405,0.9691364168842405,1.4142135623730951,1.4142135623730951,1.0,0.0,0.0,0.989137739712111,0.9996236469311826
distmap,1,BraTS-GLI-01397-000,TC,0.9683246283648052,0.9683246283648052,1.4142135623730951,1.4142135623730951,1.0,0.0,0.0,0.9497793190416142,0.9999575103301604
distmap,1,BraTS-GLI-01397-000,ET,0.9587143370008236,0.9587143370008236,1.0,1.0,1.0,0.0,0.0,0.9502260549229739,0.999913972330986
distmap,1,BraTS-GLI-01375-000,WT,0.9636059800589931,0.9636059800589931,2.23606797749979,2.23606797749979,1.0,0.0,0.0,0.9609869583696844,0.9998310312038424
distmap,1,BraTS-GLI-01375-000,TC,0.6419561420531729,0.3256546564284308,48.25971404805462,249.33333333333334,1.0,2.0,0.0,0.9740871613663133,0.9997982367166157
distmap,1,BraTS-GLI-01375-000,ET,0.8677871148459384,0.1930819569959489,48.425200051213004,299.2,1.0,4.0,0.0,0.9615145872129113,0.9999540687729384
distmap,1,BraTS-GLI-01395-000,WT,0.9825747497437464,0.9825747497437464,1.0,1.0,1.0,0.0,0.0,0.9858643326039387,0.9999465477841474
distmap,1,BraTS-GLI-01395-000,TC,0.8466474883823855,0.8466474883823855,3.0,3.0,1.0,0.0,0.0,0.7582243361078082,0.9999907007771125
distmap,1,BraTS-GLI-01395-000,ET,0.8194156889809063,0.8194156889809063,3.3166247903554,3.3166247903554,1.0,0.0,0.0,0.7059056678557273,0.9999951823303113
distmap,1,BraTS-GLI-01396-000,WT,0.9907809848202618,0.9907809848202618,0.0,0.0,1.0,0.0,0.0,0.9972976512184378,0.999849389399524
distmap,1,BraTS-GLI-01396-000,TC,0.9408788282290279,0.9408788282290279,2.449489742783178,2.449489742783178,1.0,0.0,0.0,0.9311253623825002,0.9999385417137464
distmap,1,BraTS-GLI-01396-000,ET,0.9512916077624984,0.9512916077624984,1.4142135623730951,1.4142135623730951,1.0,0.0,0.0,0.9447351627313337,0.9999635656963745
distmap,1,BraTS-GLI-01390-000,WT,0.9726028727650606,0.9726028727650606,1.0,1.0,1.0,0.0,0.0,0.9497192929216296,0.9999808456660954
distmap,1,BraTS-GLI-01390-000,TC,0.9816055385029014,0.9816055385029014,1.0,1.0,1.0,0.0,0.0,0.9720878633237187,0.9999784402049753
distmap,1,BraTS-GLI-01390-000,ET,0.9633335617846618,0.9633335617846618,1.0,1.0,1.0,0.0,0.0,0.9614884739038237,0.9999431192271485
distmap,1,BraTS-GLI-01378-000,WT,0.986139375951205,0.986139375951205,1.0,1.0,1.0,0.0,0.0,0.9814237713052107,0.9998226294853297
distmap,1,BraTS-GLI-01378-000,TC,0.9883184093290874,0.9883184093290874,1.0,1.0,1.0,0.0,0.0,0.9788170233229142,0.999972282900708
distmap,1,BraTS-GLI-01378-000,ET,0.9400052962465305,0.9400052962465305,1.0,1.0,1.0,0.0,0.0,0.8935483870967742,0.99995402490543
distmap,1,BraTS-GLI-01385-000,WT,0.9831799056307449,0.9831799056307449,1.0,1.0,1.0,0.0,0.0,0.9731665152001749,0.9998922754064639
distmap,1,BraTS-GLI-01385-000,TC,0.9908069842492684,0.9908069842492684,1.0,1.0,1.0,0.0,0.0,0.9925554342506494,0.9998678266484148
distmap,1,BraTS-GLI-01385-000,ET,0.9797893702778059,0.9797893702778059,0.0,0.0,1.0,0.0,0.0,0.9662767670147744,0.9999513423801886
distmap,1,BraTS-GLI-01377-000,WT,0.9698477044089481,0.3238214978657354,2.23606797749979,249.66666666666666,1.0,2.0,0.0,0.9571484937741441,0.9997940814051994
distmap,1,BraTS-GLI-01377-000,TC,0.9850193251297713,0.985085761312974,1.0,1.0,1.0,0.0,0.0,0.9741506474045283,0.999963472207552
distmap,1,BraTS-GLI-01377-000,ET,0.981417854552804,0.9814834635556031,1.0,1.0,1.0,0.0,0.0,0.9691242075604602,0.9999439092959034
distmap,1,BraTS-GLI-01387-000,WT,0.9048678090504201,0.9048678090504201,4.123105625617661,4.123105625617661,1.0,0.0,0.0,0.8441769504967659,0.9997735324512379
distmap,1,BraTS-GLI-01387-000,TC,0.9634709789200115,0.9618239060225624,1.0,0.5,2.0,0.0,0.0,0.9882997630331753,0.9999521367414066
distmap,1,BraTS-GLI-01387-000,ET,0.9412205166604268,0.9258622335628157,1.0,0.5,2.0,0.0,0.0,0.9401645474943904,0.9999654811148075
distmap,1,BraTS-GLI-01451-000,WT,0.7953703991786192,0.7953703991786192,4.123105625617661,4.123105625617661,1.0,0.0,0.0,0.670091743119266,0.9999681218553305
distmap,1,BraTS-GLI-01451-000,TC,0.9436288243864172,0.9436288243864172,2.0,2.0,1.0,0.0,0.0,0.9036273878514702,0.9999878905874209
distmap,1,BraTS-GLI-01451-000,ET,0.9335316869979173,0.9335316869979173,1.4142135623730951,1.4142135623730951,1.0,0.0,0.0,0.8855272070444795,0.9999884518039964
distmap,1,BraTS-GLI-01409-000,WT,0.9546353071528398,0.1910304862685815,1.4142135623730951,299.4828427124746,1.0,4.0,0.0,0.9796878230308043,0.9996831022991226
distmap,1,BraTS-GLI-01409-000,TC,0.9775946341289379,0.6487630288226934,1.0,125.33333333333333,2.0,0.0,1.0,0.9748817020671007,0.9999382015042203
distmap,1,BraTS-GLI-01409-000,ET,0.973513418698474,0.6458568505423307,1.0,125.33333333333333,2.0,0.0,1.0,0.9699782507379214,0.9999341739595778
distmap,1,BraTS-GLI-01411-000,WT,0.8867973161282008,0.8867973161282008,4.358898943540674,4.358898943540674,1.0,0.0,0.0,0.9854194264437364,0.996996577693348
distmap,1,BraTS-GLI-01411-000,TC,0.9657626208378088,0.9657626208378088,1.0,1.0,1.0,0.0,0.0,0.9807410437331697,0.9996673929901776
distmap,1,BraTS-GLI-01411-000,ET,0.8897956769863095,0.4449109941451298,1.4142135623730951,187.70710678118655,1.0,1.0,0.0,0.9557567095442274,0.9993187219939493
distmap,1,BraTS-GLI-01479-000,WT,0.883007952043774,0.8831182411530452,9.1104335791443,9.0,1.0,0.0,0.0,0.7990286516233818,0.999765729136875
distmap,1,BraTS-GLI-01479-000,TC,0.7113373392612619,0.7113373392612619,14.177446878757825,14.177446878757825,1.0,0.0,0.0,0.5525912799982499,0.9999774732434733
distmap,1,BraTS-GLI-01479-000,ET,0.8231672440054242,0.4115994935504811,7.0710678118654755,190.64005494464027,1.0,1.0,0.0,0.7151854912558908,0.9997724715204718
distmap,1,BraTS-GLI-01417-000,WT,0.8833553950304451,0.8833553950304451,2.449489742783178,2.449489742783178,1.0,0.0,0.0,0.955913890480478,0.9985645514815469
distmap,1,BraTS-GLI-01417-000,TC,0.945108674892089,0.945108674892089,1.0,1.0,1.0,0.0,0.0,0.9446756519415066,0.9998399201780223
distmap,1,BraTS-GLI-01417-000,ET,0.8995090896864002,0.8995090896864002,1.4142135623730951,1.4142135623730951,1.0,0.0,0.0,0.9255893343174794,0.9996777570272266
distmap,1,BraTS-GLI-01452-000,WT,0.9220442593230751,0.9220442593230751,1.4142135623730951,1.4142135623730951,1.0,0.0,0.0,0.9891028319778842,0.9994532921668929
distmap,1,BraTS-GLI-01452-000,TC,0.9024445967557688,0.9024445967557688,1.0,1.0,1.0,0.0,0.0,0.8260142199916353,0.9999975345217387
distmap,1,BraTS-GLI-01452-000,ET,0.8835181263236577,0.8835181263236577,1.0,1.0,1.0,0.0,0.0,0.7988285649921153,0.9999952933587836
distmap,1,BraTS-GLI-01419-000,WT,0.9393469401624761,0.9393469401624761,3.0,3.0,1.0,0.0,0.0,0.9203129458765338,0.999055489152005
distmap,1,BraTS-GLI-01419-000,TC,0.7763966258156931,0.7763966258156931,11.224972160321824,11.224972160321824,1.0,0.0,0.0,0.6364786931447509,0.9999732244475933
distmap,1,BraTS-GLI-01419-000,ET,0.9160649042305847,0.9160649042305847,2.23606797749979,2.23606797749979,1.0,0.0,0.0,0.8788415238634755,0.999809805355476
distmap,1,BraTS-GLI-01427-000,WT,0.9307924763463887,0.9307924763463887,2.0,2.0,1.0,0.0,0.0,0.9328363387626025,0.999182293400786
distmap,1,BraTS-GLI-01427-000,TC,0.9552883317839685,0.9552883317839685,1.0,1.0,1.0,0.0,0.0,0.9476439790575916,0.9998626099345385
distmap,1,BraTS-GLI-01427-000,ET,0.890014040760754,0.890014040760754,1.0,1.0,1.0,0.0,0.0,0.9021434424461983,0.9996742211206456
distmap,1,BraTS-GLI-01466-000,WT,0.9680570805048593,0.9680570805048593,1.4142135623730951,1.4142135623730951,1.0,0.0,0.0,0.9619131257177599,0.999571866418678
distmap,1,BraTS-GLI-01466-000,TC,0.9558634038434951,0.9558634038434951,1.7320508075688772,1.7320508075688772,1.0,0.0,0.0,0.9219133366047236,0.9999251776436685
distmap,1,BraTS-GLI-01466-000,ET,0.9180981511319879,0.9180981511319879,1.0,1.0,1.0,0.0,0.0,0.8632395234182416,0.9998863531818403
distmap,1,BraTS-GLI-01471-000,WT,0.966264350304822,0.966264350304822,2.8284271247461903,2.8284271247461903,1.0,0.0,0.0,0.9563305935071603,0.999468798135156
distmap,1,BraTS-GLI-01471-000,TC,0.9689371611229023,0.9689371611229023,1.4142135623730951,1.4142135623730951,1.0,0.0,0.0,0.9629218472468917,0.9996722240280671
distmap,1,BraTS-GLI-01471-000,ET,0.9196886719914635,0.9196886719914635,1.0,1.0,1.0,0.0,0.0,0.9004025072205494,0.9995765498186374
distmap,1,BraTS-GLI-01458-000,WT,0.955373546935902,0.955373546935902,9.9498743710662,9.9498743710662,1.0,0.0,0.0,0.9218636092517728,0.999945645089045
distmap,1,BraTS-GLI-01458-000,TC,0.9001982496010831,0.9001982496010831,2.8284271247461903,2.8284271247461903,1.0,0.0,0.0,0.9524467295935334,0.9992803389663094
distmap,1,BraTS-GLI-01458-000,ET,0.761437298263398,0.2538598363571683,2.23606797749979,250.07868932583327,1.0,2.0,0.0,0.8347663332748435,0.9993134253621658
distmap,1,BraTS-GLI-01444-000,WT,0.9320615071705006,0.9320615071705006,2.23606797749979,2.23606797749979,1.0,0.0,0.0,0.8828030703918852,0.9997792190312739
distmap,1,BraTS-GLI-01444-000,TC,0.9572903612186277,0.9572903612186277,1.4142135623730951,1.4142135623730951,1.0,0.0,0.0,0.9564311674496941,0.9997877939532197
distmap,1,BraTS-GLI-01444-000,ET,0.9486605995166847,0.9486605995166847,1.0,1.0,1.0,0.0,0.0,0.9500772399588053,0.9997688195510037
distmap,1,BraTS-GLI-01480-000,WT,0.8136269943031503,0.2716675608447544,5.916079783099616,251.30535992769987,1.0,2.0,0.0,0.7223342939481268,0.9997922031192021
distmap,1,BraTS-GLI-01480-000,TC,0.040653357531760435,0.013581931180839774,12.84523257866513,253.80546928833292,1.0,2.0,0.0,0.021218149095386947,0.9999731985951579
distmap,1,BraTS-GLI-01480-000,ET,0.0,0.0,374.0,374.0,0.0,8.0,0.0,0.0,0.9999857750896057
distmap,1,BraTS-GLI-01517-000,WT,0.9146315584978406,0.9146315584978406,4.123105625617661,4.123105625617661,1.0,0.0,0.0,0.965131607995509,0.9973732707175503
distmap,1,BraTS-GLI-01517-000,TC,0.784174447098235,0.3933959401526527,15.0,193.83739716558867,1.0,0.0,1.0,0.7739476503903261,0.9985259521114969
distmap,1,BraTS-GLI-01517-000,ET,0.0,0.0,374.0,374.0,0.0,11.0,0.0,0.0,0.9998883288530466
distmap,1,BraTS-GLI-01534-000,WT,0.908941590547222,0.908941590547222,3.605551275463989,3.605551275463989,1.0,0.0,0.0,0.8617144673075395,0.9997560085571848
distmap,1,BraTS-GLI-01534-000,TC,0.8048789707790981,0.8048789707790981,7.874007874011811,7.874007874011811,1.0,0.0,0.0,0.6976104145734131,0.9998152488488798
distmap,1,BraTS-GLI-01534-000,ET,0.0,0.0,374.0,374.0,0.0,9.0,0.0,0.0,0.9999756944444445
distmap,1,BraTS-GLI-01494-000,WT,0.9646748998717208,0.9646748998717208,4.242640687119285,4.242640687119285,1.0,0.0,0.0,0.9638313312137491,0.9992453459086885
distmap,1,BraTS-GLI-01494-000,TC,0.642213289481698,0.321131092872044,10.04987562112089,192.02493781056046,1.0,1.0,0.0,0.9979651713041833,0.9947207524508943
distmap,1,BraTS-GLI-01494-000,ET,0.0,0.0,374.0,374.0,0.0,7.0,0.0,0.0,0.9999187948028674
distmap,1,BraTS-GLI-01536-000,WT,0.8661843226603128,0.4331147598010227,3.0,188.5,1.0,1.0,0.0,0.9988968671025713,0.998272949452712
distmap,1,BraTS-GLI-01536-000,TC,0.4916752312435766,0.1639816274765202,10.0,252.66666666666666,1.0,2.0,0.0,0.33290035257005013,0.9999743193564095
distmap,1,BraTS-GLI-01536-000,ET,0.8202614379084967,0.8202614379084967,1.4142135623730951,1.4142135623730951,1.0,0.0,0.0,0.7195413282369804,0.9999918215594225
distmap,1,BraTS-GLI-01493-000,WT,0.9401597468945307,0.9401597468945307,4.242640687119285,4.242640687119285,1.0,0.0,0.0,0.9416371215958235,0.9994649191577132
distmap,1,BraTS-GLI-01493-000,TC,0.7836191602602011,0.7836191602602011,7.810249675906654,7.810249675906654,1.0,0.0,0.0,0.7132629992464204,0.9995521235104339
distmap,1,BraTS-GLI-01493-000,ET,0.8993125986026594,0.8993125986026594,1.4142135623730951,1.4142135623730951,1.0,0.0,0.0,0.872996772958486,0.9998594792629216
distmap,1,BraTS-GLI-01524-000,WT,0.9575486894774239,0.9575486894774239,5.0990195135927845,5.0990195135927845,1.0,0.0,0.0,0.9272697745183514,0.9998740211957635
distmap,1,BraTS-GLI-01524-000,TC,0.9313677212852395,0.9313677212852395,4.898979485566356,4.898979485566356,1.0,0.0,0.0,0.9049316412090476,0.9996379628820371
distmap,1,BraTS-GLI-01524-000,ET,0.0,0.0,374.0,374.0,0.0,14.0,0.0,0.0,0.999953629032258
distmap,1,BraTS-GLI-01510-000,WT,0.9496225567556179,0.9496225567556179,3.7416573867739413,3.7416573867739413,1.0,0.0,0.0,0.9523445037114997,0.9992393138420002
distmap,1,BraTS-GLI-01510-000,TC,0.8786329332757074,0.43931938774153223,3.605551275463989,188.802775637732,1.0,1.0,0.0,0.9224314853337429,0.9985663431294053
distmap,1,BraTS-GLI-01510-000,ET,0.0,0.0,374.0,374.0,0.0,34.0,0.0,0.0,0.9999674059139785
distmap,1,BraTS-GLI-01525-000,WT,0.8352690430592451,0.8352690430592451,13.601470508735444,13.601470508735444,1.0,0.0,0.0,0.7217477179309241,0.9999728925169175
distmap,1,BraTS-GLI-01525-000,TC,0.7997938380483335,0.7997938380483335,4.123105625617661,4.123105625617661,1.0,0.0,0.0,0.6759922555663117,0.9999832915997116
distmap,1,BraTS-GLI-01525-000,ET,0.8500134156157768,0.8500134156157768,4.47213595499958,4.47213595499958,1.0,0.0,0.0,0.7580760947595119,0.9999760080057025
distmap,1,BraTS-GLI-01527-000,WT,0.9684444494336615,0.9684444494336615,1.7320508075688772,1.7320508075688772,1.0,0.0,0.0,0.9856387171958367,0.9995062481385328
distmap,1,BraTS-GLI-01527-000,TC,0.9351061456207185,0.9351061456207185,2.449489742783178,2.449489742783178,1.0,0.0,0.0,0.9108177720540889,0.9997391121919088
distmap,1,BraTS-GLI-01527-000,ET,0.3310810810810811,0.04392764857881137,16.911534525287763,332.9887754983963,1.0,8.0,0.0,0.4117647058823529,0.99998566289134
distmap,1,BraTS-GLI-01512-000,WT,0.9241332329425263,0.9241431731724195,13.341664064126334,13.30413469565007,1.0,0.0,0.0,0.8720320461204301,0.9997439697647426
distmap,1,BraTS-GLI-01512-000,TC,0.9120603542348694,0.9120651392656094,4.242640687119285,4.242640687119285,1.0,0.0,0.0,0.9227004936043735,0.9989268485401801
distmap,1,BraTS-GLI-01512-000,ET,0.0,0.0,25.39685019840059,374.0,0.0,10.0,0.0,0.0,0.9999867831067495
distmap,1,BraTS-GLI-01498-000,WT,0.8804309498364409,0.8804484629294755,6.4031242374328485,6.4031242374328485,1.0,0.0,0.0,0.8167206240040258,0.9986683545917259
distmap,1,BraTS-GLI-01498-000,TC,0.6345495913973709,0.2411373372033748,22.561028345356956,133.92352920370067,2.0,1.0,0.0,0.47757132210713177,0.9996250245641265
distmap,1,BraTS-GLI-01498-000,ET,0.8628928030722647,0.4646404744255004,16.34013463836819,10.216306027958876,2.0,0.0,0.0,0.8918857026538765,0.9992248584410385
distmap,2,BraTS-GLI-00000-000,WT,0.9580924981474217,0.3195508179370424,2.23606797749979,250.07868932583327,1.0,2.0,0.0,0.9588866591047902,0.9997236969594829
distmap,2,BraTS-GLI-00000-000,TC,0.9791049413540176,0.9791049413540176,1.0,1.0,1.0,0.0,0.0,0.9920843733837055,0.9998276586190784
distmap,2,BraTS-GLI-00000-000,ET,0.9543130707172198,0.9543130707172198,1.0,1.0,1.0,0.0,0.0,0.9866181907060585,0.999701639152228
distmap,2,BraTS-GLI-00043-000,WT,0.9823607172770115,0.9823607172770115,1.0,1.0,1.0,0.0,0.0,0.9861222257113625,0.9997592102913023
distmap,2,BraTS-GLI-00043-000,TC,0.8375305623471883,0.8375817592762393,5.196152422706632,5.0990195135927845,1.0,0.0,0.0,0.7392500674399785,0.9999457879906369
distmap,2,BraTS-GLI-00043-000,ET,0.427725531173807,0.42778513202814744,14.142135623730951,14.142135623730951,1.0,0.0,0.0,0.2726707522870592,0.9999970841364575
distmap,2,BraTS-GLI-00066-000,WT,0.9806475044100861,0.9806475044100861,1.0,1.0,1.0,0.0,0.0,0.9764426305729194,0.9999347529149135
distmap,2,BraTS-GLI-00066-000,TC,0.9816025338634679,0.9816025338634679,1.0,1.0,1.0,0.0,0.0,0.9664278131634819,0.9999977579641597
distmap,2,BraTS-GLI-00066-000,ET,0.952807755624657,0.952807755624657,1.0,1.0,1.0,0.0,0.0,0.9195057369814651,0.9999932753029336
distmap,2,BraTS-GLI-00017-001,WT,0.961531648559282,0.9617020020079136,1.4142135623730951,1.4142135623730951,1.0,0.0,0.0,0.9818368177501771,0.9995478272291514
distmap,2,BraTS-GLI-00017-001,TC,0.0,0.0,374.0,374.0,0.0,1.0,0.0,0.0,0.9973798163082437
distmap,2,BraTS-GLI-00017-001,ET,0.0,0.0,374.0,374.0,0.0,2.0,0.0,0.0,0.9999993279569892
distmap,2,BraTS-GLI-00054-000,WT,0.9393875417219608,0.4697173823431829,2.8284271247461903,188.4142135623731,1.0,1.0,0.0,0.9298708277770038,0.9994323430129932
distmap,2,BraTS-GLI-00054-000,TC,0.9073397100853792,0.9073397100853792,4.0,4.0,1.0,0.0,0.0,0.8392877104339467,0.9998916110824614
distmap,2,BraTS-GLI-00054-000,ET,0.782247355441332,0.782247355441332,2.8284271247461903,2.8284271247461903,1.0,0.0,0.0,0.7753899604219273,0.9986967098545665
distmap,2,BraTS-GLI-00026-000,WT,0.9091868981670819,0.9091868981670819,4.242640687119285,4.242640687119285,1.0,0.0,0.0,0.8543797864609537,0.9997975485420559
distmap,2,BraTS-GLI-00026-000,TC,0.9488180698645361,0.9488180698645361,1.0,1.0,1.0,0.0,0.0,0.9399529859850626,0.9998437217694338
distmap,2,BraTS-GLI-00026-000,ET,0.9351061076604554,0.9351061076604554,1.0,1.0,1.0,0.0,0.0,0.9332945886607258,0.9997812752752941
distmap,2,BraTS-GLI-00032-000,WT,0.9668007527234432,0.9668007527234432,1.4142135623730951,1.4142135623730951,1.0,0.0,0.0,0.9505165604879319,0.9998420747843773
distmap,2,BraTS-GLI-00032-000,TC,0.9656086848429601,0.9656086848429601,1.0,1.0,1.0,0.0,0.0,0.964569536423841,0.9999549121122666
distmap,2,BraTS-GLI-00032-000,ET,0.9395316322963999,0.9395316322963999,1.0,1.0,1.0,0.0,0.0,0.9413648188913348,0.9999299170689053
distmap,2,BraTS-GLI-00045-001,WT,0.9702408858527002,0.970262546883372,1.0,1.0,1.0,0.0,0.0,0.9596784878328843,0.9999528373764242
distmap,2,BraTS-GLI-00045-001,TC,0.9819211220485106,0.9819211220485106,1.0,1.0,1.0,0.0,0.0,0.9918118014036912,0.9999755613764819
distmap,2,BraTS-GLI-00045-001,ET,0.9645298222893733,0.9645298222893733,1.0,1.0,1.0,0.0,0.0,0.9927428909952607,0.9999502311784181
distmap,2,BraTS-GLI-00014-001,WT,0.9442253521126761,0.9442253521126761,2.449489742783178,2.449489742783178,1.0,0.0,0.0,0.9118134715025906,0.9999151798771571
distmap,2,BraTS-GLI-00014-001,TC,0.2345737982543749,0.2346451220571627,11.74734012447073,11.661903789690601,1.0,0.0,0.0,0.13287091696182604,1.0
distmap,2,BraTS-GLI-00014-001,ET,0.11243263333952797,0.11246921039178324,13.74772708486752,13.601470508735444,1.0,0.0,0.0,0.059564832135473075,1.0
distmap,2,BraTS-GLI-00036-001,WT,0.9809184267715865,0.9809184267715865,1.0,1.0,1.0,0.0,0.0,0.9766816955269813,0.9997034702211541
distmap,2,BraTS-GLI-00036-001,TC,0.9728242120119178,0.9728242120119178,2.449489742783178,2.449489742783178,1.0,0.0,0.0,0.9804656014413731,0.9997484412097518
distmap,2,BraTS-GLI-00036-001,ET,0.9555429908876938,0.9555429908876938,1.0,1.0,1.0,0.0,0.0,0.9633586976694859,0.9997751477652623
distmap,2,BraTS-GLI-00059-001,WT,0.968932379656852,0.968932379656852,1.0,1.0,1.0,0.0,0.0,0.9773813739376771,0.9997962357882906
distmap,2,BraTS-GLI-00059-001,TC,0.979939573749966,0.9799662474821711,1.0,1.0,1.0,0.0,0.0,0.9709277238403452,0.9999777764308948
distmap,2,BraTS-GLI-00059-001,ET,0.9657033979040965,0.96573406586427,1.0,1.0,1.0,0.0,0.0,0.9555080751586753,0.9999582589353089
distmap,2,BraTS-GLI-00030-000,WT,0.9432557676843877,0.4718606281024637,4.358898943540674,189.5,1.0,0.0,1.0,0.9643038747076172,0.9989241775599648
distmap,2,BraTS-GLI-00030-000,TC,0.9514372633016701,0.9515554175721825,1.7320508075688772,1.7320508075688772,1.0,0.0,0.0,0.9722870774540656,0.9996828520499751
distmap,2,BraTS-GLI-00030-000,ET,0.9062964972779947,0.9064551709648616,1.4142135623730951,1.4142135623730951,1.0,0.0,0.0,0.9522530807430568,0.9995444237409721
distmap,2,BraTS-GLI-00095-001,WT,0.98623614128282,0.98623614128282,1.0,1.0,1.0,0.0,0.0,0.9760334739083429,0.9999085849760214
distmap,2,BraTS-GLI-00095-001,TC,0.9893341984934049,0.9893341984934049,1.0,1.0,1.0,0.0,0.0,0.9819669326678273,0.9999646604166197
distmap,2,BraTS-GLI-00095-001,ET,0.9631991404178784,0.9631991404178784,1.0,1.0,1.0,0.0,0.0,0.9359480684552182,0.9999629668901485
distmap,2,BraTS-GLI-00072-000,WT,0.9453950245854925,0.24038539307667423,10.44030650891055,280.9330127018922,1.0,3.0,0.0,0.9600274558888844,0.9994047685605757
distmap,2,BraTS-GLI-00072-000,TC,0.9766934464336691,0.9766934464336691,1.0,1.0,1.0,0.0,0.0,0.9624650873068499,0.9999529185593575
distmap,2,BraTS-GLI-00072-000,ET,0.9410574323814126,0.9410574323814126,1.0,1.0,1.0,0.0,0.0,0.9322581610364741,0.999815730457844
distmap,2,BraTS-GLI-00113-000,WT,0.8403871648301521,0.8403871648301521,6.0,6.0,1.0,0.0,0.0,0.7693532390248995,0.9997345238065777
distmap,2,BraTS-GLI-00113-000,TC,0.842798353909465,0.842798353909465,1.7320508075688772,1.7320508075688772,1.0,0.0,0.0,0.750733137829912,0.9999929419309129
distmap,2,BraTS-GLI-00113-000,ET,0.7828454731109599,0.7828454731109599,1.4142135623730951,1.4142135623730951,1.0,0.0,0.0,0.6919374247894103,0.9999858844690847
distmap,2,BraTS-GLI-00077-000,WT,0.9637448040894608,0.9637448040894608,3.0,3.0,1.0,0.0,0.0,0.9516575566124796,0.999474617508489
distmap,2,BraTS-GLI-00077-000,TC,0.9827474015581857,0.9827474015581857,1.0,1.0,1.0,0.0,0.0,0.9711505039972194,0.9999659544149909
distmap,2,BraTS-GLI-00077-000,ET,0.9649656010830824,0.4824894660495959,1.0,187.5,1.0,1.0,0.0,0.9460411192675461,0.9999388151027271
distmap,2,BraTS-GLI-00110-000,WT,0.9731642196875802,0.9731642196875802,1.0,1.0,1.0,0.0,0.0,0.9821247520387921,0.9996273731903328
distmap,2,BraTS-GLI-00110-000,TC,0.9703009115561799,0.4851821597778141,1.0,187.5,1.0,1.0,0.0,0.9479698672114403,0.9999894528213479
distmap,2,BraTS-GLI-00110-000,ET,0.9803777122957407,0.4902216864242181,1.0,187.5,1.0,1.0,0.0,0.9701126573889993,0.9999848534317075
distmap,2,BraTS-GLI-00111-000,WT,0.8909842367056752,0.8909842367056752,3.605551275463989,3.605551275463989,1.0,0.0,0.0,0.8035627511170635,0.9999961183909041
distmap,2,BraTS-GLI-00111-000,TC,0.8280911559229995,0.8281543178801886,7.615773105863909,7.483314773547883,1.0,0.0,0.0,0.7237627986348123,0.9998976435060541
distmap,2,BraTS-GLI-00111-000,ET,0.5742665742665742,0.14374096559699334,8.54400374531753,282.75,1.0,3.0,0.0,0.8428547211391761,0.9992776365118485
distmap,2,BraTS-GLI-00090-000,WT,0.96417525907614,0.96417525907614,1.4142135623730951,1.4142135623730951,1.0,0.0,0.0,0.9467404107133712,0.9998109930903196
distmap,2,BraTS-GLI-00090-000,TC,0.9560356057316544,0.9560356057316544,1.0,1.0,1.0,0.0,0.0,0.9723970409627912,0.999937212290739
distmap,2,BraTS-GLI-00090-000,ET,0.9357960655322918,0.9357960655322918,1.0,1.0,1.0,0.0,0.0,0.9454243353783232,0.9999340820181126
distmap,2,BraTS-GLI-00097-000,WT,0.9659668134100914,0.9659668134100914,1.4142135623730951,1.4142135623730951,1.0,0.0,0.0,0.9526706266847969,0.9999065954946843
distmap,2,BraTS-GLI-00097-000,TC,0.9764497016106607,0.9764497016106607,1.0,1.0,1.0,0.0,0.0,0.9810874704491725,0.9999257698291976
distmap,2,BraTS-GLI-00097-000,ET,0.9495180111618468,0.9495180111618468,1.0,1.0,1.0,0.0,0.0,0.9553343542623788,0.9998999139169923
distmap,2,BraTS-GLI-00088-000,WT,0.9714522901840046,0.9714522901840046,1.7320508075688772,1.7320508075688772,1.0,0.0,0.0,0.9623617709289792,0.9997307661067473
distmap,2,BraTS-GLI-00088-000,TC,0.9773943110647182,0.9773943110647182,1.0,1.0,1.0,0.0,0.0,0.9688454884969201,0.999904693662309
distmap,2,BraTS-GLI-00088-000,ET,0.9435574171608676,0.9435574171608676,1.0,1.0,1.0,0.0,0.0,0.9288047028086218,0.9998350064377857
distmap,2,BraTS-GLI-00098-001,WT,0.9819020091374117,0.9819020091374117,1.0,1.0,1.0,0.0,0.0,0.9700781398894607,0.9998952179955967
distmap,2,BraTS-GLI-00098-001,TC,0.9785623860996341,0.9785623860996341,2.0,2.0,1.0,0.0,0.0,0.970689702757155,0.9998918190591329
distmap,2,BraTS-GLI-00098-001,ET,0.9782265298184618,0.9782265298184618,1.0,1.0,1.0,0.0,0.0,0.976049421827974,0.9998611372755607
distmap,2,BraTS-GLI-00074-000,WT,0.9742128015618463,0.9260805235359761,1.0,1.618033988749895,2.0,0.0,0.0,0.9616130026868696,0.999740006603878
distmap,2,BraTS-GLI-00074-000,TC,0.9562070131920172,0.5880605380708844,2.0,125.60947570824874,2.0,1.0,0.0,0.9413893390759941,0.99985995654375
distmap,2,BraTS-GLI-00074-000,ET,0.921428122446414,0.5390535703621744,1.0,125.47140452079104,2.0,1.0,0.0,0.910270740188773,0.9997628092023735
distmap,2,BraTS-GLI-00094-000,WT,0.9738922999434524,0.9738922999434524,1.4142135623730951,1.4142135623730951,1.0,0.0,0.0,0.9703571428571428,0.9995853107602446
distmap,2,BraTS-GLI-00094-000,TC,0.9595831242191588,0.9595831242191588,2.23606797749979,2.23606797749979,1.0,0.0,0.0,0.9472430404030822,0.9997096159900719
distmap,2,BraTS-GLI-00094-000,ET,0.8197962247277141,0.8197962247277141,1.7320508075688772,1.7320508075688772,1.0,0.0,0.0,0.7481563529308888,0.9997027106737325
distmap,2,BraTS-GLI-00120-000,WT,0.97159136983117,0.3239618652087626,1.0,249.66666666666666,1.0,2.0,0.0,0.9814547837483617,0.9995974623264573
distmap,2,BraTS-GLI-00120-000,TC,0.967946018119416,0.967946018119416,1.4142135623730951,1.4142135623730951,1.0,0.0,0.0,0.9537836644591612,0.9998917867861521
distmap,2,BraTS-GLI-00120-000,ET,0.9082240167750472,0.9082240167750472,2.23606797749979,2.23606797749979,1.0,0.0,0.0,0.9207622614769448,0.9995250034707823
distmap,2,BraTS-GLI-00151-000,WT,0.9473969705520565,0.9473969705520565,12.24744871391589,12.24744871391589,1.0,0.0,0.0,0.9261820460766301,0.9993799557068728
distmap,2,BraTS-GLI-00151-000,TC,0.9379046285908376,0.9379046285908376,5.196152422706632,5.196152422706632,1.0,0.0,0.0,0.9589779209025279,0.9990752835566895
distmap,2,BraTS-GLI-00151-000,ET,0.9069241707889204,0.9069241707889204,3.0,3.0,1.0,0.0,0.0,0.9444367097419282,0.9987652829571191
distmap,2,BraTS-GLI-00195-000,WT,0.9860479522448578,0.9860479522448578,1.0,1.0,1.0,0.0,0.0,0.9949568849175344,0.999816316077243
distmap,2,BraTS-GLI-00195-000,TC,0.9846660491921375,0.9846660491921375,0.0,0.0,1.0,0.0,0.0,0.9908864954432477,0.9999882328840013
distmap,2,BraTS-GLI-00195-000,ET,0.9403785143857346,0.9403785143857346,2.449489742783178,2.449489742783178,1.0,0.0,0.0,0.9844251030691709,0.9999465464406093
distmap,2,BraTS-GLI-00124-000,WT,0.8760211559293952,0.8760211559293952,16.06237840420901,16.06237840420901,1.0,0.0,0.0,0.780853819239333,0.9999622940914613
distmap,2,BraTS-GLI-00124-000,TC,0.9566245467895693,0.9566245467895693,2.0,2.0,1.0,0.0,0.0,0.9953556228903909,0.9988745098960402
distmap,2,BraTS-GLI-00124-000,ET,0.4769168466522678,0.4769168466522678,10.816653826391969,10.816653826391969,1.0,0.0,0.0,0.9963594410972952,0.99042546429602
distmap,2,BraTS-GLI-00194-000,WT,0.9768927296637234,0.9768927296637234,1.0,1.0,1.0,0.0,0.0,0.9852009346778098,0.9998298518652728
distmap,2,BraTS-GLI-00194-000,TC,0.9809409697260164,0.9809409697260164,1.0,1.0,1.0,0.0,0.0,0.9865993958480622,0.9999127784318147
distmap,2,BraTS-GLI-00194-000,ET,0.9523272381857041,0.9523272381857041,1.0,1.0,1.0,0.0,0.0,0.952044631728886,0.9999104492786622
distmap,2,BraTS-GLI-00199-000,WT,0.9807187375679618,0.49183009795902083,1.4142135623730951,187.5,1.0,0.0,1.0,0.9806537161042232,0.9998363189960898
distmap,2,BraTS-GLI-00199-000,TC,0.9880701423810253,0.9882325225278284,1.0,1.0,1.0,0.0,0.0,0.989106856550033,0.9999379894723905
distmap,2,BraTS-GLI-00199-000,ET,0.9704588562896,0.9707307226483649,0.0,0.0,1.0,0.0,0.0,0.9711643310044021,0.9999157609943976
distmap,2,BraTS-GLI-00137-000,WT,0.9601282506838108,0.9601282506838108,1.4142135623730951,1.4142135623730951,1.0,0.0,0.0,0.935687019827017,0.9997144732872945
distmap,2,BraTS-GLI-00137-000,TC,0.9714265820691576,0.9714265820691576,1.0,1.0,1.0,0.0,0.0,0.9800502256642607,0.9997579769806462
distmap,2,BraTS-GLI-00137-000,ET,0.956117914923921,0.956117914923921,1.0,1.0,1.0,0.0,0.0,0.9580686660770282,0.9997421789784746
distmap,2,BraTS-GLI-00128-000,WT,0.9747488440326085,0.9747488440326085,1.0,1.0,1.0,0.0,0.0,0.9928653032813552,0.9993342298946467
distmap,2,BraTS-GLI-00128-000,TC,0.9454458117937692,0.3153974994372398,2.0,250.0,1.0,2.0,0.0,0.9183886592898725,0.9998765056016024
distmap,2,BraTS-GLI-00128-000,ET,0.9259307235938755,0.3089196886601235,2.0,249.91068360252294,1.0,2.0,0.0,0.8835599505562423,0.9998865829165519
distmap,2,BraTS-GLI-00192-000,WT,0.9677826556517104,0.4911591355599214,66.39277069079132,187.5,1.0,0.0,1.0,0.9657913890599631,0.9998791085928712
distmap,2,BraTS-GLI-00192-000,TC,0.9815187938581255,0.9815187938581255,1.0,1.0,1.0,0.0,0.0,0.9971765370226583,0.9999448048892099
distmap,2,BraTS-GLI-00192-000,ET,0.9844848484848485,0.9844848484848485,0.0,0.0,1.0,0.0,0.0,0.9888798701298701,0.9999722959998565
distmap,2,BraTS-GLI-00171-000,WT,0.9204329891914145,0.9204329891914145,4.123105625617661,4.123105625617661,1.0,0.0,0.0,0.9058165583641823,0.9995567993399705
distmap,2,BraTS-GLI-00171-000,TC,0.9414641486720337,0.9414641486720337,5.744562646538029,5.744562646538029,1.0,0.0,0.0,0.9195326278659612,0.9998964136192947
distmap,2,BraTS-GLI-00171-000,ET,0.9143828257769617,0.9143828257769617,5.830951894845301,5.830951894845301,1.0,0.0,0.0,0.859972075249853,0.9999357359980874
distmap,2,BraTS-GLI-00146-000,WT,0.9500777922377395,0.9500777922377395,8.366600265340756,8.366600265340756,1.0,0.0,0.0,0.9702576873105241,0.9984741424270983
distmap,2,BraTS-GLI-00146-000,TC,0.9134381880784785,0.9134381880784785,4.358898943540674,4.358898943540674,1.0,0.0,0.0,0.9268100078967624,0.998838802944146
distmap,2,BraTS-GLI-00146-000,ET,0.6630325415525695,0.33152049316045545,2.23606797749979,188.1180339887499,1.0,1.0,0.0,0.9345804459444903,0.9972320688114322
distmap,2,BraTS-GLI-00142-000,WT,0.949068625461629,0.951038821752985,3.0,3.302775637731995,2.0,0.0,0.0,0.9233155478347189,0.9997752097410771
distmap,2,BraTS-GLI-00142-000,TC,0.9464444624221341,0.9480299370848169,1.7320508075688772,1.618033988749895,2.0,0.0,0.0,0.9351344870308941,0.999769091045486
distmap,2,BraTS-GLI-00142-000,ET,0.8916100837378462,0.8965134279367364,1.0,1.0,2.0,0.0,0.0,0.972612382018877,0.9992654616941364
distmap,2,BraTS-GLI-00259-000,WT,0.9878631108152944,0.9878631108152944,0.0,0.0,1.0,0.0,0.0,0.9835632668634656,0.9999127815372333
distmap,2,BraTS-GLI-00259-000,TC,0.986690255292012,0.986690255292012,1.0,1.0,1.0,0.0,0.0,0.9823454716749273,0.9999757401146302
distmap,2,BraTS-GLI-00259-000,ET,0.9754195850403066,0.9754195850403066,0.0,0.0,1.0,0.0,0.0,0.9644583823337254,0.9999775600957466
distmap,2,BraTS-GLI-00201-000,WT,0.9873316352453086,0.9873316352453086,1.0,1.0,1.0,0.0,0.0,0.9927598013343618,0.9996930598730281
distmap,2,BraTS-GLI-00201-000,TC,0.9814946288641325,0.9814946288641325,1.0,1.0,1.0,0.0,0.0,0.9802653377688831,0.9998531496408548
distmap,2,BraTS-GLI-00201-000,ET,0.9467998342090838,0.9467998342090838,1.0,1.0,1.0,0.0,0.0,0.9319103016265726,0.999843419678232
distmap,2,BraTS-GLI-00282-000,WT,0.9671715215370313,0.9671715215370313,1.0,1.0,1.0,0.0,0.0,0.951452796036963,0.9999051322655643
distmap,2,BraTS-GLI-00282-000,TC,0.9703047415052088,0.9703047415052088,1.0,1.0,1.0,0.0,0.0,0.971250365461456,0.9999646771451822
distmap,2,BraTS-GLI-00282-000,ET,0.9517684887459807,0.9517684887459807,1.0,1.0,1.0,0.0,0.0,0.9709122416140612,0.9999372191749232
distmap,2,BraTS-GLI-00212-000,WT,0.8381160581263897,0.8381160581263897,5.0990195135927845,5.0990195135927845,1.0,0.0,0.0,0.7544580879082369,0.9996153068131467
distmap,2,BraTS-GLI-00212-000,TC,0.982250828944802,0.982250828944802,0.0,0.0,1.0,0.0,0.0,0.972952086553323,0.9999976471674361
distmap,2,BraTS-GLI-00212-000,ET,0.8831908831908832,0.8831908831908832,2.23606797749979,2.23606797749979,1.0,0.0,0.0,0.9540719696969697,0.9999511533194232
distmap,2,BraTS-GLI-00231-000,WT,0.9730095328033078,0.9730095328033078,5.830951894845301,5.830951894845301,1.0,0.0,0.0,0.962446825967862,0.9998581725230113
distmap,2,BraTS-GLI-00231-000,TC,0.9714033630890596,0.9714033630890596,1.0,1.0,1.0,0.0,0.0,0.9787690215970297,0.9999218756752394
distmap,2,BraTS-GLI-00231-000,ET,0.9245933426693956,0.9245933426693956,1.0,1.0,1.0,0.0,0.0,0.9224073078989791,0.9999239799096168
distmap,2,BraTS-GLI-00237-000,WT,0.9663782174943505,0.9663782174943505,1.0,1.0,1.0,0.0,0.0,0.9992401071448925,0.9995921292666292
distmap,2,BraTS-GLI-00237-000,TC,0.9672064040753207,0.9672064040753207,1.0,1.0,1.0,0.0,0.0,0.9662834552642341,0.999921401240715
distmap,2,BraTS-GLI-00237-000,ET,0.9483401765826691,0.9483401765826691,1.4142135623730951,1.4142135623730951,1.0,0.0,0.0,0.9392409100574102,0.9999122254463594
distmap,2,BraTS-GLI-00270-000,WT,0.8458588705712694,0.8458588705712694,19.209372712298546,19.209372712298546,1.0,0.0,0.0,0.7949402439525237,0.9995356616995345
distmap,2,BraTS-GLI-00270-000,TC,0.9712736038569707,0.9712736038569707,1.0,1.0,1.0,0.0,0.0,0.995880535530381,0.999970189882603
distmap,2,BraTS-GLI-00270-000,ET,0.9756688541140838,0.9756688541140838,1.0,1.0,1.0,0.0,0.0,0.9952626158599382,0.9999755691519078
distmap,2,BraTS-GLI-00249-000,WT,0.9854879028153243,0.9854879028153243,1.0,1.0,1.0,0.0,0.0,0.9930699614744569,0.9996661133720742
distmap,2,BraTS-GLI-00249-000,TC,0.9781227261702644,0.9781227261702644,5.0,5.0,1.0,0.0,0.0,0.9787240927403045,0.9998431119196255
distmap,2,BraTS-GLI-00249-000,ET,0.9614694231245358,0.9614694231245358,1.0,1.0,1.0,0.0,0.0,0.9357248275654347,0.9999599766110511
distmap,2,BraTS-GLI-00280-000,WT,0.8487130068267378,0.284972965126828,8.54400374531753,251.49358023280263,1.0,1.0,1.0,0.7685457036602075,0.9998534394413795
distmap,2,BraTS-GLI-00280-000,TC,0.92378223495702,0.92378223495702,2.0,2.0,1.0,0.0,0.0,0.8783636516053316,0.9999688203469892
distmap,2,BraTS-GLI-00280-000,ET,0.8608864076563746,0.8608864076563746,1.4142135623730951,1.4142135623730951,1.0,0.0,0.0,0.7855286412308972,0.9999575034975519
distmap,2,BraTS-GLI-00253-000,WT,0.9531757704278825,0.9531757704278825,1.0,1.0,1.0,0.0,0.0,0.9969056860255058,0.999402282956746
distmap,2,BraTS-GLI-00253-000,TC,0.9792746113989638,0.9792746113989638,1.0,1.0,1.0,0.0,0.0,0.9932846715328467,0.9999864419314085
distmap,2,BraTS-GLI-00253-000,ET,0.9750712250712251,0.9750712250712251,0.0,0.0,1.0,0.0,0.0,0.9831238779174147,0.9999895800829448
distmap,2,BraTS-GLI-00266-000,WT,0.9799047062245985,0.9799047062245985,1.0,1.0,1.0,0.0,0.0,0.9892280583703518,0.9994029227991519
distmap,2,BraTS-GLI-00266-000,TC,0.979268239392218,0.979268239392218,1.0,1.0,1.0,0.0,0.0,0.9734405639536327,0.9998665148484994
distmap,2,BraTS-GLI-00266-000,ET,0.9523698938714846,0.9523698938714846,1.0,1.0,1.0,0.0,0.0,0.9595451461194693,0.9997329284981049
distmap,2,BraTS-GLI-00291-000,WT,0.9482444863682655,0.6264669597485892,2.0,125.80473785412437,2.0,1.0,0.0,0.9885991784446146,0.9993748976951593
distmap,2,BraTS-GLI-00291-000,TC,0.936903519956725,0.9509175273944086,2.0,1.0,3.0,0.0,0.0,0.9751467867771254,0.999851495704087
distmap,2,BraTS-GLI-00291-000,ET,0.9327081078914673,0.9461791082139666,2.0,1.0,3.0,0.0,0.0,0.965082524674463,0.9998589044366928
distmap,2,BraTS-GLI-00297-000,WT,0.9263900369207031,0.9263900369207031,3.605551275463989,3.605551275463989,1.0,0.0,0.0,0.9096477463340729,0.9994330885469512
distmap,2,BraTS-GLI-00297-000,TC,0.9394703160382003,0.9394703160382003,6.0,6.0,1.0,0.0,0.0,0.9961582628666875,0.9993283863197564
distmap,2,BraTS-GLI-00297-000,ET,0.8555254046972958,0.8555254046972958,4.123105625617661,4.123105625617661,1.0,0.0,0.0,0.9703884525578433,0.9993694127704128
distmap,2,BraTS-GLI-00336-000,WT,0.9824336225789053,0.9824336225789053,1.0,1.0,1.0,0.0,0.0,0.9915658333563022,0.9995534492346243
distmap,2,BraTS-GLI-00336-000,TC,0.9841169092200511,0.9841169092200511,1.0,1.0,1.0,0.0,0.0,0.9958709282764949,0.9998970243291264
distmap,2,BraTS-GLI-00336-000,ET,0.9549184935356942,0.9549184935356942,1.0,1.0,1.0,0.0,0.0,0.9895153774464119,0.9998401944958675
distmap,2,BraTS-GLI-00364-000,WT,0.9862776119205385,0.9862776119205385,1.0,1.0,1.0,0.0,0.0,0.997736586933812,0.9997849397752304
distmap,2,BraTS-GLI-00364-000,TC,0.9933022759713268,0.9933022759713268,0.0,0.0,1.0,0.0,0.0,0.9923216748150934,0.9999795415784819
distmap,2,BraTS-GLI-00364-000,ET,0.9837000977595116,0.9837000977595116,0.0,0.0,1.0,0.0,0.0,0.9890079030769848,0.9999390098227882
distmap,2,BraTS-GLI-00377-000,WT,0.9707639506800559,0.3237989241328139,1.0,249.66666666666666,1.0,2.0,0.0,0.9982354094503627,0.9997992671565328
distmap,2,BraTS-GLI-00377-000,TC,0.9737574152897409,0.9737574152897409,1.0,1.0,1.0,0.0,0.0,0.9745739970481685,0.999954673427656
distmap,2,BraTS-GLI-00377-000,ET,0.9475557416518371,0.9475557416518371,2.0,2.0,1.0,0.0,0.0,0.9708279708279708,0.9998771597172722
distmap,2,BraTS-GLI-00299-000,WT,0.9287056044766064,0.9287056044766064,4.123105625617661,4.123105625617661,1.0,0.0,0.0,0.9873767590798012,0.999070209552396
distmap,2,BraTS-GLI-00299-000,TC,0.8162209814869233,0.8162209814869233,3.0,3.0,1.0,0.0,0.0,0.813305223705786,0.9998281286472211
distmap,2,BraTS-GLI-00299-000,ET,0.8231302134879118,0.8231302134879118,2.23606797749979,2.23606797749979,1.0,0.0,0.0,0.8162063647834011,0.9998664927971687
distmap,2,BraTS-GLI-00318-000,WT,0.9404151854185739,0.9404151854185739,2.0,2.0,1.0,0.0,0.0,0.9226439744771192,0.9992253795046586
distmap,2,BraTS-GLI-00318-000,TC,0.9564637091648659,0.9564637091648659,2.0,2.0,1.0,0.0,0.0,0.9328856286806488,0.9999029236097777
distmap,2,BraTS-GLI-00318-000,ET,0.8926188143519973,0.8926188143519973,1.4142135623730951,1.4142135623730951,1.0,0.0,0.0,0.8560791405169663,0.999803366301501
distmap,2,BraTS-GLI-00356-000,WT,0.9819818544677358,0.491081287692177,1.0,187.5,1.0,1.0,0.0,0.9968962841624278,0.9998690010786889
distmap,2,BraTS-GLI-00356-000,TC,0.9789257323989005,0.9789257323989005,1.0,1.0,1.0,0.0,0.0,0.987657405556666,0.9999321956877355
distmap,2,BraTS-GLI-00356-000,ET,0.952508418962093,0.952508418962093,1.0,1.0,1.0,0.0,0.0,0.959801618376403,0.9999284473168697
distmap,2,BraTS-GLI-00320-000,WT,0.8344332184780704,0.8344332184780704,6.4031242374328485,6.4031242374328485,1.0,0.0,0.0,0.9063459440257796,0.998820510206963
distmap,2,BraTS-GLI-00320-000,TC,0.9220329194340168,0.9220329194340168,2.8284271247461903,2.8284271247461903,1.0,0.0,0.0,0.8901589071647616,0.9999672676050402
distmap,2,BraTS-GLI-00320-000,ET,0.8164817098232635,0.8164817098232635,2.0,2.0,1.0,0.0,0.0,0.9194630872483222,0.9998388557006589
distmap,2,BraTS-GLI-00340-000,WT,0.829551724137931,0.829551724137931,5.916079783099616,5.916079783099616,1.0,0.0,0.0,0.7288674786402473,0.9998946598502484
distmap,2,BraTS-GLI-00340-000,TC,0.9631915559729862,0.9631915559729862,1.0,1.0,1.0,0.0,0.0,0.9686937747391148,0.9999467302703501
distmap,2,BraTS-GLI-00340-000,ET,0.9622330186084884,0.9622330186084884,1.0,1.0,1.0,0.0,0.0,0.9682686099068352,0.9999461711964539
distmap,2,BraTS-GLI-00347-000,WT,0.9802837536985847,0.9802837536985847,1.0,1.0,1.0,0.0,0.0,0.9783743645398983,0.9998244436237234
distmap,2,BraTS-GLI-00347-000,TC,0.983735777240886,0.983735777240886,1.0,1.0,1.0,0.0,0.0,0.9811005815205686,0.9999434250200431
distmap,2,BraTS-GLI-00347-000,ET,0.9501014964830289,0.9501014964830289,1.0,1.0,1.0,0.0,0.0,0.9750968992248062,0.9998203732643567
distmap,2,BraTS-GLI-00353-000,WT,0.9076613388847788,0.4887379180434178,63.75735251718032,188.22474487139158,1.0,1.0,0.0,0.9952460006036825,0.9982230862493118
distmap,2,BraTS-GLI-00353-000,TC,0.9796016607497443,0.9796016607497443,2.0,2.0,1.0,0.0,0.0,0.9907698549548636,0.9998221587495023
distmap,2,BraTS-GLI-00353-000,ET,0.9831570016967761,0.9831570016967761,0.0,0.0,1.0,0.0,0.0,0.9788095592984548,0.9999440803101258
distmap,2,BraTS-GLI-00325-000,WT,0.9839841498559078,0.9839841498559078,1.0,1.0,1.0,0.0,0.0,0.9789974696610206,0.9998275017116132
distmap,2,BraTS-GLI-00325-000,TC,0.949589272646692,0.949589272646692,1.7320508075688772,1.7320508075688772,1.0,0.0,0.0,0.9742201543829967,0.9995865197790944
distmap,2,BraTS-GLI-00325-000,ET,0.8973984739079224,0.8973984739079224,3.0,3.0,1.0,0.0,0.0,0.855535212986696,0.9997641508107035
distmap,2,BraTS-GLI-00405-000,WT,0.9790052975363884,0.9790052975363884,1.0,1.0,1.0,0.0,0.0,0.9960857370117637,0.9993668521487071
distmap,2,BraTS-GLI-00405-000,TC,0.9764357647214459,0.9764357647214459,1.0,1.0,1.0,0.0,0.0,0.9822016700489038,0.9998999768598151
distmap,2,BraTS-GLI-00405-000,ET,0.9690309323744175,0.9690309323744175,1.0,1.0,1.0,0.0,0.0,0.9544961688593321,0.9999517995508482
distmap,2,BraTS-GLI-00442-000,WT,0.9457805441687086,0.31954988994432476,14.866068747318506,250.7862996478469,1.0,0.0,2.0,0.9052149557640154,0.9999544073666888
distmap,2,BraTS-GLI-00442-000,TC,0.9720354207405287,0.9720354207405287,1.4142135623730951,1.4142135623730951,1.0,0.0,0.0,0.9848587352211591,0.9998551190356165
distmap,2,BraTS-GLI-00442-000,ET,0.9038780507068952,0.9038780507068952,2.23606797749979,2.23606797749979,1.0,0.0,0.0,0.880443145099246,0.9999012899828851
distmap,2,BraTS-GLI-00479-001,WT,0.9870445188101769,0.9870445188101769,1.0,1.0,1.0,0.0,0.0,0.9875710135986221,0.9998813585865537
distmap,2,BraTS-GLI-00479-001,TC,0.9928014905149052,0.9928014905149052,0.0,0.0,1.0,0.0,0.0,0.9992328673712922,0.9999819431179053
distmap,2,BraTS-GLI-00479-001,ET,0.9882556306878845,0.9882556306878845,0.0,0.0,1.0,0.0,0.0,0.9967182853040714,0.9999776862027512
distmap,2,BraTS-GLI-00407-000,WT,0.9400316341359626,0.9400316341359626,1.7320508075688772,1.7320508075688772,1.0,0.0,0.0,0.9630665460228675,0.998813594157905
distmap,2,BraTS-GLI-00407-000,TC,0.9428664902001606,0.9428664902001606,1.4142135623730951,1.4142135623730951,1.0,0.0,0.0,0.9029850746268657,0.9999755343335227
distmap,2,BraTS-GLI-00407-000,ET,0.8884934756820878,0.8884934756820878,1.4142135623730951,1.4142135623730951,1.0,0.0,0.0,0.8573063716138878,0.9998934367707079
distmap,2,BraTS-GLI-00477-001,WT,0.9751481547356672,0.9751481547356672,1.0,1.0,1.0,0.0,0.0,0.9799755458153294,0.9993387510867219
distmap,2,BraTS-GLI-00477-001,TC,0.9810716981132076,0.9810716981132076,1.0,1.0,1.0,0.0,0.0,0.9688315172835273,0.99995293938672
distmap,2,BraTS-GLI-00477-001,ET,0.964402765274998,0.964402765274998,1.0,1.0,1.0,0.0,0.0,0.9366437484084543,0.999961551883253
distmap,2,BraTS-GLI-00464-001,WT,0.9501789687530231,0.9501789687530231,1.0,1.0,1.0,0.0,0.0,0.9163168205989365,0.9999850851397416
distmap,2,BraTS-GLI-00464-001,TC,0.9767011523256792,0.9767011523256792,1.0,1.0,1.0,0.0,0.0,0.9628524046434495,0.9999940596079117
distmap,2,BraTS-GLI-00464-001,ET,0.9666011787819253,0.9666011787819253,1.0,1.0,1.0,0.0,0.0,0.9596336499321574,0.9999828515785066
distmap,2,BraTS-GLI-00413-000,WT,0.991547095929737,0.991547095929737,0.0,0.0,1.0,0.0,0.0,0.9965509236228568,0.9998613867816851
distmap,2,BraTS-GLI-00413-000,TC,0.9933993882359828,0.9933993882359828,0.0,0.0,1.0,0.0,0.0,0.9887830317862658,0.9999925789974158
distmap,2,BraTS-GLI-00413-000,ET,0.9846153846153847,0.9846153846153847,0.0,0.0,1.0,0.0,0.0,0.9727861185481411,0.999989436413559
distmap,2,BraTS-GLI-00410-000,WT,0.9057422269165119,0.7597320634287759,8.48528137423857,5.811624326636737,2.0,0.0,0.0,0.9263860488444771,0.999303865792445
distmap,2,BraTS-GLI-00410-000,TC,0.9892397660818714,0.9892397660818714,0.0,0.0,1.0,0.0,0.0,0.9875072971395213,0.9999913671661939
distmap,2,BraTS-GLI-00410-000,ET,0.9735726751433558,0.9735726751433558,1.0,1.0,1.0,0.0,0.0,0.9636027143738433,0.9999855379463547
distmap,2,BraTS-GLI-00423-000,WT,0.9547330024517132,0.9547330024517132,1.4142135623730951,1.4142135623730951,1.0,0.0,0.0,0.9559170686646823,0.9996931070397999
distmap,2,BraTS-GLI-00423-000,TC,0.9627680381209772,0.9627680381209772,1.0,1.0,1.0,0.0,0.0,0.9466874912583337,0.9999038840522033
distmap,2,BraTS-GLI-00423-000,ET,0.9474682756904703,0.9474682756904703,1.0,1.0,1.0,0.0,0.0,0.9323600526428549,0.999868695102496
distmap,2,BraTS-GLI-00449-000,WT,0.9892824269343761,0.9893025633138985,1.0,1.0,1.0,0.0,0.0,0.9915675322791238,0.9996693626036817
distmap,2,BraTS-GLI-00449-000,TC,0.9692783377651352,0.9692783377651352,2.23606797749979,2.23606797749979,1.0,0.0,0.0,0.9550800053621263,0.9998550748066091
distmap,2,BraTS-GLI-00449-000,ET,0.926969711926032,0.926969711926032,2.0,2.0,1.0,0.0,0.0,0.8719686769735518,0.9999317416386045
distmap,2,BraTS-GLI-00446-000,WT,0.984993921442429,0.984993921442429,1.0,1.0,1.0,0.0,0.0,0.987273694189461,0.999569202761097
distmap,2,BraTS-GLI-00446-000,TC,0.9805615131547024,0.9805615131547024,2.0,2.0,1.0,0.0,0.0,0.9919497349302965,0.9996390267999374
distmap,2,BraTS-GLI-00446-000,ET,0.9677182489352897,0.9677182489352897,1.0,1.0,1.0,0.0,0.0,0.9726788422055528,0.9996837401432815
distmap,2,BraTS-GLI-00418-000,WT,0.9075580801119945,0.9075693237814717,19.72308292331602,19.72308292331602,1.0,0.0,0.0,0.8405408816577552,0.9997655846241792
distmap,2,BraTS-GLI-00418-000,TC,0.9870100161762063,0.9870100161762063,1.0,1.0,1.0,0.0,0.0,0.9849982063072759,0.9999623482846609
distmap,2,BraTS-GLI-00418-000,ET,0.9812782189008251,0.9812782189008251,0.0,0.0,1.0,0.0,0.0,0.9700269334359369,0.9999794428449306
distmap,2,BraTS-GLI-00499-000,WT,0.9753094015475994,0.9753094015475994,1.0,1.0,1.0,0.0,0.0,0.9727451239544588,0.9997358897692311
distmap,2,BraTS-GLI-00499-000,TC,0.9891801450083658,0.9891801450083658,1.0,1.0,1.0,0.0,0.0,0.9849965823650034,0.9999568182125671
distmap,2,BraTS-GLI-00499-000,ET,0.9599040695495765,0.9599040695495765,1.0,1.0,1.0,0.0,0.0,0.9712841253791709,0.9997666632164924
distmap,2,BraTS-GLI-00572-000,WT,0.9521701082011487,0.9521701082011487,3.605551275463989,3.605551275463989,1.0,0.0,0.0,0.9842445155338294,0.9992155609728356
distmap,2,BraTS-GLI-00572-000,TC,0.9498840540171873,0.633645861905007,2.0,125.47140452079104,2.0,1.0,0.0,0.967758074378787,0.9998589227330921
distmap,2,BraTS-GLI-00572-000,ET,0.9433761000325935,0.6315586668144687,1.0,125.33333333333333,2.0,1.0,0.0,0.9556369312042262,0.999868482210648
distmap,2,BraTS-GLI-00555-001,WT,0.9462348612843631,0.9464141884742336,2.8284271247461903,2.449489742783178,1.0,0.0,0.0,0.9479262235439274,0.9998022793737371
distmap,2,BraTS-GLI-00555-001,TC,0.9682185925812853,0.9682185925812853,1.0,1.0,1.0,0.0,0.0,0.9774996917765997,0.9999241453276776
distmap,2,BraTS-GLI-00555-001,ET,0.9426435760805211,0.9426435760805211,1.0,1.0,1.0,0.0,0.0,0.926664241542379,0.9999391985084564
distmap,2,BraTS-GLI-00599-000,WT,0.9785761195619376,0.9785761195619376,1.0,1.0,1.0,0.0,0.0,0.9879047431325819,0.999605507290629
distmap,2,BraTS-GLI-00599-000,TC,0.976549258882623,0.976549258882623,1.0,1.0,1.0,0.0,0.0,0.9738483758950247,0.9999245682544319
distmap,2,BraTS-GLI-00599-000,ET,0.9626098674550977,0.9626098674550977,1.0,1.0,1.0,0.0,0.0,0.9617394100152721,0.9998981255780278
distmap,2,BraTS-GLI-00567-000,WT,0.933447238768417,0.933447238768417,1.4142135623730951,1.4142135623730951,1.0,0.0,0.0,0.9354066985645934,0.9996699066014628
distmap,2,BraTS-GLI-00567-000,TC,0.9502170028082716,0.9502170028082716,1.7320508075688772,1.7320508075688772,1.0,0.0,0.0,0.9628455941794665,0.9997784665184907
distmap,2,BraTS-GLI-00567-000,ET,0.9106766480122102,0.9106766480122102,1.4142135623730951,1.4142135623730951,1.0,0.0,0.0,0.9341451292246521,0.9997348415111115
distmap,2,BraTS-GLI-00584-000,WT,0.9273129493560875,0.9273129493560875,6.324555320336759,6.324555320336759,1.0,0.0,0.0,0.9412189254210104,0.9998758346391072
distmap,2,BraTS-GLI-00584-000,TC,0.9587271367376079,0.9587271367376079,1.0,1.0,1.0,0.0,0.0,0.9247114375655824,0.9999963006043692
distmap,2,BraTS-GLI-00584-000,ET,0.9590685048932066,0.9590685048932066,1.0,1.0,1.0,0.0,0.0,0.9297783933518006,0.9999926015438112
distmap,2,BraTS-GLI-00537-000,WT,0.8108196928521773,0.8108196928521773,13.152946437965905,13.152946437965905,1.0,0.0,0.0,0.686816775340207,0.9999226903399486
distmap,2,BraTS-GLI-00537-000,TC,0.9199814679992058,0.9215311169030764,2.0,1.9840593925343335,2.0,0.0,0.0,0.8798582098999873,0.9999124019027654
distmap,2,BraTS-GLI-00537-000,ET,0.8780487804878049,0.8903921733868342,2.8284271247461903,2.0,2.0,0.0,0.0,0.8519679233109042,0.9997840854711642
distmap,2,BraTS-GLI-00597-000,WT,0.9632893357685766,0.9632893357685766,4.123105625617661,4.123105625617661,1.0,0.0,0.0,0.9769570586512877,0.9995435875061628
distmap,2,BraTS-GLI-00597-000,TC,0.028384032568132985,0.028051125438298834,25.80697580112788,34.539832078341085,1.0,0.0,0.0,0.15493827160493828,0.996455927106163
distmap,2,BraTS-GLI-00597-000,ET,0.0,0.0,374.0,374.0,0.0,0.0,1.0,0.0,1.0
distmap,2,BraTS-GLI-00574-000,WT,0.975450230280065,0.4878898314909747,1.0,187.5,1.0,1.0,0.0,0.9777263727827387,0.999697927421938
distmap,2,BraTS-GLI-00574-000,TC,0.982110865896404,0.982110865896404,1.0,1.0,1.0,0.0,0.0,0.9741938807046462,0.9999788967631901
distmap,2,BraTS-GLI-00574-000,ET,0.9721855967853331,0.9721855967853331,0.0,0.0,1.0,0.0,0.0,0.9603076159761845,0.9999723963843303
distmap,2,BraTS-GLI-00570-000,WT,0.9226037428803906,0.9226037428803906,2.23606797749979,2.23606797749979,1.0,0.0,0.0,0.9553773044386775,0.9992260384829362
distmap,2,BraTS-GLI-00570-000,TC,0.9285895056521005,0.9286090899504377,16.792855623746664,16.792855623746664,1.0,0.0,0.0,0.8897825559776897,0.9999259821517023
distmap,2,BraTS-GLI-00570-000,ET,0.8615927123126653,0.8616243617529296,15.264337522473747,15.264337522473747,1.0,0.0,0.0,0.7986380660537964,0.9999090125278867
distmap,2,BraTS-GLI-00580-000,WT,0.941306248044563,0.941306248044563,3.0,3.0,1.0,0.0,0.0,0.9274881456339067,0.9992259431829298
distmap,2,BraTS-GLI-00580-000,TC,0.9523596325407091,0.9523675286665395,1.7320508075688772,1.7320508075688772,1.0,0.0,0.0,0.9385090528792731,0.9997763568474052
distmap,2,BraTS-GLI-00580-000,ET,0.9190599000451691,0.9190732915634562,1.0,1.0,1.0,0.0,0.0,0.9509709323362683,0.9995582830307382
distmap,2,BraTS-GLI-00587-000,WT,0.9505693717277487,0.4753189038477901,2.23606797749979,188.1180339887499,1.0,1.0,0.0,0.96700465370199,0.9988436734182848
distmap,2,BraTS-GLI-00587-000,TC,0.9657806765742524,0.5233044936861,2.0,10.233386222815373,2.0,0.0,0.0,0.9503535321933299,0.9997754116347436
distmap,2,BraTS-GLI-00587-000,ET,0.9126241725602412,0.42729188560936393,1.0,125.74535599249992,2.0,1.0,0.0,0.8832004206467444,0.9996635082282666
distmap,2,BraTS-GLI-00610-000,WT,0.9466089466089466,0.9466089466089466,2.0,2.0,1.0,0.0,0.0,0.9525382228169575,0.999524258632606
distmap,2,BraTS-GLI-00610-000,TC,0.9548142890939201,0.9548142890939201,1.0,1.0,1.0,0.0,0.0,0.9190481612205397,0.9999940577743539
distmap,2,BraTS-GLI-00610-000,ET,0.9273000214454215,0.9273000214454215,1.0,1.0,1.0,0.0,0.0,0.8817292006525286,0.999983521369085
distmap,2,BraTS-GLI-00621-000,WT,0.775225102319236,0.7752392039873395,7.54983443527075,7.54983443527075,1.0,0.0,0.0,0.7940749021799888,0.9992325723655274
distmap,2,BraTS-GLI-00621-000,TC,0.29772329246935203,0.29772329246935203,21.095023109728988,21.095023109728988,1.0,0.0,0.0,0.17932489451476794,0.9999892427428854
distmap,2,BraTS-GLI-00621-000,ET,0.2810834813499112,0.2810834813499112,21.587033144922902,21.587033144922902,1.0,0.0,0.0,0.16693037974683544,0.9999911476738328
distmap,2,BraTS-GLI-00611-000,WT,0.7096715315656832,0.7096715315656832,11.789826122551595,11.789826122551595,1.0,0.0,0.0,0.5649617740421157,0.9997245017611522
distmap,2,BraTS-GLI-00611-000,TC,0.981269051820953,0.981269051820953,1.0,1.0,1.0,0.0,0.0,0.9871287927695287,0.9999309238369596
distmap,2,BraTS-GLI-00611-000,ET,0.9429699900335905,0.9429699900335905,1.0,1.0,1.0,0.0,0.0,0.930908825887326,0.9999330287957108
distmap,2,BraTS-GLI-00630-000,WT,0.9004778945289054,0.4817690337791147,28.653097563788805,187.70710678118655,1.0,1.0,0.0,0.9626693524805874,0.998781811238375
distmap,2,BraTS-GLI-00630-000,TC,0.8032232592982527,0.4808377572540179,45.44227107000705,187.5,1.0,1.0,0.0,0.9718765311121998,0.9989733474486365
distmap,2,BraTS-GLI-00630-000,ET,0.7901977093863971,0.4776454207920792,45.0111097397076,187.5,1.0,1.0,0.0,0.9596953841371807,0.9989831285091412
distmap,2,BraTS-GLI-00624-000,WT,0.8967023628529508,0.4483541580911155,8.306623862918075,191.15331193145903,1.0,1.0,0.0,0.8901014893897456,0.9991842641262612
distmap,2,BraTS-GLI-00624-000,TC,0.9717591238503785,0.9717591238503785,1.0,1.0,1.0,0.0,0.0,0.9755317760668145,0.9998889556753315
distmap,2,BraTS-GLI-00624-000,ET,0.902531866596822,0.902531866596822,1.0,1.0,1.0,0.0,0.0,0.8994222871859121,0.999848995353522
distmap,2,BraTS-GLI-00625-000,WT,0.9639197202881595,0.9639197202881595,1.4142135623730951,1.4142135623730951,1.0,0.0,0.0,0.9354918470127402,0.9999032402988998
distmap,2,BraTS-GLI-00625-000,TC,0.9899885042417893,0.9899885042417893,1.0,1.0,1.0,0.0,0.0,0.9838467100506146,0.9999707636995773
distmap,2,BraTS-GLI-00625-000,ET,0.9638583681240939,0.9638583681240939,1.0,1.0,1.0,0.0,0.0,0.9556948870721906,0.999911227297224
distmap,2,BraTS-GLI-00612-001,WT,0.9718447317055205,0.9718447317055205,1.0,1.0,1.0,0.0,0.0,0.9692745638200184,0.999843918161277
distmap,2,BraTS-GLI-00612-001,TC,0.13410937310537166,0.06894881292721339,18.81488772222678,36.55492288696816,2.0,0.0,0.0,0.9793388429752066,0.9976039360514865
distmap,2,BraTS-GLI-00612-001,ET,0.8812709030100334,0.573486370710538,1.0,125.47140452079104,2.0,1.0,0.0,0.9332939787485242,0.9999649351030538
distmap,2,BraTS-GLI-00616-000,WT,0.9880345218691083,0.9880382325878354,1.0,1.0,1.0,0.0,0.0,0.9911464416230268,0.99977135476565
distmap,2,BraTS-GLI-00616-000,TC,0.9927912699793681,0.9927912699793681,0.0,0.0,1.0,0.0,0.0,0.9912389556239452,0.9999744591068923
distmap,2,BraTS-GLI-00616-000,ET,0.9672666432792725,0.9672666432792725,0.0,0.0,1.0,0.0,0.0,0.946951283948008,0.9999765407718019
distmap,2,BraTS-GLI-00654-000,WT,0.8600436620885954,0.8600436620885954,9.219544457292887,9.219544457292887,1.0,0.0,0.0,0.7985590097810803,0.9993549678067105
distmap,2,BraTS-GLI-00654-000,TC,0.9821295443581984,0.926550813988603,1.0,0.7071067811865476,2.0,0.0,0.0,0.971900360196155,0.999962282904338
distmap,2,BraTS-GLI-00654-000,ET,0.9472830823486491,0.8071246292250114,1.0,1.4142135623730951,2.0,0.0,0.0,0.917366726858758,0.9999442854758301
distmap,2,BraTS-GLI-00628-000,WT,0.9464548142256954,0.9464548142256954,1.4142135623730951,1.4142135623730951,1.0,0.0,0.0,0.9925480028284953,0.9993482362538202
distmap,2,BraTS-GLI-00628-000,TC,0.9524299305734122,0.4068055464665634,19.697715603592208,126.24721912892466,2.0,0.0,1.0,0.9239211773509604,0.9999854259795592
distmap,2,BraTS-GLI-00628-000,ET,0.9355410999408634,0.40118248869854867,18.788294228055936,127.28825433746387,2.0,0.0,1.0,0.9125753108575824,0.9999664805684267
distmap,2,BraTS-GLI-00613-001,WT,0.9172270766988017,0.46595196953133267,39.20459156782532,189.91547594742266,1.0,1.0,0.0,0.8819838462051932,0.9997218111346813
distmap,2,BraTS-GLI-00613-001,TC,0.8177434908389586,0.8697435897435898,44.395945760846224,1.0,1.0,0.0,0.0,0.7066666666666667,0.9999985438089477
distmap,2,BraTS-GLI-00613-001,ET,0.7944389275074478,0.8465608465608465,44.75488800120049,1.4142135623730951,1.0,0.0,0.0,0.6666666666666666,0.9999992158971257
distmap,2,BraTS-GLI-00610-001,WT,0.896806578199315,0.8978149813981898,6.324555320336759,7.615773105863909,1.0,0.0,0.0,0.8838280310484312,0.9992791499864933
distmap,2,BraTS-GLI-00610-001,TC,0.8764878385371744,0.44248018810415396,24.166091947189145,188.87082869338698,1.0,0.0,1.0,0.839141205615194,0.9998972620792764
distmap,2,BraTS-GLI-00610-001,ET,0.7797103794191409,0.3969849246231156,22.825424421026653,188.802775637732,1.0,0.0,1.0,0.6713569239342435,0.9999591965852475
distmap,2,BraTS-GLI-00685-000,WT,0.871622567548649,0.871622567548649,8.306623862918075,8.306623862918075,1.0,0.0,0.0,0.8014843338967683,0.9996201915967645
distmap,2,BraTS-GLI-00685-000,TC,0.9782097816056597,0.9782097816056597,1.0,1.0,1.0,0.0,0.0,0.9911733905151349,0.9998405696557587
distmap,2,BraTS-GLI-00685-000,ET,0.9284082649776763,0.9284082649776763,1.0,1.0,1.0,0.0,0.0,0.9631085738905644,0.9997673252346502
distmap,2,BraTS-GLI-00675-001,WT,0.0,0.0,374.0,374.0,0.0,0.0,1.0,0.0,1.0
distmap,2,BraTS-GLI-00675-001,TC,1.0,1.0,0.0,0.0,0.0,0.0,0.0,1.0,1.0
distmap,2,BraTS-GLI-00675-001,ET,1.0,1.0,0.0,0.0,0.0,0.0,0.0,1.0,1.0
distmap,2,BraTS-GLI-00656-000,WT,0.9550344739682705,0.4829223884084125,48.12483766206386,188.0,1.0,0.0,1.0,0.954931776363477,0.9993602922456764
distmap,2,BraTS-GLI-00656-000,TC,0.19291539245667685,0.19294700238498372,29.29163703175362,29.29163703175362,1.0,0.0,0.0,0.9506637961966272,0.9950615449206304
distmap,2,BraTS-GLI-00656-000,ET,0.7679685694476542,0.08721441413067726,9.643650760992955,332.7166099714203,1.0,8.0,0.0,0.6930135557872784,0.9999399318966672
distmap,2,BraTS-GLI-00723-000,WT,0.9694565743334866,0.9694565743334866,1.0,1.0,1.0,0.0,0.0,0.977120562593324,0.9996367421160716
distmap,2,BraTS-GLI-00723-000,TC,0.9659286010301343,0.9659286010301343,1.4142135623730951,1.4142135623730951,1.0,0.0,0.0,0.9532030496888967,0.9999212931933117
distmap,2,BraTS-GLI-00723-000,ET,0.9221416433307006,0.9221416433307006,1.0,1.0,1.0,0.0,0.0,0.867044738500315,0.9999664263059662
distmap,2,BraTS-GLI-00714-000,WT,0.9586058655656081,0.9586058655656081,1.4142135623730951,1.4142135623730951,1.0,0.0,0.0,0.9268403798645488,0.9998317858627148
distmap,2,BraTS-GLI-00714-000,TC,0.9786844182805235,0.9786844182805235,1.0,1.0,1.0,0.0,0.0,0.9655377988038232,0.9999104714618152
distmap,2,BraTS-GLI-00714-000,ET,0.9323991282563089,0.9323991282563089,1.0,1.0,1.0,0.0,0.0,0.9000609504335345,0.9998248309506025
distmap,2,BraTS-GLI-00708-000,WT,0.9325941221395638,0.9325941221395638,3.0,3.0,1.0,0.0,0.0,0.9972776769509982,0.9997376414890023
distmap,2,BraTS-GLI-00708-000,TC,0.9576916842275895,0.9576916842275895,1.0,1.0,1.0,0.0,0.0,0.9959541469993257,0.9999162471737626
distmap,2,BraTS-GLI-00708-000,ET,0.9088497252226644,0.9088497252226644,1.7320508075688772,1.7320508075688772,1.0,0.0,0.0,0.9941956882255389,0.9998429506710412
distmap,2,BraTS-GLI-00682-000,WT,0.9506681542713695,0.4753370904042549,2.0,188.0,1.0,1.0,0.0,0.9167746668296858,0.999889783308332
distmap,2,BraTS-GLI-00682-000,TC,0.9769355001514081,0.9769355001514081,1.0,1.0,1.0,0.0,0.0,0.9796052631578948,0.9999426373784271
distmap,2,BraTS-GLI-00682-000,ET,0.943359375,0.943359375,1.0,1.0,1.0,0.0,0.0,0.9351403678606002,0.9999340482147928
distmap,2,BraTS-GLI-00692-001,WT,0.9862673631041212,0.9862673631041212,1.0,1.0,1.0,0.0,0.0,0.9862532106932227,0.9998920787495494
distmap,2,BraTS-GLI-00692-001,TC,0.9759097402125754,0.9759097402125754,1.4142135623730951,1.4142135623730951,1.0,0.0,0.0,0.9961939597647175,0.9998969438924606
distmap,2,BraTS-GLI-00692-001,ET,0.9675564168281553,0.9675564168281553,1.0,1.0,1.0,0.0,0.0,0.991925147398103,0.9998976706151746
distmap,2,BraTS-GLI-00682-001,WT,0.9831388037760578,0.9831388037760578,1.0,1.0,1.0,0.0,0.0,0.9735688227865862,0.9999099157156005
distmap,2,BraTS-GLI-00682-001,TC,0.9703578408027195,0.9703578408027195,1.0,1.0,1.0,0.0,0.0,0.9424524690570372,0.9999998875981662
distmap,2,BraTS-GLI-00682-001,ET,0.9608142493638677,0.9608142493638677,1.0,1.0,1.0,0.0,0.0,0.9256846676472649,0.9999961795374679
distmap,2,BraTS-GLI-00683-001,WT,0.9876640303750791,0.9876640303750791,1.0,1.0,1.0,0.0,0.0,0.9798026247804071,0.9999052030692224
distmap,2,BraTS-GLI-00683-001,TC,0.9889058310110942,0.9889058310110942,1.4142135623730951,1.4142135623730951,1.0,0.0,0.0,0.9881076330846603,0.9998780503146721
distmap,2,BraTS-GLI-00683-001,ET,0.9772344076118039,0.9772344076118039,0.0,0.0,1.0,0.0,0.0,0.9765743297408034,0.9998321791275075
distmap,2,BraTS-GLI-00697-000,WT,0.9632912972905482,0.48167404884376724,1.0,187.5,1.0,1.0,0.0,0.993774151996565,0.9988946617419148
distmap,2,BraTS-GLI-00697-000,TC,0.9902976394115635,0.9902976394115635,1.0,1.0,1.0,0.0,0.0,0.9933698472182185,0.9998944117384334
distmap,2,BraTS-GLI-00697-000,ET,0.9653009087087281,0.9653009087087281,1.0,1.0,1.0,0.0,0.0,0.9797807391846649,0.999741621005638
distmap,2,BraTS-GLI-00674-001,WT,0.9723498819555885,0.9727526900452259,1.0,1.3660254037844386,2.0,0.0,0.0,0.955491525143862,0.9998647647741645
distmap,2,BraTS-GLI-00674-001,TC,0.9824367908290302,0.9806448693919475,1.0,1.0,2.0,0.0,0.0,0.978007718924674,0.9999561696499776
distmap,2,BraTS-GLI-00674-001,ET,0.9672841939298384,0.9653732247779054,1.0,0.5,2.0,0.0,0.0,0.9685992456802035,0.9999126352945774
distmap,2,BraTS-GLI-00727-001,WT,0.9701091751636093,0.9701091751636093,1.0,1.0,1.0,0.0,0.0,0.9435278666994993,0.9999745280496776
distmap,2,BraTS-GLI-00727-001,TC,0.968502676243195,0.968502676243195,1.4142135623730951,1.4142135623730951,1.0,0.0,0.0,0.9539269138917676,0.9999201901388332
distmap,2,BraTS-GLI-00727-001,ET,0.8812457400513816,0.8812457400513816,3.1622776601683795,3.1622776601683795,1.0,0.0,0.0,0.8529381914137826,0.9998167999394721
distmap,2,BraTS-GLI-00765-000,WT,0.9443138271284965,0.472159098798058,2.0,188.0,1.0,1.0,0.0,0.926821291324848,0.9995489869671182
distmap,2,BraTS-GLI-00765-000,TC,0.8867824631517822,0.29562444842998264,4.47213595499958,250.8240453183332,1.0,2.0,0.0,0.9005793180004856,0.9995771517196036
distmap,2,BraTS-GLI-00765-000,ET,0.8705718198496163,0.4353421542278272,2.0,188.0,1.0,1.0,0.0,0.8033381020505485,0.999900640280767
distmap,2,BraTS-GLI-00730-001,WT,0.9889649822812787,0.9889649822812787,1.0,1.0,1.0,0.0,0.0,0.9935097513850489,0.9998337167055623
distmap,2,BraTS-GLI-00730-001,TC,0.9861036399497938,0.9861036399497938,1.0,1.0,1.0,0.0,0.0,0.9956999954736795,0.9999410503612939
distmap,2,BraTS-GLI-00730-001,ET,0.963627382159478,0.963627382159478,1.0,1.0,1.0,0.0,0.0,0.9921833172716565,0.999859360790866
distmap,2,BraTS-GLI-00737-000,WT,0.931164996048746,0.4705573191498308,5.916079783099616,188.0,1.0,1.0,0.0,0.9221137608632975,0.9998406284293948
distmap,2,BraTS-GLI-00737-000,TC,0.9558289247243291,0.9558289247243291,1.7320508075688772,1.7320508075688772,1.0,0.0,0.0,0.9242526964560863,0.9999823828586336
distmap,2,BraTS-GLI-00737-000,ET,0.9368082529340517,0.9368082529340517,1.4142135623730951,1.4142135623730951,1.0,0.0,0.0,0.8996470399486604,0.9999706130894683
distmap,2,BraTS-GLI-00805-000,WT,0.9695637310952105,0.9695808750287335,1.0,1.0,1.0,0.0,0.0,0.9657387077457761,0.9997460089421589
distmap,2,BraTS-GLI-00805-000,TC,0.8791553716650021,0.8791553716650021,2.449489742783178,2.449489742783178,1.0,0.0,0.0,0.7881811204911742,0.9999978709316164
distmap,2,BraTS-GLI-00805-000,ET,0.8080043266630611,0.8080043266630611,2.449489742783178,2.449489742783178,1.0,0.0,0.0,0.6817766960754488,0.99999787108
distmap,2,BraTS-GLI-00799-000,WT,0.9786175175866931,0.9786175175866931,1.0,1.0,1.0,0.0,0.0,0.9776597627898743,0.9995383884947627
distmap,2,BraTS-GLI-00799-000,TC,0.9765432926556703,0.9765432926556703,1.0,1.0,1.0,0.0,0.0,0.9727819214071023,0.9998016557726317
distmap,2,BraTS-GLI-00799-000,ET,0.9626396724494041,0.9626396724494041,1.0,1.0,1.0,0.0,0.0,0.9371216642510017,0.9999216494351872
distmap,2,BraTS-GLI-00777-000,WT,0.9701527386789668,0.9701527386789668,1.0,1.0,1.0,0.0,0.0,0.9713637927536104,0.9995996436385938
distmap,2,BraTS-GLI-00777-000,TC,0.9825944377877278,0.9825944377877278,1.0,1.0,1.0,0.0,0.0,0.9887048670600926,0.9998736589352015
distmap,2,BraTS-GLI-00777-000,ET,0.9329483477702919,0.9329483477702919,1.0,1.0,1.0,0.0,0.0,0.9482814843800952,0.9998544767800704
distmap,2,BraTS-GLI-00789-000,WT,0.9882371809752124,0.9882371809752124,1.0,1.0,1.0,0.0,0.0,0.9792560621648976,0.9999651470911955
distmap,2,BraTS-GLI-00789-000,TC,0.988857440473059,0.988857440473059,1.0,1.0,1.0,0.0,0.0,0.9819454602444886,0.9999780408991069
distmap,2,BraTS-GLI-00789-000,ET,0.9639608064245767,0.9639608064245767,1.0,1.0,1.0,0.0,0.0,0.9361846973508954,0.9999765015799595
distmap,2,BraTS-GLI-00778-000,WT,0.9152041185355373,0.9152041185355373,5.0,5.0,1.0,0.0,0.0,0.8874883960804538,0.9997164262728018
distmap,2,BraTS-GLI-00778-000,TC,0.9810200927357032,0.9810200927357032,1.0,1.0,1.0,0.0,0.0,0.9763721388136845,0.9999741913707614
distmap,2,BraTS-GLI-00778-000,ET,0.9619869030506308,0.9619869030506308,1.0,1.0,1.0,0.0,0.0,0.963140641240905,0.9999449273304348
distmap,2,BraTS-GLI-00751-000,WT,0.9504420507645394,0.9504420507645394,3.3166247903554,3.3166247903554,1.0,0.0,0.0,0.9316187854808189,0.9997734313934004
distmap,2,BraTS-GLI-00751-000,TC,0.9872485255379164,0.9872485255379164,1.0,1.0,1.0,0.0,0.0,0.9902263374485597,0.9999620506823242
distmap,2,BraTS-GLI-00751-000,ET,0.9685941850676681,0.9685941850676681,0.0,0.0,1.0,0.0,0.0,0.9826566811194324,0.9999207878845406
distmap,2,BraTS-GLI-00739-000,WT,0.9467055744690707,0.9467055744690707,3.605551275463989,3.605551275463989,1.0,0.0,0.0,0.9077621393072389,0.9997421532251013
distmap,2,BraTS-GLI-00739-000,TC,0.9435799176613759,0.9435799176613759,1.4142135623730951,1.4142135623730951,1.0,0.0,0.0,0.9140893470790378,0.9998950285734923
distmap,2,BraTS-GLI-00739-000,ET,0.9384963190539679,0.9384963190539679,1.0,1.0,1.0,0.0,0.0,0.8933153088531465,0.9999576011614357
distmap,2,BraTS-GLI-00764-000,WT,0.8044240770853771,0.8044240770853771,15.427248620541512,15.427248620541512,1.0,0.0,0.0,0.6782622490141866,0.9999194547174874
distmap,2,BraTS-GLI-00764-000,TC,0.9375347801892042,0.9536396225261496,5.196152422706632,4.140054944640259,2.0,0.0,0.0,0.9090377697841726,0.9998489337559886
distmap,2,BraTS-GLI-00764-000,ET,0.9075264825592957,0.9246501366138564,2.23606797749979,2.08113883008419,2.0,0.0,0.0,0.8798231407932958,0.9997412561160586
distmap,2,BraTS-GLI-01012-000,WT,0.9641199222445306,0.9641199222445306,2.449489742783178,2.449489742783178,1.0,0.0,0.0,0.9589943938888624,0.9995654429312391
distmap,2,BraTS-GLI-01012-000,TC,0.9693554274034601,0.9693554274034601,5.656854249492381,5.656854249492381,1.0,0.0,0.0,0.9601596506196585,0.9998371120221148
distmap,2,BraTS-GLI-01012-000,ET,0.9623192123913671,0.9623192123913671,2.8284271247461903,2.8284271247461903,1.0,0.0,0.0,0.9485696222538328,0.9998368816647546
distmap,2,BraTS-GLI-00834-000,WT,0.8777632166361843,0.8777632166361843,6.324555320336759,6.324555320336759,1.0,0.0,0.0,0.8304064088066595,0.999488627437871
distmap,2,BraTS-GLI-00834-000,TC,0.970818010501857,0.9697734635821968,1.0,1.0,2.0,0.0,0.0,0.9733646402758924,0.9999023677012132
distmap,2,BraTS-GLI-00834-000,ET,0.960427807486631,0.9632655090137858,1.0,1.0,2.0,0.0,0.0,0.9488838990886277,0.999930939901207
distmap,2,BraTS-GLI-00839-000,WT,0.939764123910355,0.939764123910355,4.123105625617661,4.123105625617661,1.0,0.0,0.0,0.9860117728970188,0.9998007226273286
distmap,2,BraTS-GLI-00839-000,TC,0.8678500986193294,0.8678500986193294,1.0,1.0,1.0,0.0,0.0,0.9632224168126094,0.9999671777012696
distmap,2,BraTS-GLI-00839-000,ET,0.9011082693947144,0.9011082693947144,1.0,1.0,1.0,0.0,0.0,0.9513951395139514,0.9999800602427117
distmap,2,BraTS-GLI-01025-000,WT,0.9759486905398183,0.9759486905398183,1.0,1.0,1.0,0.0,0.0,0.9987130815262854,0.99974834983359
distmap,2,BraTS-GLI-01025-000,TC,0.9884286379174758,0.9884286379174758,1.0,1.0,1.0,0.0,0.0,0.994670370490003,0.9999375073128246
distmap,2,BraTS-GLI-01025-000,ET,0.9336592042232867,0.9336592042232867,2.0,2.0,1.0,0.0,0.0,0.8969533040309553,0.9999269776229104
distmap,2,BraTS-GLI-01019-000,WT,0.9829762976484551,0.9829762976484551,1.0,1.0,1.0,0.0,0.0,0.978516896857538,0.9997717514013449
distmap,2,BraTS-GLI-01019-000,TC,0.9740176628695764,0.9740176628695764,4.58257569495584,4.58257569495584,1.0,0.0,0.0,0.996406593246723,0.9996154307643875
distmap,2,BraTS-GLI-01019-000,ET,0.9703937974000698,0.9703937974000698,1.0,1.0,1.0,0.0,0.0,0.9861762050135443,0.9997572478299239
distmap,2,BraTS-GLI-01029-000,WT,0.9832270961165498,0.9832270961165498,1.0,1.0,1.0,0.0,0.0,0.9961707150234049,0.9994877482177124
distmap,2,BraTS-GLI-01029-000,TC,0.972619385151282,0.972619385151282,1.0,1.0,1.0,0.0,0.0,0.9834944298820446,0.9998934137084572
distmap,2,BraTS-GLI-01029-000,ET,0.9707401819594934,0.9707401819594934,1.0,1.0,1.0,0.0,0.0,0.9636908273952707,0.9999461035505746
distmap,2,BraTS-GLI-01039-000,WT,0.8937298864801783,0.8937298864801783,5.385164807134504,5.385164807134504,1.0,0.0,0.0,0.8452173913043478,0.9999224732274586
distmap,2,BraTS-GLI-01039-000,TC,0.9393871113114015,0.4701172755976545,3.7416573867739413,188.87082869338698,1.0,1.0,0.0,0.893101970865467,0.9999912542954864
distmap,2,BraTS-GLI-01039-000,ET,0.9358033749082906,0.468359853121175,2.8284271247461903,188.4142135623731,1.0,1.0,0.0,0.8951924201661013,0.9999827343633594
distmap,2,BraTS-GLI-01000-000,WT,0.9883582224772374,0.9883582224772374,1.0,1.0,1.0,0.0,0.0,0.9860603382477001,0.9998952248350442
distmap,2,BraTS-GLI-01000-000,TC,0.9902506544699545,0.9902506544699545,0.0,0.0,1.0,0.0,0.0,0.9818599516663186,0.9999955028302375
distmap,2,BraTS-GLI-01000-000,ET,0.9651908944255243,0.9651908944255243,0.0,0.0,1.0,0.0,0.0,0.9427831080607886,0.9999827232645042
distmap,2,BraTS-GLI-01009-000,WT,0.9568916998158906,0.9568916998158906,2.0,2.0,1.0,0.0,0.0,0.9324743897224236,0.9999000474746323
distmap,2,BraTS-GLI-01009-000,TC,0.9325518878205904,0.9325518878205904,1.7320508075688772,1.7320508075688772,1.0,0.0,0.0,0.9772600375615451,0.9997376603546873
distmap,2,BraTS-GLI-01009-000,ET,0.8716391045111936,0.8716391045111936,1.0,1.0,1.0,0.0,0.0,0.9593858345715701,0.9996712609380605
distmap,2,BraTS-GLI-01002-000,WT,0.9383234733036914,0.9383234733036914,3.0,3.0,1.0,0.0,0.0,0.9461543067572827,0.9994682434587288
distmap,2,BraTS-GLI-01002-000,TC,0.925881927586385,0.925881927586385,3.0,3.0,1.0,0.0,0.0,0.9773198124522953,0.9994480007234025
distmap,2,BraTS-GLI-01002-000,ET,0.8962915350864936,0.8962915350864936,3.0,3.0,1.0,0.0,0.0,0.9158456837716669,0.9994967941570998
distmap,2,BraTS-GLI-01004-000,WT,0.9451836409344534,0.23689403346570442,7.810249675906654,282.5916500663352,1.0,3.0,0.0,0.9910506486993866,0.9990684986795257
distmap,2,BraTS-GLI-01004-000,TC,0.9850163593099346,0.9850163593099346,1.0,1.0,1.0,0.0,0.0,0.9732559421035231,0.9999912367220891
distmap,2,BraTS-GLI-01004-000,ET,0.9562690007683827,0.9562690007683827,1.0,1.0,1.0,0.0,0.0,0.9232357115210941,0.9999866479633431
distmap,2,BraTS-GLI-01049-000,WT,0.8848231369693685,0.44403953519959066,3.0,39.66985106875144,2.0,0.0,0.0,0.9043786777431637,0.9990891995914419
distmap,2,BraTS-GLI-01049-000,TC,0.8960619754680439,0.8983818770226537,1.7320508075688772,1.4142135623730951,1.0,0.0,0.0,0.9332518337408313,0.9998626653901088
distmap,2,BraTS-GLI-01049-000,ET,0.8921072690735222,0.8948356154862028,1.0,1.0,1.0,0.0,0.0,0.9424597364568083,0.9998695238404828
distmap,2,BraTS-GLI-01083-000,WT,0.9874232947591435,0.9874232947591435,1.0,1.0,1.0,0.0,0.0,0.9790683271400354,0.9999456208060472
distmap,2,BraTS-GLI-01083-000,TC,0.9891078432904628,0.9891078432904628,1.0,1.0,1.0,0.0,0.0,0.9819112627986348,0.9999871849204734
distmap,2,BraTS-GLI-01083-000,ET,0.9677360163919386,0.9677360163919386,0.0,0.0,1.0,0.0,0.0,0.9517564966313763,0.9999716093227353
distmap,2,BraTS-GLI-01057-000,WT,0.9247098190944264,0.6257243543505351,3.7416573867739413,125.74535599249992,2.0,0.0,1.0,0.9122372662798195,0.9997348475260779
distmap,2,BraTS-GLI-01057-000,TC,0.9750060145954182,0.5599945029167713,1.0,2.08113883008419,2.0,0.0,0.0,0.9834447799827437,0.9999295130926064
distmap,2,BraTS-GLI-01057-000,ET,0.9385851688387392,0.5236186026642441,1.0,2.302775637731995,2.0,0.0,0.0,0.9787252518235499,0.9998620532487917
distmap,2,BraTS-GLI-01061-000,WT,0.9806644595814727,0.9806644595814727,2.23606797749979,2.23606797749979,1.0,0.0,0.0,0.969575699424914,0.9998532521145789
distmap,2,BraTS-GLI-01061-000,TC,0.9870429793854532,0.9870429793854532,1.0,1.0,1.0,0.0,0.0,0.9843151515151515,0.9999528511548091
distmap,2,BraTS-GLI-01061-000,ET,0.9682944906530512,0.9682944906530512,1.0,1.0,1.0,0.0,0.0,0.9514869512441837,0.9999616995300049
distmap,2,BraTS-GLI-01088-000,WT,0.980737254099409,0.980737254099409,1.0,1.0,1.0,0.0,0.0,0.9979176427716174,0.9999199666935726
distmap,2,BraTS-GLI-01088-000,TC,0.9689206215875682,0.9689206215875682,1.0,1.0,1.0,0.0,0.0,0.9892795883361921,0.999986219518808
distmap,2,BraTS-GLI-01088-000,ET,0.9490835030549898,0.9490835030549898,1.0,1.0,1.0,0.0,0.0,0.9872881355932204,0.99997781730331
distmap,2,BraTS-GLI-01090-000,WT,0.9469261981319859,0.473472161081019,1.4142135623730951,187.70710678118655,1.0,1.0,0.0,0.9836766343247972,0.9994677677922129
distmap,2,BraTS-GLI-01090-000,TC,0.9537187563503353,0.9537187563503353,5.385164807134504,5.385164807134504,1.0,0.0,0.0,0.9806717860314476,0.9998370161290051
distmap,2,BraTS-GLI-01090-000,ET,0.9523809523809523,0.9523809523809523,1.4142135623730951,1.4142135623730951,1.0,0.0,0.0,0.9726674048604231,0.9998653325763528
distmap,2,BraTS-GLI-01074-000,WT,0.9573034168541572,0.9573034168541572,4.123105625617661,4.123105625617661,1.0,0.0,0.0,0.9792706454724657,0.9992806218036127
distmap,2,BraTS-GLI-01074-000,TC,0.9379018144975592,0.9379018144975592,2.449489742783178,2.449489742783178,1.0,0.0,0.0,0.9846064590988204,0.9996660355453657
distmap,2,BraTS-GLI-01074-000,ET,0.9154031065088757,0.9154031065088757,1.4142135623730951,1.4142135623730951,1.0,0.0,0.0,0.9831686609403704,0.9996271831424364
distmap,2,BraTS-GLI-01084-000,WT,0.9829028082615792,0.9829028082615792,1.0,1.0,1.0,0.0,0.0,0.987113693396333,0.9998931759466452
distmap,2,BraTS-GLI-01084-000,TC,0.9825010471447853,0.9825010471447853,1.0,1.0,1.0,0.0,0.0,0.9834164065775376,0.9999555382548967
distmap,2,BraTS-GLI-01084-000,ET,0.96624634556891,0.96624634556891,0.0,0.0,1.0,0.0,0.0,0.975609756097561,0.9999176320308608
distmap,2,BraTS-GLI-01072-000,WT,0.9463171917318771,0.4766424492879202,5.656854249492381,188.1180339887499,1.0,0.0,1.0,0.9524088576350044,0.9992274859807423
distmap,2,BraTS-GLI-01072-000,TC,0.9781248943435777,0.9781248943435777,1.0,1.0,1.0,0.0,0.0,0.9919900149501434,0.9997006241946017
distmap,2,BraTS-GLI-01072-000,ET,0.9414394278050962,0.9414394278050962,1.0,1.0,1.0,0.0,0.0,0.9825052484254724,0.9995961187824556
distmap,2,BraTS-GLI-01102-000,WT,0.8234919087175833,0.36766617148947955,29.154759474226502,126.7950549357115,2.0,1.0,0.0,0.9692341646435665,0.9990212619499862
distmap,2,BraTS-GLI-01102-000,TC,0.9439645625692137,0.4903735521975915,22.825424421026653,187.5,1.0,0.0,1.0,0.9195914844649021,0.9999775811093047
distmap,2,BraTS-GLI-01102-000,ET,0.9224062772449869,0.48364485981308414,21.77154105707724,187.0,1.0,0.0,1.0,0.8910724312184166,0.9999754557414905
distmap,2,BraTS-GLI-01082-000,WT,0.9835322954019337,0.9835322954019337,1.0,1.0,1.0,0.0,0.0,0.9716681614349776,0.9999468042874157
distmap,2,BraTS-GLI-01082-000,TC,0.971479590807288,0.971479590807288,1.4142135623730951,1.4142135623730951,1.0,0.0,0.0,0.9502452213900154,0.9999306646237656
distmap,2,BraTS-GLI-01082-000,ET,0.9344375739446837,0.9344375739446837,1.0,1.0,1.0,0.0,0.0,0.9175397834378151,0.9997622258363695
distmap,2,BraTS-GLI-01085-000,WT,0.942942580574609,0.4772736815986868,44.395945760846224,188.1180339887499,1.0,0.0,1.0,0.9026778043304046,0.9998121620466988
distmap,2,BraTS-GLI-01085-000,TC,0.9784968772268098,0.9784968772268098,1.0,1.0,1.0,0.0,0.0,0.9938410013339767,0.9998513398585614
distmap,2,BraTS-GLI-01085-000,ET,0.9672514619883041,0.9672514619883041,1.0,1.0,1.0,0.0,0.0,0.9907242606790799,0.9998101987867106
distmap,2,BraTS-GLI-01062-000,WT,0.9743778842222093,0.9743778842222093,1.0,1.0,1.0,0.0,0.0,0.9776115575938286,0.9995493374794588
distmap,2,BraTS-GLI-01062-000,TC,0.974261332807182,0.9743286173760335,1.0,1.0,1.0,0.0,0.0,0.998665156540733,0.9997135795505485
distmap,2,BraTS-GLI-01062-000,ET,0.9304096733441617,0.9305272277674494,1.0,1.0,1.0,0.0,0.0,0.9967133245688655,0.9995763938954889
distmap,2,BraTS-GLI-01105-000,WT,0.95835015708578,0.95835015708578,2.0,2.0,1.0,0.0,0.0,0.9298623962748492,0.9998371615530239
distmap,2,BraTS-GLI-01105-000,TC,0.9801153715643027,0.9801153715643027,1.0,1.0,1.0,0.0,0.0,0.9932144330842235,0.9999179222448569
distmap,2,BraTS-GLI-01105-000,ET,0.9515154398820003,0.9515154398820003,1.0,1.0,1.0,0.0,0.0,0.9771328056288479,0.9999119734794596
distmap,2,BraTS-GLI-01138-000,WT,0.8330720744505313,0.41695743916488764,12.884098726725126,193.36396103067892,1.0,0.0,1.0,0.753010925090421,0.9991646486970237
distmap,2,BraTS-GLI-01138-000,TC,0.9732087633060972,0.49465568020119793,51.468436929831086,187.0,1.0,0.0,1.0,0.9511326037159583,0.9999938287424414
distmap,2,BraTS-GLI-01138-000,ET,0.9523769386378962,0.48635502754820936,47.085029467974216,187.5,1.0,0.0,1.0,0.9335701892092869,0.9999634360962223
distmap,2,BraTS-GLI-01109-000,WT,0.9802456305314297,0.9802456305314297,1.0,1.0,1.0,0.0,0.0,0.988225511391984,0.99980976266003
distmap,2,BraTS-GLI-01109-000,TC,0.9814391544683817,0.9814391544683817,1.0,1.0,1.0,0.0,0.0,0.9847755367599219,0.9999239091585499
distmap,2,BraTS-GLI-01109-000,ET,0.9560939385500788,0.9560939385500788,1.0,1.0,1.0,0.0,0.0,0.9580207106095368,0.999916740285684
distmap,2,BraTS-GLI-01160-001,WT,0.9806300285961245,0.9806300285961245,1.0,1.0,1.0,0.0,0.0,0.9670316466152992,0.999920749002654
distmap,2,BraTS-GLI-01160-001,TC,0.9876905436395521,0.9876905436395521,1.0,1.0,1.0,0.0,0.0,0.9903959960772378,0.9998994233530405
distmap,2,BraTS-GLI-01160-001,ET,0.97173639453782,0.97173639453782,1.0,1.0,1.0,0.0,0.0,0.9695810350897782,0.9998754135297305
distmap,2,BraTS-GLI-01158-000,WT,0.9645459231294318,0.4830198682888715,1.7320508075688772,187.70710678118655,1.0,1.0,0.0,0.9585944638786078,0.9996429566365223
distmap,2,BraTS-GLI-01158-000,TC,0.9249990052918474,0.462775698702126,2.23606797749979,188.1180339887499,1.0,1.0,0.0,0.8822770398481974,0.9999249577325552
distmap,2,BraTS-GLI-01158-000,ET,0.8648995177969172,0.4326427037729009,1.7320508075688772,187.86602540378445,1.0,1.0,0.0,0.7816514685878382,0.9999424122918438
distmap,2,BraTS-GLI-01130-000,WT,0.9024518631389389,0.9024518631389389,15.748015748023622,15.748015748023622,1.0,0.0,0.0,0.8460339722611813,0.9998746835873071
distmap,2,BraTS-GLI-01130-000,TC,0.9836627374516234,0.9836627374516234,1.0,1.0,1.0,0.0,0.0,0.9685263831520158,0.9999986533212297
distmap,2,BraTS-GLI-01130-000,ET,0.9577125936892754,0.9577125936892754,2.8284271247461903,2.8284271247461903,1.0,0.0,0.0,0.9549732422956265,0.9999282968550597
distmap,2,BraTS-GLI-01137-000,WT,0.975983070032974,0.975983070032974,1.0,1.0,1.0,0.0,0.0,0.9955071408850179,0.9998005211202905
distmap,2,BraTS-GLI-01137-000,TC,0.8657421888576096,0.8657421888576096,3.0,3.0,1.0,0.0,0.0,0.8338354421905336,0.9998450588759442
distmap,2,BraTS-GLI-01137-000,ET,0.7322087752908742,0.7322087752908742,5.477225575051661,5.477225575051661,1.0,0.0,0.0,0.5781007894931012,0.9999985416930517
distmap,2,BraTS-GLI-01160-000,WT,0.9754032258064517,0.9754032258064517,1.4142135623730951,1.4142135623730951,1.0,0.0,0.0,0.9737172353372955,0.9996714122150805
distmap,2,BraTS-GLI-01160-000,TC,0.9724928085774058,0.9724928085774058,7.54983443527075,7.54983443527075,1.0,0.0,0.0,0.9616167819509988,0.9998882262418166
distmap,2,BraTS-GLI-01160-000,ET,0.9517392589672842,0.9517392589672842,5.0,5.0,1.0,0.0,0.0,0.9355369899503572,0.999858665275825
distmap,2,BraTS-GLI-01148-000,WT,0.9835875542487171,0.9835875542487171,1.0,1.0,1.0,0.0,0.0,0.9868939888230122,0.9997623054534746
distmap,2,BraTS-GLI-01148-000,TC,0.9924231987877118,0.9924231987877118,0.0,0.0,1.0,0.0,0.0,0.9948902085347328,0.9999589509204835
distmap,2,BraTS-GLI-01148-000,ET,0.9899213896825735,0.9899213896825735,0.0,0.0,1.0,0.0,0.0,0.989063742756505,0.9999635660145583
distmap,2,BraTS-GLI-01145-000,WT,0.9484536942422789,0.9484536942422789,2.8284271247461903,2.8284271247461903,1.0,0.0,0.0,0.9264181074518878,0.9996220443539128
distmap,2,BraTS-GLI-01145-000,TC,0.9407867223183461,0.9407867223183461,2.0,2.0,1.0,0.0,0.0,0.8984322385628593,0.9999169689234761
distmap,2,BraTS-GLI-01145-000,ET,0.8823816666085319,0.44124470181926007,1.0,187.5,1.0,1.0,0.0,0.9633649415438517,0.9993504641395431
distmap,2,BraTS-GLI-01118-000,WT,0.9598651000399944,0.9598651000399944,1.0,1.0,1.0,0.0,0.0,0.9590047086267225,0.9997956472757136
distmap,2,BraTS-GLI-01118-000,TC,0.9709724238026125,0.9730571931884324,1.0,0.5,2.0,0.0,0.0,0.9912946842007779,0.9999387700312273
distmap,2,BraTS-GLI-01118-000,ET,0.9561324977618622,0.9572157632832223,1.0,1.0,2.0,0.0,0.0,0.9881569207994079,0.9999283623774005
distmap,2,BraTS-GLI-01123-000,WT,0.969405088574042,0.969405088574042,1.0,1.0,1.0,0.0,0.0,0.9914723551573159,0.9995200821928458
distmap,2,BraTS-GLI-01123-000,TC,0.9639605462822458,0.4831717056474615,4.898979485566356,188.5,1.0,0.0,1.0,0.9626458554326414,0.9999487369433443
distmap,2,BraTS-GLI-01123-000,ET,0.9002079002079002,0.45245559038662486,3.1622776601683795,187.70710678118655,1.0,0.0,1.0,0.8987705572409388,0.9999311793207982
distmap,2,BraTS-GLI-01161-000,WT,0.971332989305479,0.4856772976604103,1.0,187.5,1.0,1.0,0.0,0.9930234038876105,0.9993562076742268
distmap,2,BraTS-GLI-01161-000,TC,0.9905164045157392,0.8127494157987949,1.0,1.5,2.0,0.0,0.0,0.986318222991334,0.9999565169906188
distmap,2,BraTS-GLI-01161-000,ET,0.9763416281365266,0.7989377476940902,1.0,1.0,2.0,0.0,0.0,0.9669280319400712,0.999924544527682
distmap,2,BraTS-GLI-01175-000,WT,0.9803966635575713,0.9803966635575713,1.0,1.0,1.0,0.0,0.0,0.9877805123675863,0.9994205194895218
distmap,2,BraTS-GLI-01175-000,TC,0.9752052401344145,0.9721483535466996,1.4142135623730951,1.5,2.0,0.0,0.0,0.9555386936216724,0.9999481700571048
distmap,2,BraTS-GLI-01175-000,ET,0.9656269139437179,0.9603548539808193,2.0,1.618033988749895,2.0,0.0,0.0,0.9406223506138726,0.9999179164035746
distmap,2,BraTS-GLI-01200-000,WT,0.985988710239678,0.985988710239678,1.0,1.0,1.0,0.0,0.0,0.9860309227908798,0.9998701144259126
distmap,2,BraTS-GLI-01200-000,TC,0.9867645255322962,0.9867645255322962,1.0,1.0,1.0,0.0,0.0,0.9833414808408227,0.9999417452579851
distmap,2,BraTS-GLI-01200-000,ET,0.9615047932190363,0.9615047932190363,1.0,1.0,1.0,0.0,0.0,0.9524151933000592,0.9999238575088737
distmap,2,BraTS-GLI-01167-000,WT,0.9197694869587996,0.9197694869587996,3.0,3.0,1.0,0.0,0.0,0.9806788824274585,0.9982764571753132
distmap,2,BraTS-GLI-01167-000,TC,0.9191740594394305,0.9191740594394305,2.449489742783178,2.449489742783178,1.0,0.0,0.0,0.93506006006006,0.9996424248473926
distmap,2,BraTS-GLI-01167-000,ET,0.4985689354275742,0.4985689354275742,24.0,24.0,1.0,0.0,0.0,0.36640673096655035,0.9998869733918769
distmap,2,BraTS-GLI-01199-000,WT,0.9867839356574076,0.9867839356574076,1.0,1.0,1.0,0.0,0.0,0.9874413708559855,0.9997624717700262
distmap,2,BraTS-GLI-01199-000,TC,0.9898921782393358,0.9898921782393358,1.0,1.0,1.0,0.0,0.0,0.9864257447920556,0.9999503444010773
distmap,2,BraTS-GLI-01199-000,ET,0.9547312264062646,0.9547312264062646,1.0,1.0,1.0,0.0,0.0,0.935126050420168,0.9999124254168645
distmap,2,BraTS-GLI-01173-000,WT,0.9655534643498053,0.9655534643498053,1.4142135623730951,1.4142135623730951,1.0,0.0,0.0,0.9973326099733261,0.9994871154254352
distmap,2,BraTS-GLI-01173-000,TC,0.7487244341720815,0.37437038006149015,10.816653826391969,192.408326913196,1.0,1.0,0.0,0.999301554042256,0.9987080873262042
distmap,2,BraTS-GLI-01173-000,ET,0.15254237288135594,1.0,6.6332495807108,0.0,0.0,0.0,0.0,0.675,0.9999678537986282
distmap,2,BraTS-GLI-01169-000,WT,0.9404813989533626,0.9404813989533626,2.8284271247461903,2.8284271247461903,1.0,0.0,0.0,0.9885354133097577,0.998185995902019
distmap,2,BraTS-GLI-01169-000,TC,0.8854881136760331,0.8854881136760331,3.605551275463989,3.605551275463989,1.0,0.0,0.0,0.9564767114557332,0.9991364786641503
distmap,2,BraTS-GLI-01169-000,ET,0.0,0.0,24.041630560342615,374.0,0.0,6.0,1.0,0.0,0.9999053530415556
distmap,2,BraTS-GLI-01185-000,WT,0.9315179254681702,0.9315179254681702,2.8284271247461903,2.8284271247461903,1.0,0.0,0.0,0.9085566216647577,0.999491128818886
distmap,2,BraTS-GLI-01185-000,TC,0.9465845705369573,0.9465845705369573,2.449489742783178,2.449489742783178,1.0,0.0,0.0,0.9099498823402612,0.9999206521938823
distmap,2,BraTS-GLI-01185-000,ET,0.8987307121554842,0.8987307121554842,2.8284271247461903,2.8284271247461903,1.0,0.0,0.0,0.847554347826087,0.9998404039949613
distmap,2,BraTS-GLI-01189-000,WT,0.9593824879406224,0.9593824879406224,3.3166247903554,3.3166247903554,1.0,0.0,0.0,0.9301897812764252,0.9998834714259341
distmap,2,BraTS-GLI-01189-000,TC,0.8881678218732748,0.8881678218732748,5.385164807134504,5.385164807134504,1.0,0.0,0.0,0.8061082471357153,0.9999074470816243
distmap,2,BraTS-GLI-01189-000,ET,0.6996614189199731,0.6996614189199731,12.0,12.0,1.0,0.0,0.0,0.5661868686868687,0.9997671121911705
distmap,2,BraTS-GLI-01172-000,WT,0.9141173713094151,0.3049091009574492,6.0,251.248187548846,1.0,2.0,0.0,0.9895100612423448,0.9977247920850494
distmap,2,BraTS-GLI-01172-000,TC,0.9623368461321262,0.9623368461321262,5.196152422706632,5.196152422706632,1.0,0.0,0.0,0.9878452418796866,0.9992098442747039
distmap,2,BraTS-GLI-01172-000,ET,0.9267201284054499,0.46336851577129795,1.7320508075688772,187.86602540378445,1.0,1.0,0.0,0.9802693351511955,0.9988114464072383
distmap,2,BraTS-GLI-01170-000,WT,0.9138173345414872,0.45691289192162954,3.0,188.5,1.0,1.0,0.0,0.9667615498234391,0.9982727850683606
distmap,2,BraTS-GLI-01170-000,TC,0.8316795295847115,0.41298783866382804,4.898979485566356,189.371555008328,2.0,2.0,0.0,0.7336921281286474,0.9999469289357131
distmap,2,BraTS-GLI-01170-000,ET,0.8449060036385688,0.4199533287510948,4.123105625617661,188.9960745184733,2.0,2.0,0.0,0.7533626225076039,0.9999502984616645
distmap,2,BraTS-GLI-01190-000,WT,0.9814825454656063,0.9814825454656063,1.0,1.0,1.0,0.0,0.0,0.9862457293838766,0.9996066405543111
distmap,2,BraTS-GLI-01190-000,TC,0.9786910298563745,0.9787104542387234,1.0,1.0,1.0,0.0,0.0,0.9829242687999149,0.9997813108179868
distmap,2,BraTS-GLI-01190-000,ET,0.9606817478468935,0.960703502415459,2.23606797749979,2.23606797749979,1.0,0.0,0.0,0.9776320034412302,0.9995765497708596
distmap,2,BraTS-GLI-01201-000,WT,0.9712585522043164,0.9712585522043164,1.0,1.0,1.0,0.0,0.0,0.9709994664948713,0.9996796794801293
distmap,2,BraTS-GLI-01201-000,TC,0.9496659443842542,0.9496659443842542,1.4142135623730951,1.4142135623730951,1.0,0.0,0.0,0.9553153807728986,0.9998600939885441
distmap,2,BraTS-GLI-01201-000,ET,0.8265023112480739,0.8265023112480739,5.196152422706632,5.196152422706632,1.0,0.0,0.0,0.795036842551029,0.9998294114988314
distmap,2,BraTS-GLI-01220-000,WT,0.950225825844342,0.9502404735479097,1.4142135623730951,1.4142135623730951,1.0,0.0,0.0,0.9614148912941763,0.9997760776515942
distmap,2,BraTS-GLI-01220-000,TC,0.9761082462033401,0.9761082462033401,1.0,1.0,1.0,0.0,0.0,0.981028006276449,0.9999314020291302
distmap,2,BraTS-GLI-01220-000,ET,0.9417737442717226,0.9417737442717226,1.0,1.0,1.0,0.0,0.0,0.9559467347683327,0.9999088262063762
distmap,2,BraTS-GLI-01233-000,WT,0.9103775509609275,0.9103775509609275,8.306623862918075,8.306623862918075,1.0,0.0,0.0,0.8913353650880618,0.9993376989773416
distmap,2,BraTS-GLI-01233-000,TC,0.9305471503328469,0.9305471503328469,1.4142135623730951,1.4142135623730951,1.0,0.0,0.0,0.9099453475824137,0.9998522351207789
distmap,2,BraTS-GLI-01233-000,ET,0.8930608474771966,0.8930608474771966,1.0,1.0,1.0,0.0,0.0,0.8746607562873168,0.9997911494996795
distmap,2,BraTS-GLI-01205-000,WT,0.7249214748578058,0.18155403106928222,12.083045973594572,283.52076149339865,1.0,3.0,0.0,0.5832081227519009,0.9999363353195142
distmap,2,BraTS-GLI-01205-000,TC,0.8238860744345606,0.4733030844676658,30.479501308256342,187.5,1.0,0.0,1.0,0.7166551006245663,0.9999627535033584
distmap,2,BraTS-GLI-01205-000,ET,0.7500126435037677,0.4295064874884152,29.068883707497267,187.70710678118655,1.0,0.0,1.0,0.6874652327090673,0.999823711755712
distmap,2,BraTS-GLI-01210-000,WT,0.8421708613036538,0.2807911581587274,3.605551275463989,250.535183758488,1.0,2.0,0.0,0.863913687138307,0.9990579076657206
distmap,2,BraTS-GLI-01210-000,TC,0.9090909090909091,0.9090909090909091,2.23606797749979,2.23606797749979,1.0,0.0,0.0,0.879325135830712,0.9999567313372505
distmap,2,BraTS-GLI-01210-000,ET,0.8986545657192898,0.8986545657192898,2.23606797749979,2.23606797749979,1.0,0.0,0.0,0.8719295535300479,0.9999502327348222
distmap,2,BraTS-GLI-01215-000,WT,0.95141040794812,0.95141040794812,1.4142135623730951,1.4142135623730951,1.0,0.0,0.0,0.9508408693639404,0.9993173695427762
distmap,2,BraTS-GLI-01215-000,TC,0.7875521204108614,0.7875521204108614,8.602325267042627,8.602325267042627,1.0,0.0,0.0,0.657125077784692,0.9999768807483186
distmap,2,BraTS-GLI-01215-000,ET,0.8833668182298826,0.8833668182298826,1.7320508075688772,1.7320508075688772,1.0,0.0,0.0,0.9280159964452344,0.9998253167003738
distmap,2,BraTS-GLI-01223-000,WT,0.9521625163826999,0.9521625163826999,1.4142135623730951,1.4142135623730951,1.0,0.0,0.0,0.9598784462256672,0.9995669242547474
distmap,2,BraTS-GLI-01223-000,TC,0.9367110318331504,0.9367110318331504,2.23606797749979,2.23606797749979,1.0,0.0,0.0,0.8913078956816921,0.9999595385733953
distmap,2,BraTS-GLI-01223-000,ET,0.8864126527677929,0.8864126527677929,1.4142135623730951,1.4142135623730951,1.0,0.0,0.0,0.8796992481203008,0.9997849553844153
distmap,2,BraTS-GLI-01227-000,WT,0.926983460776727,0.4658901391553121,2.8284271247461903,187.86602540378445,1.0,0.0,1.0,0.9624031482767542,0.9990543858573258
distmap,2,BraTS-GLI-01227-000,TC,0.9690257830074407,0.9690257830074407,1.0,1.0,1.0,0.0,0.0,0.9862093256387331,0.9997955256559629
distmap,2,BraTS-GLI-01227-000,ET,0.9048650130190489,0.9048650130190489,1.0,1.0,1.0,0.0,0.0,0.9468823495669133,0.9997143840565926
distmap,2,BraTS-GLI-01224-000,WT,0.929165780352607,0.9291890336223833,1.4142135623730951,1.4142135623730951,1.0,0.0,0.0,0.9028547806633596,0.9998125325479955
distmap,2,BraTS-GLI-01224-000,TC,0.9575167233892735,0.9575167233892735,1.0,1.0,1.0,0.0,0.0,0.9310738331621591,0.9999730654059481
distmap,2,BraTS-GLI-01224-000,ET,0.8809825960841189,0.8809825960841189,1.4142135623730951,1.4142135623730951,1.0,0.0,0.0,0.8886349090244126,0.9998421004763564
distmap,2,BraTS-GLI-01209-000,WT,0.9052124267380833,0.9052177084093064,3.7416573867739413,3.7416573867739413,1.0,0.0,0.0,0.8473407102362721,0.9994808406173834
distmap,2,BraTS-GLI-01209-000,TC,0.8702610840617538,0.8702860461947753,8.06225774829855,8.06225774829855,1.0,0.0,0.0,0.7957251507998951,0.99971587507089
distmap,2,BraTS-GLI-01209-000,ET,0.7934687772653621,0.7934687772653621,4.47213595499958,4.47213595499958,1.0,0.0,0.0,0.6878646784935463,0.9997365130207515
distmap,2,BraTS-GLI-01226-000,WT,0.9018125816877577,0.45114626469261454,2.23606797749979,188.1180339887499,1.0,1.0,0.0,0.9307831470191473,0.9985549749767135
distmap,2,BraTS-GLI-01226-000,TC,0.9010016216731852,0.869437463952878,2.0,2.414213562373095,2.0,0.0,0.0,0.8293411070525428,0.9999629193817919
distmap,2,BraTS-GLI-01226-000,ET,0.8709424270528644,0.8393695170742265,1.4142135623730951,1.4142135623730951,2.0,0.0,0.0,0.7868683396356136,0.9999475559500526
distmap,2,BraTS-GLI-01219-000,WT,0.9087028496657101,0.9093729270055391,3.605551275463989,3.702459173643832,2.0,0.0,0.0,0.9244207457419058,0.9983677477874798
distmap,2,BraTS-GLI-01219-000,TC,0.9707522414170129,0.4992997238007999,6.782329983125268,6.287918451395113,2.0,0.0,0.0,0.9500802568218298,0.9999846228271325
distmap,2,BraTS-GLI-01219-000,ET,0.9674632403843492,0.49769805371255177,6.48074069840786,6.287918451395113,2.0,0.0,0.0,0.9401539206716538,0.9999929288318352
distmap,2,BraTS-GLI-01241-000,WT,0.9018078495766123,0.9018078495766123,11.045361017187261,11.045361017187261,1.0,0.0,0.0,0.844402405752099,0.9995732957011901
distmap,2,BraTS-GLI-01241-000,TC,0.9523186521263951,0.8660746841188367,1.4142135623730951,1.9318516525781364,2.0,0.0,0.0,0.9589049898788677,0.9996143588012931
distmap,2,BraTS-GLI-01241-000,ET,0.8675169747947823,0.8673517787618658,1.0,1.0,2.0,0.0,0.0,0.9362519921252461,0.9992006518885624
distmap,2,BraTS-GLI-01265-000,WT,0.9403518560493784,0.9403600540516979,5.385164807134504,5.385164807134504,1.0,0.0,0.0,0.9265393073117097,0.9997107034753464
distmap,2,BraTS-GLI-01265-000,TC,0.9722724059382609,0.9722724059382609,1.0,1.0,1.0,0.0,0.0,0.9665026938393066,0.9998751798514145
distmap,2,BraTS-GLI-01265-000,ET,0.9330308628559009,0.9330308628559009,1.0,1.0,1.0,0.0,0.0,0.9214402618657938,0.9997748216147405
distmap,2,BraTS-GLI-01247-000,WT,0.8312674022893678,0.8312845474795809,5.385164807134504,5.385164807134504,1.0,0.0,0.0,0.7775291303341307,0.9997287151477598
distmap,2,BraTS-GLI-01247-000,TC,0.8931222167243938,0.8931222167243938,1.4142135623730951,1.4142135623730951,1.0,0.0,0.0,0.8707187650747709,0.9999816265582275
distmap,2,BraTS-GLI-01247-000,ET,0.8083124328197778,0.8083124328197778,1.4142135623730951,1.4142135623730951,1.0,0.0,0.0,0.962457337883959,0.999944997259945
distmap,2,BraTS-GLI-01255-000,WT,0.7913347157044636,0.7922858391608392,4.898979485566356,4.898979485566356,1.0,0.0,0.0,0.9651271130041262,0.9996006944463907
distmap,2,BraTS-GLI-01255-000,TC,0.9375,0.9375,1.0,1.0,1.0,0.0,0.0,0.9693053311793215,0.9999863332303471
distmap,2,BraTS-GLI-01255-000,ET,0.9400235201881615,0.9400235201881615,1.0,1.0,1.0,0.0,0.0,0.968497576736672,0.9999872294119637
distmap,2,BraTS-GLI-01281-000,WT,0.9718307531083364,0.9718307531083364,1.0,1.0,1.0,0.0,0.0,0.9513164366893624,0.9998861342781187
distmap,2,BraTS-GLI-01281-000,TC,0.9449728839546836,0.9449728839546836,2.449489742783178,2.449489742783178,1.0,0.0,0.0,0.9440748883057939,0.9995699687101149
distmap,2,BraTS-GLI-01281-000,ET,0.871584640810457,0.871584640810457,2.23606797749979,2.23606797749979,1.0,0.0,0.0,0.9001795570925052,0.9991598454061511
distmap,2,BraTS-GLI-01263-000,WT,0.9376709148134771,0.8854475694209917,2.8284271247461903,3.5431930478299516,3.0,0.0,0.0,0.9427459795953658,0.9995561528133057
distmap,2,BraTS-GLI-01263-000,TC,0.9034809009390666,0.8943658846093925,2.8284271247461903,3.118033988749895,2.0,0.0,0.0,0.9065918494587089,0.9996020337548245
distmap,2,BraTS-GLI-01263-000,ET,0.7364620938628159,0.5062665072110005,1.4142135623730951,125.47140452079104,2.0,1.0,0.0,0.9205053755002747,0.9991719812451845
distmap,2,BraTS-GLI-01300-000,WT,0.9227281875284672,0.9227281875284672,4.123105625617661,4.123105625617661,1.0,0.0,0.0,0.9619045515779245,0.9993729397496419
distmap,2,BraTS-GLI-01300-000,TC,0.8644706336939721,0.28824040970142045,2.23606797749979,250.07868932583327,1.0,2.0,0.0,0.8864784546805349,0.9998138576268754
distmap,2,BraTS-GLI-01300-000,ET,0.870286199490535,0.2901678657074341,2.0,250.0,1.0,2.0,0.0,0.8918005937148121,0.9998273200144737
distmap,2,BraTS-GLI-01246-000,WT,0.9767871059665026,0.9767871059665026,1.0,1.0,1.0,0.0,0.0,0.9843882507131293,0.9996333958581325
distmap,2,BraTS-GLI-01246-000,TC,0.8587114429541538,0.8587114429541538,3.1622776601683795,3.1622776601683795,1.0,0.0,0.0,0.7614896039307328,0.9999546917227061
distmap,2,BraTS-GLI-01246-000,ET,0.8749819198688588,0.8749819198688588,1.4142135623730951,1.4142135623730951,1.0,0.0,0.0,0.9783815839128794,0.9994629298707631
distmap,2,BraTS-GLI-01284-000,WT,0.9400121658718927,0.470014971239461,3.605551275463989,188.802775637732,1.0,1.0,0.0,0.9127544712262361,0.9994547397480462
distmap,2,BraTS-GLI-01284-000,TC,0.9518570841724528,0.9518570841724528,2.0,2.0,1.0,0.0,0.0,0.9354918121571987,0.9996534279308538
distmap,2,BraTS-GLI-01284-000,ET,0.904754080403111,0.904754080403111,2.0,2.0,1.0,0.0,0.0,0.8864621205006775,0.9993845344775337
distmap,2,BraTS-GLI-01293-000,WT,0.812498419362181,0.8125086936179361,13.114877048604,13.076696830622021,1.0,0.0,0.0,0.7441341558511747,0.9987106862447476
distmap,2,BraTS-GLI-01293-000,TC,0.7083222899549431,0.7083222899549431,15.937377450509228,15.937377450509228,1.0,0.0,0.0,0.5689438613671683,0.9996010891488777
distmap,2,BraTS-GLI-01293-000,ET,0.4976625111308994,0.24885895580541023,23.280893453645632,198.6404467268228,1.0,1.0,0.0,0.3807698858797479,0.9998031685489586
distmap,2,BraTS-GLI-01249-000,WT,0.9281048902171555,0.9282167478185412,3.1622776601683795,3.1622776601683795,1.0,0.0,0.0,0.9223031232036789,0.9998472009595915
distmap,2,BraTS-GLI-01249-000,TC,0.9331791016001543,0.9331791016001543,1.4142135623730951,1.4142135623730951,1.0,0.0,0.0,0.902386278896346,0.9999524375209629
distmap,2,BraTS-GLI-01249-000,ET,0.8208880994671404,0.8208880994671404,1.4142135623730951,1.4142135623730951,1.0,0.0,0.0,0.8844151867728107,0.9998020505145566
distmap,2,BraTS-GLI-01266-000,WT,0.9137309309602972,0.9137309309602972,9.899494936611665,9.899494936611665,1.0,0.0,0.0,0.9690301337187822,0.9973270178069259
distmap,2,BraTS-GLI-01266-000,TC,0.7743573468740083,0.8071999876075945,12.727922061357855,7.300735254367722,2.0,0.0,0.0,0.6415312615028659,0.9999671118465486
distmap,2,BraTS-GLI-01266-000,ET,0.8532889401118368,0.8481451634612963,3.0,2.0,2.0,0.0,0.0,0.7664289548347519,0.9999561411331225
distmap,2,BraTS-GLI-01307-000,WT,0.9882448364101627,0.49412806306049006,1.0,187.5,1.0,1.0,0.0,0.9829223951823657,0.9998731715566077
distmap,2,BraTS-GLI-01307-000,TC,0.9883664070051743,0.9883664070051743,1.0,1.0,1.0,0.0,0.0,0.9876588104275097,0.9999459702897378
distmap,2,BraTS-GLI-01307-000,ET,0.9793580304060407,0.9793580304060407,1.0,1.0,1.0,0.0,0.0,0.9729263666149336,0.9999454639867782
distmap,2,BraTS-GLI-01333-000,WT,0.965247702545685,0.9657577679137603,1.0,1.0,1.0,0.0,0.0,0.9459627329192547,0.9999923793898357
distmap,2,BraTS-GLI-01333-000,TC,0.9804811620517476,0.9804811620517476,0.0,0.0,1.0,0.0,0.0,0.972972972972973,0.9999985437257545
distmap,2,BraTS-GLI-01333-000,ET,0.9733270940570894,0.9733270940570894,0.0,0.0,1.0,0.0,0.0,0.9602954755309326,0.9999984317094021
distmap,2,BraTS-GLI-01332-000,WT,0.982837659156045,0.982837659156045,1.0,1.0,1.0,0.0,0.0,0.9826859581778649,0.9998568926572944
distmap,2,BraTS-GLI-01332-000,TC,0.9811164059873846,0.9811164059873846,1.0,1.0,1.0,0.0,0.0,0.9733982030054538,0.9999688851900581
distmap,2,BraTS-GLI-01332-000,ET,0.9658430947927946,0.9658430947927946,1.0,1.0,1.0,0.0,0.0,0.9692300093841063,0.9999141197561271
distmap,2,BraTS-GLI-01356-000,WT,0.9723406287474928,0.9723406287474928,1.4142135623730951,1.4142135623730951,1.0,0.0,0.0,0.9854019832079787,0.999341983169197
distmap,2,BraTS-GLI-01356-000,TC,0.9865589446282449,0.9865589446282449,1.0,1.0,1.0,0.0,0.0,0.9934310838189527,0.9997777462267242
distmap,2,BraTS-GLI-01356-000,ET,0.9548532466465597,0.9548532466465597,1.0,1.0,1.0,0.0,0.0,0.9801474485616537,0.9996598208472318
distmap,2,BraTS-GLI-01336-000,WT,0.9823504003053772,0.9823504003053772,1.0,1.0,1.0,0.0,0.0,0.9776462590474667,0.9999280242163031
distmap,2,BraTS-GLI-01336-000,TC,0.980477350791181,0.980477350791181,1.0,1.0,1.0,0.0,0.0,0.9762071787676838,0.9999710466761248
distmap,2,BraTS-GLI-01336-000,ET,0.9585536054134066,0.9585536054134066,0.0,0.0,1.0,0.0,0.0,0.9502148621737764,0.9999653527588118
distmap,2,BraTS-GLI-01344-000,WT,0.9718879322646625,0.9718879322646625,1.0,1.0,1.0,0.0,0.0,0.9476808905380334,0.9999969721505133
distmap,2,BraTS-GLI-01344-000,TC,0.9689542483660131,0.9689542483660131,1.0,1.0,1.0,0.0,0.0,0.9750082209799408,0.9999872268320784
distmap,2,BraTS-GLI-01344-000,ET,0.9793217535153019,0.9793217535153019,0.0,0.0,1.0,0.0,0.0,0.9736842105263158,0.9999949579605959
distmap,2,BraTS-GLI-01358-000,WT,0.9869886158590597,0.9869886158590597,1.0,1.0,1.0,0.0,0.0,0.9766520796270566,0.9999578298656187
distmap,2,BraTS-GLI-01358-000,TC,0.987567189616746,0.987567189616746,1.0,1.0,1.0,0.0,0.0,0.9802739310075586,0.9999482785178049
distmap,2,BraTS-GLI-01358-000,ET,0.9774917575450165,0.9774917575450165,0.0,0.0,1.0,0.0,0.0,0.9632915742447437,0.9999447201043504
distmap,2,BraTS-GLI-01320-000,WT,0.9830914987063165,0.9830914987063165,1.0,1.0,1.0,0.0,0.0,0.9754335757710245,0.9997289602979337
distmap,2,BraTS-GLI-01320-000,TC,0.9855236498288269,0.9855236498288269,1.0,1.0,1.0,0.0,0.0,0.9781429859233063,0.9999439921092109
distmap,2,BraTS-GLI-01320-000,ET,0.974149211487947,0.974149211487947,1.0,1.0,1.0,0.0,0.0,0.9569249519166683,0.9999543687011203
distmap,2,BraTS-GLI-01311-000,WT,0.90109631686805,0.3340544293947476,30.54504869860253,134.38675189355249,2.0,0.0,1.0,0.8254803598723828,0.9999261651719078
distmap,2,BraTS-GLI-01311-000,TC,0.9840567994779746,0.49310415507598604,2.0,187.5,1.0,0.0,1.0,0.9843156356551388,0.9999062712107856
distmap,2,BraTS-GLI-01311-000,ET,0.982522086093048,0.4923695264573449,1.0,187.5,1.0,0.0,1.0,0.9749087500249317,0.9999458202948165
distmap,2,BraTS-GLI-01341-000,WT,0.5548728451954258,0.9805341783612495,25.238858928247925,0.0,1.0,0.0,0.0,0.9733532934131737,0.9994255243337001
distmap,2,BraTS-GLI-01341-000,TC,0.9555694618272841,0.9555694618272841,1.0,1.0,1.0,0.0,0.0,0.9149191132414619,1.0
distmap,2,BraTS-GLI-01341-000,ET,0.915671242645748,0.915671242645748,1.4142135623730951,1.4142135623730951,1.0,0.0,0.0,0.8994746059544658,0.9999791600024426
distmap,2,BraTS-GLI-01325-000,WT,0.9603716424011584,0.9603716424011584,2.0,2.0,1.0,0.0,0.0,0.9597813055994624,0.9994195775602274
distmap,2,BraTS-GLI-01325-000,TC,0.9352167311054116,0.9352167311054116,1.4142135623730951,1.4142135623730951,1.0,0.0,0.0,0.9135008475421278,0.9998191920596623
distmap,2,BraTS-GLI-01325-000,ET,0.9410652897429225,0.9410652897429225,1.0,1.0,1.0,0.0,0.0,0.92506327750552,0.9998290379493012
distmap,2,BraTS-GLI-01322-000,WT,0.9659661873913731,0.48846276765739854,10.862780491200215,187.5,1.0,0.0,1.0,0.9363474851436623,0.9999957359316322
distmap,2,BraTS-GLI-01322-000,TC,0.9336210439786272,0.4844833102271515,22.315913604421397,187.5,1.0,0.0,1.0,0.8860932319094987,0.9999930515653422
distmap,2,BraTS-GLI-01322-000,ET,0.8941063727839004,0.4617097612272671,21.840329667841555,187.70710678118655,1.0,0.0,1.0,0.867906976744186,0.9999645886795836
distmap,2,BraTS-GLI-01374-000,WT,0.9875153723364894,0.9875153723364894,1.0,1.0,1.0,0.0,0.0,0.9976078428580583,0.9996350514893757
distmap,2,BraTS-GLI-01374-000,TC,0.9930681910262171,0.9930681910262171,0.0,0.0,1.0,0.0,0.0,0.988169237084384,0.9999848754846052
distmap,2,BraTS-GLI-01374-000,ET,0.9841539386191698,0.9841539386191698,0.0,0.0,1.0,0.0,0.0,0.9714479433478982,0.9999836617951022
distmap,2,BraTS-GLI-01385-000,WT,0.9823988148189172,0.9823988148189172,1.0,1.0,1.0,0.0,0.0,0.9696679808947228,0.9999264375397205
distmap,2,BraTS-GLI-01385-000,TC,0.989377445982833,0.989377445982833,1.0,1.0,1.0,0.0,0.0,0.9909836991303693,0.9998522968463847
distmap,2,BraTS-GLI-01385-000,ET,0.9793803240958536,0.9793803240958536,0.0,0.0,1.0,0.0,0.0,0.9639687130462038,0.9999638736929474
distmap,2,BraTS-GLI-01375-000,WT,0.9671949216495761,0.9671949216495761,2.23606797749979,2.23606797749979,1.0,0.0,0.0,0.9747891640382077,0.9997941079759013
distmap,2,BraTS-GLI-01375-000,TC,0.792797118847539,0.2440863394441159,47.80167361086848,280.5,1.0,3.0,0.0,0.9723203769140165,0.9999085847644411
distmap,2,BraTS-GLI-01375-000,ET,0.9073801822993237,0.16093032957863998,47.885279575251516,311.6666666666667,1.0,5.0,0.0,0.957790192427064,0.9999723292363799
distmap,2,BraTS-GLI-01397-000,WT,0.9713961529320668,0.32380864760707284,1.4142135623730951,249.80473785412437,1.0,2.0,0.0,0.9901536345591798,0.9996501586131886
distmap,2,BraTS-GLI-01397-000,TC,0.9665339157245632,0.9665339157245632,1.4142135623730951,1.4142135623730951,1.0,0.0,0.0,0.9487389659520807,0.9999485178074431
distmap,2,BraTS-GLI-01397-000,ET,0.9504205587725602,0.9504205587725602,1.0,1.0,1.0,0.0,0.0,0.9413094440723375,0.999893981567168
distmap,2,BraTS-GLI-01395-000,WT,0.9809841462358139,0.9809841462358139,1.0,1.0,1.0,0.0,0.0,0.9911159737417943,0.9999242011644947
distmap,2,BraTS-GLI-01395-000,TC,0.8519156263452432,0.8519156263452432,2.449489742783178,2.449489742783178,1.0,0.0,0.0,0.7843836702338486,0.9999838664084844
distmap,2,BraTS-GLI-01395-000,ET,0.8171152518978606,0.8171152518978606,3.0,3.0,1.0,0.0,0.0,0.703923900118906,0.9999946221361614
distmap,2,BraTS-GLI-01396-000,WT,0.9890879920725737,0.9890879920725737,1.0,1.0,1.0,0.0,0.0,0.9981309746312544,0.9998085707608063
distmap,2,BraTS-GLI-01396-000,TC,0.9395606814280054,0.9395606814280054,2.23606797749979,2.23606797749979,1.0,0.0,0.0,0.9375384345075991,0.9999257565958031
distmap,2,BraTS-GLI-01396-000,ET,0.9479066794503036,0.9479066794503036,1.4142135623730951,1.4142135623730951,1.0,0.0,0.0,0.9463943841735801,0.9999557183079013
distmap,2,BraTS-GLI-01407-000,WT,0.8785992566387533,0.48651061297361636,25.98076211353316,187.5,1.0,1.0,0.0,0.9630865894364814,0.9997381645322497
distmap,2,BraTS-GLI-01407-000,TC,0.9834056194606826,0.9834056194606826,0.0,0.0,1.0,0.0,0.0,0.9776902887139107,0.9999936117747767
distmap,2,BraTS-GLI-01407-000,ET,0.9764100364572164,0.9764100364572164,0.0,0.0,1.0,0.0,0.0,0.9629864636209814,0.999994957006802
distmap,2,BraTS-GLI-01390-000,WT,0.9786344143015467,0.9786344143015467,1.0,1.0,1.0,0.0,0.0,0.9630149457552538,0.9999699164285144
distmap,2,BraTS-GLI-01390-000,TC,0.9796147708628323,0.9796147708628323,1.0,1.0,1.0,0.0,0.0,0.9670734413135124,0.9999814720511506
distmap,2,BraTS-GLI-01390-000,ET,0.9618942427171062,0.9618942427171062,1.0,1.0,1.0,0.0,0.0,0.9531431698474588,0.9999529920240142
distmap,2,BraTS-GLI-01378-000,WT,0.9852820382403924,0.9852820382403924,1.0,1.0,1.0,0.0,0.0,0.9780346686629874,0.9998572355805938
distmap,2,BraTS-GLI-01378-000,TC,0.9895753035996077,0.9895753035996077,1.0,1.0,1.0,0.0,0.0,0.9825839544762363,0.999953426185616
distmap,2,BraTS-GLI-01378-000,ET,0.9340969128257698,0.9340969128257698,1.0,1.0,1.0,0.0,0.0,0.8835166884206601,0.999950531699715
distmap,2,BraTS-GLI-01389-000,WT,0.9761962594121933,0.9762436844150797,1.0,1.0,1.0,0.0,0.0,0.9729821333462451,0.9999526233793294
distmap,2,BraTS-GLI-01389-000,TC,0.9914460285132383,0.9914460285132383,0.0,0.0,1.0,0.0,0.0,0.989591803545292,0.9999954045410532
distmap,2,BraTS-GLI-01389-000,ET,0.9822989020838001,0.9822989020838001,0.0,0.0,1.0,0.0,0.0,0.9805412659360322,0.9999920435065545
distmap,2,BraTS-GLI-01377-000,WT,0.9709650908683389,0.32372305330724094,1.0,249.66666666666666,1.0,2.0,0.0,0.9540103320762334,0.9998632500961842
distmap,2,BraTS-GLI-01377-000,TC,0.9876422783337349,0.9877990008815751,1.0,1.0,1.0,0.0,0.0,0.9838324474935025,0.9999183496404105
distmap,2,BraTS-GLI-01377-000,ET,0.9838700133726228,0.9840272229619766,1.0,1.0,1.0,0.0,0.0,0.976027236440479,0.9999226491096732
distmap,2,BraTS-GLI-01387-000,WT,0.9071068514206921,0.9071068514206921,3.0,3.0,1.0,0.0,0.0,0.8695732255652946,0.9995020203825321
distmap,2,BraTS-GLI-01387-000,TC,0.9633180794653883,0.6417902792310376,1.0,125.0,2.0,1.0,0.0,0.9820793838862559,0.9999569566948481
distmap,2,BraTS-GLI-01387-000,ET,0.9367209058901894,0.918963833420984,1.4142135623730951,1.0,2.0,0.0,0.0,0.9203440538519072,0.9999732142416851
distmap,2,BraTS-GLI-01458-000,WT,0.95707031851054,0.95707031851054,8.306623862918075,8.306623862918075,1.0,0.0,0.0,0.9274968520113991,0.9999271508869774
distmap,2,BraTS-GLI-01458-000,TC,0.9094568868302029,0.9094568868302029,2.23606797749979,2.23606797749979,1.0,0.0,0.0,0.9592765968331927,0.9993390638466574
distmap,2,BraTS-GLI-01458-000,ET,0.7724386055766034,0.38624035761986536,2.0,188.0,1.0,1.0,0.0,0.8288003743346786,0.9993915319244301
distmap,2,BraTS-GLI-01471-000,WT,0.9659148805230051,0.9659148805230051,2.8284271247461903,2.8284271247461903,1.0,0.0,0.0,0.9544464437920258,0.9994987040209896
distmap,2,BraTS-GLI-01471-000,TC,0.9685844999699579,0.9685844999699579,1.4142135623730951,1.4142135623730951,1.0,0.0,0.0,0.9636135401011067,0.9996528162402553
distmap,2,BraTS-GLI-01471-000,ET,0.9193602892058627,0.9193602892058627,1.0,1.0,1.0,0.0,0.0,0.8986050513119892,0.9995869301588147
distmap,2,BraTS-GLI-01452-000,WT,0.9177677692605959,0.9177677692605959,1.4142135623730951,1.4142135623730951,1.0,0.0,0.0,0.9891028319778842,0.9994183361356231
distmap,2,BraTS-GLI-01452-000,TC,0.9006864988558353,0.9006864988558353,1.0,1.0,1.0,0.0,0.0,0.823086574654956,0.9999975345217387
distmap,2,BraTS-GLI-01452-000,ET,0.8827052657848765,0.8827052657848765,1.0,1.0,1.0,0.0,0.0,0.7968010813246227,0.999995741610328
distmap,2,BraTS-GLI-01466-000,WT,0.96665513803837,0.96665513803837,1.4142135623730951,1.4142135623730951,1.0,0.0,0.0,0.9629264338309802,0.9995050096982108
distmap,2,BraTS-GLI-01466-000,TC,0.9567573533469456,0.9567573533469456,1.7320508075688772,1.7320508075688772,1.0,0.0,0.0,0.9247402445008641,0.999911594159917
distmap,2,BraTS-GLI-01466-000,ET,0.9206216865286148,0.9206216865286148,1.0,1.0,1.0,0.0,0.0,0.8695049301561216,0.9998719218398517
distmap,2,BraTS-GLI-01411-000,WT,0.8845428500349092,0.8845428500349092,4.242640687119285,4.242640687119285,1.0,0.0,0.0,0.9865561562421682,0.9969066304185576
distmap,2,BraTS-GLI-01411-000,TC,0.9663375977972533,0.9663375977972533,1.0,1.0,1.0,0.0,0.0,0.9809626069468589,0.9996738196340962
distmap,2,BraTS-GLI-01411-000,ET,0.893749907499223,0.893749907499223,1.4142135623730951,1.4142135623730951,1.0,0.0,0.0,0.9589963474670478,0.999338167810654
distmap,2,BraTS-GLI-01417-000,WT,0.870575688226276,0.870575688226276,3.1622776601683795,3.1622776601683795,1.0,0.0,0.0,0.9621511009249406,0.9982899351127196
distmap,2,BraTS-GLI-01417-000,TC,0.9444645959412764,0.9444645959412764,1.0,1.0,1.0,0.0,0.0,0.9444465656141423,0.9998366624132241
distmap,2,BraTS-GLI-01417-000,ET,0.8967144510729231,0.8967144510729231,1.4142135623730951,1.4142135623730951,1.0,0.0,0.0,0.9291876182128523,0.9996513712785849
distmap,2,BraTS-GLI-01451-000,WT,0.7839311870851123,0.7839311870851123,4.58257569495584,4.58257569495584,1.0,0.0,0.0,0.6593446920052425,0.9999511725601012
distmap,2,BraTS-GLI-01451-000,TC,0.9384935123293827,0.9384935123293827,1.7320508075688772,1.7320508075688772,1.0,0.0,0.0,0.8965443228160549,0.9999853117310383
distmap,2,BraTS-GLI-01451-000,ET,0.9253784932080665,0.9253784932080665,1.4142135623730951,1.4142135623730951,1.0,0.0,0.0,0.8728832693610296,0.9999864336726559
distmap,2,BraTS-GLI-01427-000,WT,0.9315398831819575,0.9315398831819575,2.0,2.0,1.0,0.0,0.0,0.9344026647368473,0.9991801409450662
distmap,2,BraTS-GLI-01427-000,TC,0.9550415059219118,0.9550415059219118,1.4142135623730951,1.4142135623730951,1.0,0.0,0.0,0.9463053307948596,0.9998662077103935
distmap,2,BraTS-GLI-01427-000,ET,0.8907459385897764,0.8907459385897764,1.0,1.0,1.0,0.0,0.0,0.9033078880407125,0.9996747826147501
distmap,2,BraTS-GLI-01444-000,WT,0.9360772548284267,0.9360772548284267,2.0,2.0,1.0,0.0,0.0,0.890455267053934,0.9997682598932192
distmap,2,BraTS-GLI-01444-000,TC,0.9574503476496224,0.9574503476496224,1.4142135623730951,1.4142135623730951,1.0,0.0,0.0,0.9566971013208049,0.999788019105524
distmap,2,BraTS-GLI-01444-000,ET,0.9470473150388714,0.9470473150388714,1.4142135623730951,1.4142135623730951,1.0,0.0,0.0,0.9471936148300721,0.9997679195784529
distmap,2,BraTS-GLI-01419-000,WT,0.9387106107057677,0.9387106107057677,3.0,3.0,1.0,0.0,0.0,0.9181537144487777,0.9990823309711003
distmap,2,BraTS-GLI-01419-000,TC,0.7736572992031141,0.7736572992031141,11.357816691600547,11.357816691600547,1.0,0.0,0.0,0.632734010072806,0.999974354217737
distmap,2,BraTS-GLI-01419-000,ET,0.9182921304289265,0.9182921304289265,2.23606797749979,2.23606797749979,1.0,0.0,0.0,0.8850965396780437,0.9997968631163516
distmap,2,BraTS-GLI-01479-000,WT,0.8796159182864406,0.8797261879425904,9.9498743710662,9.848857801796104,1.0,0.0,0.0,0.7930418236960647,0.9997798059889338
distmap,2,BraTS-GLI-01479-000,TC,0.6812787887736838,0.6812787887736838,15.165750888103101,15.165750888103101,1.0,0.0,0.0,0.5172988996084094,0.9999725562357035
distmap,2,BraTS-GLI-01479-000,ET,0.8092071677361404,0.8092071677361404,6.708203932499369,6.708203932499369,1.0,0.0,0.0,0.6992160453844951,0.9997068491842578
distmap,2,BraTS-GLI-01409-000,WT,0.9566349094033509,0.31964974055637885,1.4142135623730951,249.66666666666666,1.0,2.0,0.0,0.9782664874922472,0.9997085261118306
distmap,2,BraTS-GLI-01409-000,TC,0.9766547358299055,0.6481970507093288,1.0,125.33333333333333,2.0,0.0,1.0,0.9756644252321486,0.9999295497148112
distmap,2,BraTS-GLI-01409-000,ET,0.9732050506430397,0.6446584716550385,1.0,125.33333333333333,2.0,0.0,1.0,0.9683858940500233,0.9999372069000069
distmap,2,BraTS-GLI-01480-000,WT,0.8101169879716592,0.8101169879716592,6.0,6.0,1.0,0.0,0.0,0.7084438040345822,0.9998417910112107
distmap,2,BraTS-GLI-01480-000,TC,0.011104837191793714,0.003703703703703704,29.597297173897484,259.19909905796584,1.0,2.0,0.0,0.005588708913517097,0.9999988786023079
distmap,2,BraTS-GLI-01480-000,ET,0.0,0.0,374.0,374.0,0.0,1.0,0.0,0.0,0.9999985439068101
distmap,2,BraTS-GLI-01517-000,WT,0.9160053108722687,0.9160053108722687,4.0,4.0,1.0,0.0,0.0,0.9617191984306701,0.9975034953687576
distmap,2,BraTS-GLI-01517-000,TC,0.7685643373568268,0.3855570764602618,15.0,193.96419413859206,1.0,0.0,1.0,0.7631409765804378,0.9983580568835351
distmap,2,BraTS-GLI-01517-000,ET,0.0,0.0,374.0,374.0,0.0,18.0,0.0,0.0,0.9998084677419354
distmap,2,BraTS-GLI-01494-000,WT,0.9612007870405546,0.9612007870405546,4.47213595499958,4.47213595499958,1.0,0.0,0.0,0.9576605219606676,0.9992332128382079
distmap,2,BraTS-GLI-01494-000,TC,0.6417854777690662,0.6417854777690662,9.848857801796104,9.848857801796104,1.0,0.0,0.0,0.9974446337308348,0.9947161383142601
distmap,2,BraTS-GLI-01494-000,ET,0.0,0.0,374.0,374.0,0.0,3.0,0.0,0.0,0.999919914874552
distmap,2,BraTS-GLI-01534-000,WT,0.9050456760303225,0.9050456760303225,3.7416573867739413,3.7416573867739413,1.0,0.0,0.0,0.8603003098434893,0.999710210810637
distmap,2,BraTS-GLI-01534-000,TC,0.8013754045307443,0.8013754045307443,8.717797887081348,8.717797887081348,1.0,0.0,0.0,0.6923244943427548,0.9998169376162576
distmap,2,BraTS-GLI-01534-000,ET,0.0,0.0,374.0,374.0,0.0,5.0,0.0,0.0,0.9999528449820788
distmap,2,BraTS-GLI-01536-000,WT,0.8687858550279866,0.8687934296450648,3.0,3.0,1.0,0.0,0.0,0.9993180632997714,0.9983086551217586
distmap,2,BraTS-GLI-01536-000,TC,0.41339240322463505,0.41339240322463505,13.341664064126334,13.341664064126334,1.0,0.0,0.0,0.2640564112080163,0.9999837393304776
distmap,2,BraTS-GLI-01536-000,ET,0.8116182572614108,0.8116182572614108,1.4142135623730951,1.4142135623730951,1.0,0.0,0.0,0.7009077878643096,0.9999938381612087
distmap,2,BraTS-GLI-01493-000,WT,0.9295188014942274,0.9295188014942274,4.69041575982343,4.69041575982343,1.0,0.0,0.0,0.9274425007467435,0.9994076374881524
distmap,2,BraTS-GLI-01493-000,TC,0.7731442627694979,0.7731442627694979,7.681145747868608,7.681145747868608,1.0,0.0,0.0,0.7190224997308645,0.9994108545825345
distmap,2,BraTS-GLI-01493-000,ET,0.8977153695892195,0.8977153695892195,1.4142135623730951,1.4142135623730951,1.0,0.0,0.0,0.8671990373571077,0.9998669991426214
distmap,2,BraTS-GLI-01524-000,WT,0.9509286656447186,0.9509286656447186,5.656854249492381,5.656854249492381,1.0,0.0,0.0,0.9119954869480487,0.9999187379965466
distmap,2,BraTS-GLI-01524-000,TC,0.9283153256473713,0.9283153256473713,4.47213595499958,4.47213595499958,1.0,0.0,0.0,0.9197875674317907,0.9994154491255877
distmap,2,BraTS-GLI-01524-000,ET,0.0,0.0,374.0,374.0,0.0,13.0,0.0,0.0,0.9999409722222222
distmap,2,BraTS-GLI-01510-000,WT,0.9464499039110787,0.9464499039110787,5.0990195135927845,5.0990195135927845,1.0,0.0,0.0,0.9443633841222762,0.999270100274022
distmap,2,BraTS-GLI-01510-000,TC,0.8792647797246227,0.8792647797246227,3.3166247903554,3.3166247903554,1.0,0.0,0.0,0.9289932567327963,0.998510902826699
distmap,2,BraTS-GLI-01510-000,ET,0.0,0.0,374.0,374.0,0.0,31.0,0.0,0.0,0.9999485887096774
distmap,2,BraTS-GLI-01525-000,WT,0.8333333333333334,0.8333333333333334,14.071247279470288,14.071247279470288,1.0,0.0,0.0,0.7182512144344205,0.9999766043299536
distmap,2,BraTS-GLI-01525-000,TC,0.7859510379717393,0.7859510379717393,3.7416573867739413,3.7416573867739413,1.0,0.0,0.0,0.6542110358180058,0.999987777076299
distmap,2,BraTS-GLI-01525-000,ET,0.841323889948243,0.841323889948243,4.358898943540674,4.358898943540674,1.0,0.0,0.0,0.7390524048815507,0.99998329529369
distmap,2,BraTS-GLI-01527-000,WT,0.9727017009160541,0.9727017009160541,1.0,1.0,1.0,0.0,0.0,0.969917853919362,0.9997588364332994
distmap,2,BraTS-GLI-01527-000,TC,0.9510414026020755,0.9510414026020755,2.0,2.0,1.0,0.0,0.0,0.9360914359304572,0.9997724986126588
distmap,2,BraTS-GLI-01527-000,ET,0.27692307692307694,0.05833333333333333,17.60681686165901,312.63849198247425,1.0,5.0,0.0,0.453781512605042,0.9999756941204749
distmap,2,BraTS-GLI-01498-000,WT,0.8593745695505327,0.8593919313544349,6.4031242374328485,6.4031242374328485,1.0,0.0,0.0,0.78490312840728,0.9985568820123002
distmap,2,BraTS-GLI-01498-000,TC,0.6151698733913286,0.33579157938829557,22.67156809750927,14.733908642990727,2.0,0.0,0.0,0.444696582735319,0.9999854687085099
distmap,2,BraTS-GLI-01498-000,ET,0.85664344212199,0.48473741909640966,17.0,11.074109710687358,2.0,0.0,0.0,0.8916058115569578,0.9991598320519122
distmap,2,BraTS-GLI-01512-000,WT,0.9233809679517354,0.9233909218961106,13.638181696985855,13.638181696985855,1.0,0.0,0.0,0.8694134125464351,0.9997694816743056
distmap,2,BraTS-GLI-01512-000,TC,0.9133761640077962,0.9133808735646408,4.123105625617661,4.123105625617661,1.0,0.0,0.0,0.9401942572050316,0.9987359905906804
distmap,2,BraTS-GLI-01512-000,ET,0.018433179723502304,0.0,21.93171219946131,374.0,0.0,8.0,0.0,0.0625,0.9999795026147047
distmap,3,BraTS-GLI-00000-000,WT,0.9575138711610096,0.47878187928204863,2.23606797749979,188.1180339887499,1.0,1.0,0.0,0.9621673501439665,0.9996928087370832
distmap,3,BraTS-GLI-00000-000,TC,0.9790853442157559,0.4895481009148877,1.0,187.5,1.0,1.0,0.0,0.9927140255009107,0.9998241690156763
distmap,3,BraTS-GLI-00000-000,ET,0.9557427937915742,0.4778784608789487,1.0,187.5,1.0,1.0,0.0,0.9876875133665333,0.999708721568735
distmap,3,BraTS-GLI-00036-001,WT,0.9822865703718655,0.9822865703718655,1.0,1.0,1.0,0.0,0.0,0.9773548828710592,0.9997454071879504
distmap,3,BraTS-GLI-00036-001,TC,0.974171360527697,0.974171360527697,2.8284271247461903,2.8284271247461903,1.0,0.0,0.0,0.9826624310527398,0.9997518254087238
distmap,3,BraTS-GLI-00036-001,ET,0.9645578357713649,0.482285319846548,1.0,187.5,1.0,1.0,0.0,0.9632791579393907,0.9998554601692657
distmap,3,BraTS-GLI-00017-001,WT,0.9635485955376487,0.9637244242364337,1.4142135623730951,1.4142135623730951,1.0,0.0,0.0,0.9552628008983616,0.9997938308828699
distmap,3,BraTS-GLI-00017-001,TC,0.0,0.0,374.0,374.0,0.0,3.0,0.0,0.0,0.997536850358423
distmap,3,BraTS-GLI-00017-001,ET,0.0,0.0,374.0,374.0,0.0,8.0,0.0,0.0,0.9999938396057347
distmap,3,BraTS-GLI-00066-000,WT,0.9810587412225015,0.9810587412225015,1.0,1.0,1.0,0.0,0.0,0.9779924575089115,0.9999313780656849
distmap,3,BraTS-GLI-00066-000,TC,0.9800877489031387,0.9800877489031387,1.0,1.0,1.0,0.0,0.0,0.9633757961783439,0.9999978700659518
distmap,3,BraTS-GLI-00066-000,ET,0.942737819025522,0.942737819025522,1.0,1.0,1.0,0.0,0.0,0.8965578111209179,0.9999965255731823
distmap,3,BraTS-GLI-00059-001,WT,0.9776612921062526,0.9776612921062526,1.0,1.0,1.0,0.0,0.0,0.9782887747875354,0.999883032587864
distmap,3,BraTS-GLI-00059-001,TC,0.9791030117852466,0.9791297230937116,1.0,1.0,1.0,0.0,0.0,0.9679072276159655,0.999980806917591
distmap,3,BraTS-GLI-00059-001,ET,0.9650649433744961,0.9650958185366478,1.0,1.0,1.0,0.0,0.0,0.9478413875447748,0.9999706017232551
distmap,3,BraTS-GLI-00014-001,WT,0.9657623657442711,0.48289990693826906,1.0,187.5,1.0,1.0,0.0,0.967901554404145,0.9998413841204131
distmap,3,BraTS-GLI-00014-001,TC,0.3333333333333333,0.333428981348637,12.12435565298214,12.041594578792296,1.0,0.0,0.0,0.200068870523416,0.9999992141605574
distmap,3,BraTS-GLI-00014-001,ET,0.1745967560767399,0.17465168539325843,12.727922061357855,12.529964086141668,1.0,0.0,0.0,0.09564832135473073,1.0
distmap,3,BraTS-GLI-00026-000,WT,0.9130482689722551,0.9130482689722551,4.123105625617661,4.123105625617661,1.0,0.0,0.0,0.8685225557605232,0.9997257364242352
distmap,3,BraTS-GLI-00026-000,TC,0.9482621065466423,0.9482621065466423,1.0,1.0,1.0,0.0,0.0,0.9372154610646591,0.9998508048834811
distmap,3,BraTS-GLI-00026-000,ET,0.9345554834523037,0.9345554834523037,1.0,1.0,1.0,0.0,0.0,0.929969004261914,0.9997903794390666
distmap,3,BraTS-GLI-00032-000,WT,0.9687164747660764,0.9687164747660764,1.4142135623730951,1.4142135623730951,1.0,0.0,0.0,0.9553596686770847,0.9998294045665049
distmap,3,BraTS-GLI-00032-000,TC,0.9668879668049792,0.9668879668049792,1.0,1.0,1.0,0.0,0.0,0.9644867549668874,0.999958613356782
distmap,3,BraTS-GLI-00032-000,ET,0.9404253179830074,0.9404253179830074,1.0,1.0,1.0,0.0,0.0,0.9358615169101461,0.9999389998167751
distmap,3,BraTS-GLI-00054-000,WT,0.9375999835924361,0.9375999835924361,4.58257569495584,4.58257569495584,1.0,0.0,0.0,0.909887944589296,0.9996471260198511
distmap,3,BraTS-GLI-00054-000,TC,0.9029301469024075,0.9029301469024075,3.7416573867739413,3.7416573867739413,1.0,0.0,0.0,0.8303337879228241,0.9999102793198245
distmap,3,BraTS-GLI-00054-000,ET,0.78284138082714,0.78284138082714,2.8284271247461903,2.8284271247461903,1.0,0.0,0.0,0.7649313204033024,0.9988085202691881
distmap,3,BraTS-GLI-00045-001,WT,0.9733537381284602,0.9733756442283888,1.0,1.0,1.0,0.0,0.0,0.95504129311487,0.9999813595344914
distmap,3,BraTS-GLI-00045-001,TC,0.982840923751774,0.982840923751774,1.0,1.0,1.0,0.0,0.0,0.9901221731219132,0.9999787002822549
distmap,3,BraTS-GLI-00045-001,ET,0.966902731608614,0.966902731608614,1.0,1.0,1.0,0.0,0.0,0.9908175355450237,0.9999556115915621
distmap,3,BraTS-GLI-00043-000,WT,0.9823303044345496,0.9823303044345496,1.0,1.0,1.0,0.0,0.0,0.9877733769588428,0.9997393898778394
distmap,3,BraTS-GLI-00043-000,TC,0.8412954234453398,0.8413465924641912,4.898979485566356,4.898979485566356,1.0,0.0,0.0,0.7463177771783113,0.9999419718243464
distmap,3,BraTS-GLI-00043-000,ET,0.4171460642626631,0.4172046028627561,13.19090595827292,13.19090595827292,1.0,0.0,0.0,0.26405542232880364,0.9999975327308487
distmap,3,BraTS-GLI-00030-000,WT,0.938554676132195,0.31301193092965013,4.123105625617661,250.74754689570645,1.0,1.0,1.0,0.9702956032407878,0.9986962548484655
distmap,3,BraTS-GLI-00030-000,TC,0.9521618680122688,0.9522796427776266,1.4142135623730951,1.4142135623730951,1.0,0.0,0.0,0.976905897878388,0.9996672140347025
distmap,3,BraTS-GLI-00030-000,ET,0.9051883340882958,0.9053460653795219,1.4142135623730951,1.4142135623730951,1.0,0.0,0.0,0.9556005149898841,0.9995242008737402
distmap,3,BraTS-GLI-00095-001,WT,0.9861898592323811,0.9861898592323811,1.0,1.0,1.0,0.0,0.0,0.9768422616345765,0.9998827953470905
distmap,3,BraTS-GLI-00095-001,TC,0.9895693629770587,0.9895693629770587,1.0,1.0,1.0,0.0,0.0,0.98381854225997,0.9999486896433613
distmap,3,BraTS-GLI-00095-001,ET,0.9616424566619456,0.9616424566619456,1.0,1.0,1.0,0.0,0.0,0.932361886604022,0.9999665688947541
distmap,3,BraTS-GLI-00072-000,WT,0.9264061406010943,0.31051514223071125,15.556349186104045,254.60379610028065,1.0,2.0,0.0,0.9616290494071412,0.9990398363441089
distmap,3,BraTS-GLI-00072-000,TC,0.9778538045636436,0.9778538045636436,1.0,1.0,1.0,0.0,0.0,0.9648562300319489,0.9999520174791537
distmap,3,BraTS-GLI-00072-000,ET,0.9435993306095373,0.9435993306095373,1.0,1.0,1.0,0.0,0.0,0.9363573800903624,0.9998185411586091
distmap,3,BraTS-GLI-00113-000,WT,0.8150559572744457,0.8150559572744457,9.0,9.0,1.0,0.0,0.0,0.7090097614449027,0.9998673743932013
distmap,3,BraTS-GLI-00113-000,TC,0.8531393155483697,0.8531393155483697,2.0,2.0,1.0,0.0,0.0,0.7737047898338221,0.9999908133069025
distmap,3,BraTS-GLI-00113-000,ET,0.7883064516129032,0.7883064516129032,1.7320508075688772,1.7320508075688772,1.0,0.0,0.0,0.7057761732851986,0.9999842040487376
distmap,3,BraTS-GLI-00077-000,WT,0.9612094228455678,0.3204533904442119,3.3166247903554,250.38742588672278,1.0,2.0,0.0,0.9479915626362705,0.9994464413382443
distmap,3,BraTS-GLI-00077-000,TC,0.9841202996964433,0.9841202996964433,1.0,1.0,1.0,0.0,0.0,0.9747306221758777,0.9999598667938303
distmap,3,BraTS-GLI-00077-000,ET,0.9667180531850466,0.4833656797566448,1.0,187.5,1.0,1.0,0.0,0.9512419752417586,0.9999304921571421
distmap,3,BraTS-GLI-00110-000,WT,0.9708864402821751,0.9708864402821751,1.0,1.0,1.0,0.0,0.0,0.9851223275292044,0.9995461262880123
distmap,3,BraTS-GLI-00110-000,TC,0.9709681628392485,0.48549991844723533,1.0,187.5,1.0,1.0,0.0,0.9501404494382022,0.9999877697609246
distmap,3,BraTS-GLI-00110-000,ET,0.9814752892396175,0.49075405450593546,1.0,187.5,1.0,1.0,0.0,0.9725646123260437,0.9999842924476967
distmap,3,BraTS-GLI-00088-000,WT,0.9691965497542774,0.9691965497542774,2.23606797749979,2.23606797749979,1.0,0.0,0.0,0.9550081839594395,0.9997764336278813
distmap,3,BraTS-GLI-00088-000,TC,0.978020724713243,0.978020724713243,1.0,1.0,1.0,0.0,0.0,0.9704783923172684,0.9999016483710456
distmap,3,BraTS-GLI-00088-000,ET,0.9443608607434195,0.9443608607434195,1.0,1.0,1.0,0.0,0.0,0.931009144350098,0.9998317448063581
distmap,3,BraTS-GLI-00090-000,WT,0.9604101335770603,0.9604101335770603,1.4142135623730951,1.4142135623730951,1.0,0.0,0.0,0.9363445485737697,0.9998502893142016
distmap,3,BraTS-GLI-00090-000,TC,0.958739192295064,0.958739192295064,1.0,1.0,1.0,0.0,0.0,0.9672076846637959,0.9999487607444066
distmap,3,BraTS-GLI-00090-000,ET,0.9371788283658787,0.9371788283658787,1.0,1.0,1.0,0.0,0.0,0.9323875255623721,0.9999496646702934
distmap,3,BraTS-GLI-00111-000,WT,0.8963834325866739,0.8963834325866739,3.4641016151377544,3.4641016151377544,1.0,0.0,0.0,0.8130563094828914,0.9999802494596001
distmap,3,BraTS-GLI-00111-000,TC,0.8497768816805776,0.8498398766457123,6.0,6.0,1.0,0.0,0.0,0.7641851535836177,0.9998550137135206
distmap,3,BraTS-GLI-00111-000,ET,0.5784223801880303,0.1930176948828312,8.366600265340756,252.23926596236046,1.0,2.0,0.0,0.8552296999491439,0.999271472044533
distmap,3,BraTS-GLI-00097-000,WT,0.9647230143801954,0.9647230143801954,2.23606797749979,2.23606797749979,1.0,0.0,0.0,0.9482334979364966,0.9999170613007016
distmap,3,BraTS-GLI-00097-000,TC,0.976114479124269,0.976114479124269,1.0,1.0,1.0,0.0,0.0,0.9792821835375027,0.9999289142237248
distmap,3,BraTS-GLI-00097-000,ET,0.9489302088639837,0.9489302088639837,1.0,1.0,1.0,0.0,0.0,0.9508677896886166,0.9999064217564704
distmap,3,BraTS-GLI-00098-001,WT,0.9849207437866255,0.9849207437866255,1.0,1.0,1.0,0.0,0.0,0.9807191410964996,0.9998070825337863
distmap,3,BraTS-GLI-00098-001,TC,0.982540846395418,0.982540846395418,1.4142135623730951,1.4142135623730951,1.0,0.0,0.0,0.9800596141638838,0.9998781552868523
distmap,3,BraTS-GLI-00098-001,ET,0.9787513760523335,0.9787513760523335,1.0,1.0,1.0,0.0,0.0,0.9788056391572945,0.9998482775269124
distmap,3,BraTS-GLI-00094-000,WT,0.9723353097500825,0.9723353097500825,1.7320508075688772,1.7320508075688772,1.0,0.0,0.0,0.9699014778325123,0.9995351145386511
distmap,3,BraTS-GLI-00094-000,TC,0.9575033342224594,0.9575033342224594,2.23606797749979,2.23606797749979,1.0,0.0,0.0,0.9459570565727476,0.9996785964116235
distmap,3,BraTS-GLI-00094-000,ET,0.809312567817706,0.809312567817706,1.7320508075688772,1.7320508075688772,1.0,0.0,0.0,0.7391785932899991,0.9996624574291018
distmap,3,BraTS-GLI-00074-000,WT,0.9735682942274271,0.9263835084265596,1.0,1.618033988749895,2.0,0.0,0.0,0.9607650971237282,0.9997314316237949
distmap,3,BraTS-GLI-00074-000,TC,0.9559281625676147,0.5862471995255667,1.7320508075688772,125.60947570824874,2.0,1.0,0.0,0.9435872388606443,0.9998448714769193
distmap,3,BraTS-GLI-00074-000,ET,0.9189900302737316,0.536865394778293,1.0,125.47140452079104,2.0,1.0,0.0,0.9000869349230005,0.9997872027583379
distmap,3,BraTS-GLI-00120-000,WT,0.9687741712146863,0.24219878296146044,4.242640687119285,281.56066017177983,1.0,3.0,0.0,0.9780799475753604,0.9995738102674833
distmap,3,BraTS-GLI-00120-000,TC,0.9674830967626382,0.9674830967626382,1.4142135623730951,1.4142135623730951,1.0,0.0,0.0,0.9539426048565122,0.9998846852939933
distmap,3,BraTS-GLI-00120-000,ET,0.908839466438692,0.908839466438692,2.23606797749979,2.23606797749979,1.0,0.0,0.0,0.9147390798198107,0.9995632552045421
distmap,3,BraTS-GLI-00151-000,WT,0.9579188817808039,0.9579188817808039,2.0,2.0,1.0,0.0,0.0,0.9540679954362603,0.9991907392380845
distmap,3,BraTS-GLI-00151-000,TC,0.9385000128909171,0.9385000128909171,5.385164807134504,5.385164807134504,1.0,0.0,0.0,0.9577150554608407,0.9991046054909227
distmap,3,BraTS-GLI-00151-000,ET,0.906576085628406,0.906576085628406,3.1622776601683795,3.1622776601683795,1.0,0.0,0.0,0.9390828892910934,0.9988157971908888
distmap,3,BraTS-GLI-00195-000,WT,0.9862951923957695,0.9862951923957695,1.0,1.0,1.0,0.0,0.0,0.9942465870185956,0.9998261381431802
distmap,3,BraTS-GLI-00195-000,TC,0.9858432498974149,0.9858432498974149,0.0,0.0,1.0,0.0,0.0,0.9952361226180613,0.9999871122062872
distmap,3,BraTS-GLI-00195-000,ET,0.9443896018427114,0.9443896018427114,2.23606797749979,2.23606797749979,1.0,0.0,0.0,0.9860284012826386,0.9999500203616598
distmap,3,BraTS-GLI-00124-000,WT,0.8723556646970045,0.8723556646970045,15.811388300841896,15.811388300841896,1.0,0.0,0.0,0.7748216476575635,0.9999684641492221
distmap,3,BraTS-GLI-00124-000,TC,0.9630051414312271,0.9630051414312271,2.0,2.0,1.0,0.0,0.0,0.9927917195417778,0.999092050179292
distmap,3,BraTS-GLI-00124-000,ET,0.4809293272419586,0.4809293272419586,10.816653826391969,10.816653826391969,1.0,0.0,0.0,0.9945391616459428,0.9906036621687828
distmap,3,BraTS-GLI-00128-000,WT,0.9716710843952517,0.9716710843952517,1.4142135623730951,1.4142135623730951,1.0,0.0,0.0,0.9943104009200203,0.9992142866806528
distmap,3,BraTS-GLI-00128-000,TC,0.9439031659063295,0.31511477956736195,2.0,250.0,1.0,2.0,0.0,0.9148557970048438,0.9998804457145868
distmap,3,BraTS-GLI-00128-000,ET,0.919449696811632,0.30701571045389625,2.449489742783178,250.0,1.0,2.0,0.0,0.8715451174289246,0.9998896208741441
distmap,3,BraTS-GLI-00194-000,WT,0.9763509987684986,0.9763509987684986,1.0,1.0,1.0,0.0,0.0,0.984695703429257,0.999826698888587
distmap,3,BraTS-GLI-00194-000,TC,0.9812151172061873,0.9812151172061873,1.0,1.0,1.0,0.0,0.0,0.9886882190372132,0.999907158485411
distmap,3,BraTS-GLI-00194-000,ET,0.9527617355249519,0.9527617355249519,1.0,1.0,1.0,0.0,0.0,0.9546560626743427,0.9999067460533437
distmap,3,BraTS-GLI-00199-000,WT,0.9803472038165916,0.49164279685516615,1.4142135623730951,187.5,1.0,0.0,1.0,0.9809321752966916,0.9998273950490167
distmap,3,BraTS-GLI-00199-000,TC,0.9869608119537637,0.9870871470702276,1.0,1.0,1.0,0.0,0.0,0.9904979722719985,0.999920432952777
distmap,3,BraTS-GLI-00199-000,ET,0.9715635027952129,0.9717746820109024,0.0,0.0,1.0,0.0,0.0,0.9720932110980978,0.9999193551919701
distmap,3,BraTS-GLI-00137-000,WT,0.9620222564685781,0.9620222564685781,1.4142135623730951,1.4142135623730951,1.0,0.0,0.0,0.9400894443818083,0.9996950263557399
distmap,3,BraTS-GLI-00137-000,TC,0.9718529352869991,0.9718529352869991,1.0,1.0,1.0,0.0,0.0,0.9801731556117521,0.9997628242046015
distmap,3,BraTS-GLI-00137-000,ET,0.9537937498110431,0.9537937498110431,1.0,1.0,1.0,0.0,0.0,0.9512342204711747,0.9997568215004485
distmap,3,BraTS-GLI-00192-000,WT,0.9711618462059143,0.4929141973718114,66.39277069079132,187.0,1.0,0.0,1.0,0.9639437881417614,0.9999148699579568
distmap,3,BraTS-GLI-00192-000,TC,0.9816095949939162,0.9816095949939162,1.0,1.0,1.0,0.0,0.0,0.9965412578527564,0.9999461511114243
distmap,3,BraTS-GLI-00192-000,ET,0.9834767502928938,0.9834767502928938,0.0,0.0,1.0,0.0,0.0,0.987987012987013,0.9999707257326418
distmap,3,BraTS-GLI-00171-000,WT,0.9210380650595644,0.46052272690808155,4.242640687119285,189.12132034355963,1.0,1.0,0.0,0.9120605011042087,0.9995140472274353
distmap,3,BraTS-GLI-00171-000,TC,0.9351142112524912,0.9351142112524912,6.324555320336759,6.324555320336759,1.0,0.0,0.0,0.896494708994709,0.9999360730470485
distmap,3,BraTS-GLI-00171-000,ET,0.9075646849693857,0.9075646849693857,6.4031242374328485,6.4031242374328485,1.0,0.0,0.0,0.8441725455614344,0.9999506785020286
distmap,3,BraTS-GLI-00146-000,WT,0.9530535582411547,0.9530535582411547,8.306623862918075,8.306623862918075,1.0,0.0,0.0,0.9676212646167172,0.9986700643236863
distmap,3,BraTS-GLI-00146-000,TC,0.9113839609416542,0.9113839609416542,4.898979485566356,4.898979485566356,1.0,0.0,0.0,0.9423036555012445,0.9985772475835014
distmap,3,BraTS-GLI-00146-000,ET,0.6563717202079028,0.32823519096113135,2.449489742783178,188.22474487139158,1.0,1.0,0.0,0.9408638828049262,0.9971022957031394
distmap,3,BraTS-GLI-00142-000,WT,0.9476920568557005,0.9492617973613962,3.1622776601683795,3.5,2.0,0.0,0.0,0.9179460569211159,0.9998066600138403
distmap,3,BraTS-GLI-00142-000,TC,0.9462742160772485,0.94765829762705,2.0,1.9142135623730951,2.0,0.0,0.0,0.9341153431117861,0.9997734839475474
distmap,3,BraTS-GLI-00142-000,ET,0.8945942762925451,0.8983248987755522,1.0,1.0,2.0,0.0,0.0,0.9721324588065909,0.9992931122562241
distmap,3,BraTS-GLI-00259-000,WT,0.9887523915013594,0.9887523915013594,0.0,0.0,1.0,0.0,0.0,0.9859328875233447,0.9999056454811888
distmap,3,BraTS-GLI-00259-000,TC,0.9868523768437487,0.9868523768437487,1.0,1.0,1.0,0.0,0.0,0.9838610576332282,0.9999723706861067
distmap,3,BraTS-GLI-00259-000,ET,0.9770437654830718,0.9770437654830718,0.0,0.0,1.0,0.0,0.0,0.9662877303018425,0.9999799162856932
distmap,3,BraTS-GLI-00201-000,WT,0.9874114023643968,0.9874114023643968,1.0,1.0,1.0,0.0,0.0,0.9935582531498247,0.9996820123063059
distmap,3,BraTS-GLI-00201-000,TC,0.9812657086204267,0.9812657086204267,1.0,1.0,1.0,0.0,0.0,0.9805569177346888,0.9998465978556007
distmap,3,BraTS-GLI-00201-000,ET,0.942747988915494,0.47138033549914576,1.0,187.5,1.0,1.0,0.0,0.9222772016634205,0.9998534309200692
distmap,3,BraTS-GLI-00282-000,WT,0.9710494687755397,0.48554340823645925,1.0,187.5,1.0,1.0,0.0,0.9621225111936744,0.9998847390827462
distmap,3,BraTS-GLI-00282-000,TC,0.9697321904208436,0.9697321904208436,1.0,1.0,1.0,0.0,0.0,0.9757333593217036,0.9999578368463127
distmap,3,BraTS-GLI-00282-000,ET,0.951971933220421,0.951971933220421,1.0,1.0,1.0,0.0,0.0,0.974006683995544,0.9999345285681341
distmap,3,BraTS-GLI-00231-000,WT,0.9717117647812111,0.9717117647812111,5.830951894845301,5.830951894845301,1.0,0.0,0.0,0.957826838843236,0.999878288292656
distmap,3,BraTS-GLI-00231-000,TC,0.9720277900653118,0.9720277900653118,1.0,1.0,1.0,0.0,0.0,0.9767295926371385,0.9999292840163805
distmap,3,BraTS-GLI-00231-000,ET,0.9255399978291544,0.9255399978291544,1.0,1.0,1.0,0.0,0.0,0.9163890381515314,0.9999333983278944
distmap,3,BraTS-GLI-00212-000,WT,0.8528407394732819,0.8528407394732819,4.123105625617661,4.123105625617661,1.0,0.0,0.0,0.7893814613632382,0.9994821437869283
distmap,3,BraTS-GLI-00212-000,TC,0.9833912707609116,0.9833912707609116,0.0,0.0,1.0,0.0,0.0,0.9837712519319938,0.9999950702555803
distmap,3,BraTS-GLI-00212-000,ET,0.8935799782372144,0.8935799782372144,2.0,2.0,1.0,0.0,0.0,0.9720643939393939,0.9999518255214496
distmap,3,BraTS-GLI-00253-000,WT,0.9582826636307968,0.9582826636307968,1.0,1.0,1.0,0.0,0.0,0.9936682823874511,0.9994947076174039
distmap,3,BraTS-GLI-00253-000,TC,0.9791396921306287,0.9791396921306287,0.0,0.0,1.0,0.0,0.0,0.9935766423357664,0.9999862178311012
distmap,3,BraTS-GLI-00253-000,ET,0.9734576757532282,0.9734576757532282,0.0,0.0,1.0,0.0,0.0,0.9745062836624776,0.9999913727568468
distmap,3,BraTS-GLI-00237-000,WT,0.9741137216738496,0.9741137216738496,1.0,1.0,1.0,0.0,0.0,0.9983282357187636,0.999695223664705
distmap,3,BraTS-GLI-00237-000,TC,0.9693671632315262,0.9693671632315262,1.0,1.0,1.0,0.0,0.0,0.9713273049484255,0.9999191555618784
distmap,3,BraTS-GLI-00237-000,ET,0.9522156040492534,0.9522156040492534,1.4142135623730951,1.4142135623730951,1.0,0.0,0.0,0.9475334892621731,0.9999099805728647
distmap,3,BraTS-GLI-00270-000,WT,0.8436574984335501,0.8436574984335501,18.788294228055936,18.788294228055936,1.0,0.0,0.0,0.8018193765657727,0.9994570519169187
distmap,3,BraTS-GLI-00270-000,TC,0.9667697834547451,0.9667697834547451,1.0,1.0,1.0,0.0,0.0,0.9977342945417096,0.9999639140684142
distmap,3,BraTS-GLI-00270-000,ET,0.9751866048012912,0.9751866048012912,1.0,1.0,1.0,0.0,0.0,0.9956745623069001,0.9999747846751341
distmap,3,BraTS-GLI-00280-000,WT,0.8548046938370857,0.2870198883925869,8.366600265340756,251.46770807914427,1.0,1.0,1.0,0.7735042735042735,0.9998750189101334
distmap,3,BraTS-GLI-00280-000,TC,0.9270705655752057,0.9270705655752057,2.0,2.0,1.0,0.0,0.0,0.8876687065135385,0.9999634368097786
distmap,3,BraTS-GLI-00280-000,ET,0.8669711836688659,0.8669711836688659,1.4142135623730951,1.4142135623730951,1.0,0.0,0.0,0.7991475205322799,0.9999521213547616
distmap,3,BraTS-GLI-00266-000,WT,0.9802454354983537,0.9802454354983537,1.0,1.0,1.0,0.0,0.0,0.9898040065464209,0.9994049793222317
distmap,3,BraTS-GLI-00266-000,TC,0.9785596207229967,0.9785596207229967,1.0,1.0,1.0,0.0,0.0,0.9734405639536327,0.9998534036905197
distmap,3,BraTS-GLI-00266-000,ET,0.9521998343269825,0.9521998343269825,1.0,1.0,1.0,0.0,0.0,0.9547953859472613,0.9997563380524219
distmap,3,BraTS-GLI-00249-000,WT,0.9877766141258937,0.9877766141258937,1.0,1.0,1.0,0.0,0.0,0.9926216366137035,0.9997428493182267
distmap,3,BraTS-GLI-00249-000,TC,0.9794877159664271,0.9794877159664271,5.0990195135927845,5.0990195135927845,1.0,0.0,0.0,0.9846619314964324,0.9998194264437961
distmap,3,BraTS-GLI-00249-000,ET,0.9649719252365203,0.9649719252365203,0.0,0.0,1.0,0.0,0.0,0.9446703412547814,0.9999505328900631
distmap,3,BraTS-GLI-00291-000,WT,0.9486526433575777,0.6296032920301218,2.0,125.80473785412437,2.0,1.0,0.0,0.9886862076167932,0.9993800833950732
distmap,3,BraTS-GLI-00291-000,TC,0.9348697394789579,0.9475284085273968,2.0,1.0,3.0,0.0,0.0,0.9755489423308936,0.9998445415754265
distmap,3,BraTS-GLI-00291-000,ET,0.9304414064066071,0.9387942205338217,2.0,1.0,3.0,0.0,0.0,0.9624284647922369,0.9998562126294437
distmap,3,BraTS-GLI-00340-000,WT,0.8331264770389514,0.8331264770389514,5.385164807134504,5.385164807134504,1.0,0.0,0.0,0.7423195782584985,0.9998527261513611
distmap,3,BraTS-GLI-00340-000,TC,0.9639916764679273,0.9639916764679273,1.0,1.0,1.0,0.0,0.0,0.9585282475710687,0.9999624308222469
distmap,3,BraTS-GLI-00340-000,ET,0.9627954209748892,0.9627954209748892,1.4142135623730951,1.4142135623730951,1.0,0.0,0.0,0.9619961258186515,0.9999558155237559
distmap,3,BraTS-GLI-00347-000,WT,0.979663133057288,0.979663133057288,1.0,1.0,1.0,0.0,0.0,0.9770834523333524,0.9998252354372762
distmap,3,BraTS-GLI-00347-000,TC,0.9834286948072979,0.9834286948072979,1.0,1.0,1.0,0.0,0.0,0.9809928925263838,0.9999412879929671
distmap,3,BraTS-GLI-00347-000,ET,0.953461867223858,0.953461867223858,1.0,1.0,1.0,0.0,0.0,0.9727713178294574,0.9998430511397316
distmap,3,BraTS-GLI-00299-000,WT,0.9243881670240949,0.9243881670240949,4.123105625617661,4.123105625617661,1.0,0.0,0.0,0.9879666301508384,0.9989991729307625
distmap,3,BraTS-GLI-00299-000,TC,0.7979630506868782,0.7979630506868782,3.605551275463989,3.605551275463989,1.0,0.0,0.0,0.7891777933942375,0.9998192716107765
distmap,3,BraTS-GLI-00299-000,ET,0.8121290138024745,0.8121290138024745,3.0,3.0,1.0,0.0,0.0,0.796018505537642,0.9998686226349972
distmap,3,BraTS-GLI-00377-000,WT,0.9709976613583212,0.13893277123462916,1.0,320.7142857142857,1.0,6.0,0.0,0.9972224037644598,0.9998046619921914
distmap,3,BraTS-GLI-00377-000,TC,0.9745699831365936,0.9745699831365936,1.0,1.0,1.0,0.0,0.0,0.9692741178049108,0.999966790432144
distmap,3,BraTS-GLI-00377-000,ET,0.9469157560803666,0.9469157560803666,2.0,2.0,1.0,0.0,0.0,0.9603889603889604,0.9998932018729161
distmap,3,BraTS-GLI-00320-000,WT,0.839939186083513,0.4199844424015275,7.0710678118654755,190.53553390593274,1.0,1.0,0.0,0.9041638121336683,0.9988970127879689
distmap,3,BraTS-GLI-00320-000,TC,0.9274574331091715,0.4638282647584973,2.8284271247461903,188.4142135623731,1.0,1.0,0.0,0.9035405631446891,0.9999639046877498
distmap,3,BraTS-GLI-00320-000,ET,0.8158697863682605,0.4080594281062379,1.7320508075688772,187.86602540378445,1.0,1.0,0.0,0.9280259199259431,0.9998320199549984
distmap,3,BraTS-GLI-00318-000,WT,0.9415053035231077,0.9415053035231077,2.0,2.0,1.0,0.0,0.0,0.9243587201231818,0.9992321173211447
distmap,3,BraTS-GLI-00318-000,TC,0.9568281378960066,0.9568281378960066,2.0,2.0,1.0,0.0,0.0,0.9342494059303648,0.9998988693753833
distmap,3,BraTS-GLI-00318-000,ET,0.8924916254881277,0.8924916254881277,1.4142135623730951,1.4142135623730951,1.0,0.0,0.0,0.8549445094493494,0.9998069618891308
distmap,3,BraTS-GLI-00364-000,WT,0.9848685079952425,0.9848685079952425,1.0,1.0,1.0,0.0,0.0,0.9981115902820561,0.9997572665845432
distmap,3,BraTS-GLI-00364-000,TC,0.993530397731723,0.993530397731723,0.0,0.0,1.0,0.0,0.0,0.9938573398520747,0.9999756072666515
distmap,3,BraTS-GLI-00364-000,ET,0.984304261981213,0.984304261981213,0.0,0.0,1.0,0.0,0.0,0.9899707144863,0.9999396837473983
distmap,3,BraTS-GLI-00356-000,WT,0.983639559941023,0.983639559941023,1.0,1.0,1.0,0.0,0.0,0.9969537603816421,0.9998821571935331
distmap,3,BraTS-GLI-00356-000,TC,0.9803017914219877,0.9803017914219877,1.0,1.0,1.0,0.0,0.0,0.9885068958624825,0.999936573780746
distmap,3,BraTS-GLI-00356-000,ET,0.9548621629809149,0.9548621629809149,1.0,1.0,1.0,0.0,0.0,0.9598886278604368,0.9999347278031633
distmap,3,BraTS-GLI-00325-000,WT,0.98671035471389,0.98671035471389,1.0,1.0,1.0,0.0,0.0,0.9843161991871375,0.9998280706373663
distmap,3,BraTS-GLI-00325-000,TC,0.95711849602795,0.95711849602795,1.0,1.0,1.0,0.0,0.0,0.9733319234429523,0.9996776160478069
distmap,3,BraTS-GLI-00325-000,ET,0.9048056789745161,0.9048056789745161,2.449489742783178,2.449489742783178,1.0,0.0,0.0,0.8649823019650922,0.9997833923237616
distmap,3,BraTS-GLI-00336-000,WT,0.98382408824345,0.98382408824345,1.0,1.0,1.0,0.0,0.0,0.9901050136435049,0.9996255212984904
distmap,3,BraTS-GLI-00336-000,TC,0.9827820161022827,0.9827820161022827,1.0,1.0,1.0,0.0,0.0,0.996849671203548,0.9998831968100026
distmap,3,BraTS-GLI-00336-000,ET,0.9533228734730472,0.9533228734730472,1.0,1.0,1.0,0.0,0.0,0.9909715750232991,0.999830431097792
distmap,3,BraTS-GLI-00297-000,WT,0.9270320449977271,0.9270320449977271,3.4641016151377544,3.4641016151377544,1.0,0.0,0.0,0.9158811752610789,0.9993718589410221
distmap,3,BraTS-GLI-00297-000,TC,0.9268846415057728,0.9268846415057728,6.4031242374328485,6.4031242374328485,1.0,0.0,0.0,0.9973274872116087,0.9991657756299053
distmap,3,BraTS-GLI-00297-000,ET,0.8318015122017476,0.8318015122017476,4.58257569495584,4.58257569495584,1.0,0.0,0.0,0.9749522394396094,0.9992190057060399
distmap,3,BraTS-GLI-00353-000,WT,0.9082537732436978,0.490108364983674,63.88270501473775,188.1180339887499,1.0,1.0,0.0,0.9948561223463125,0.9982401513117269
distmap,3,BraTS-GLI-00353-000,TC,0.9778494322164587,0.9778494322164587,2.23606797749979,2.23606797749979,1.0,0.0,0.0,0.99046556445887,0.9998038002163604
distmap,3,BraTS-GLI-00353-000,ET,0.9826043737574552,0.9826043737574552,0.0,0.0,1.0,0.0,0.0,0.9822626322849903,0.9999228150759484
distmap,3,BraTS-GLI-00405-000,WT,0.9798216219002939,0.9798216219002939,1.0,1.0,1.0,0.0,0.0,0.9945577092142169,0.9994204682288867
distmap,3,BraTS-GLI-00405-000,TC,0.9769431506623063,0.9769431506623063,1.0,1.0,1.0,0.0,0.0,0.9838983332778868,0.9998975043776982
distmap,3,BraTS-GLI-00405-000,ET,0.9703684617366658,0.9703684617366658,1.0,1.0,1.0,0.0,0.0,0.9527974555443112,0.9999658439707643
distmap,3,BraTS-GLI-00442-000,WT,0.9448771581112626,0.5074736293001675,12.24744871391589,127.64809063666638,2.0,0.0,1.0,0.9087716178366603,0.9999250254474439
distmap,3,BraTS-GLI-00442-000,TC,0.9735146743020758,0.9735146743020758,1.4142135623730951,1.4142135623730951,1.0,0.0,0.0,0.9857929834734706,0.9998624249027112
distmap,3,BraTS-GLI-00442-000,ET,0.9082289732548493,0.9082289732548493,2.0,2.0,1.0,0.0,0.0,0.884366825665487,0.9999080202113246
distmap,3,BraTS-GLI-00479-001,WT,0.9870276151163163,0.9870276151163163,1.0,1.0,1.0,0.0,0.0,0.9911570396647901,0.9998487039499003
distmap,3,BraTS-GLI-00479-001,TC,0.9950240292604091,0.9950240292604091,0.0,0.0,1.0,0.0,0.0,0.9971019434026593,0.9999906911725848
distmap,3,BraTS-GLI-00479-001,ET,0.9895545314900154,0.9895545314900154,0.0,0.0,1.0,0.0,0.0,0.9909752845861963,0.9999869929624078
distmap,3,BraTS-GLI-00407-000,WT,0.940564308094728,0.940564308094728,1.4142135623730951,1.4142135623730951,1.0,0.0,0.0,0.9642428230649008,0.9988113230900604
distmap,3,BraTS-GLI-00407-000,TC,0.9458650626685235,0.9458650626685235,1.4142135623730951,1.4142135623730951,1.0,0.0,0.0,0.9092514526603623,0.9999737386882767
distmap,3,BraTS-GLI-00407-000,ET,0.8922398519626757,0.8922398519626757,1.4142135623730951,1.4142135623730951,1.0,0.0,0.0,0.8646318199160625,0.9998919785370439
distmap,3,BraTS-GLI-00477-001,WT,0.9766566498342576,0.9766566498342576,1.0,1.0,1.0,0.0,0.0,0.9799962697006435,0.9994068679675044
distmap,3,BraTS-GLI-00477-001,TC,0.9841863398810596,0.9841863398810596,1.0,1.0,1.0,0.0,0.0,0.976865860747984,0.9999374782260022
distmap,3,BraTS-GLI-00477-001,ET,0.9692781804765832,0.9692781804765832,1.0,1.0,1.0,0.0,0.0,0.9477633477633478,0.999947909003117
distmap,3,BraTS-GLI-00464-001,WT,0.943934860450287,0.943934860450287,1.0,1.0,1.0,0.0,0.0,0.8976583636533259,0.9999948414769031
distmap,3,BraTS-GLI-00464-001,TC,0.9790746144226761,0.9790746144226761,1.0,1.0,1.0,0.0,0.0,0.9737976782752902,0.9999895762931281
distmap,3,BraTS-GLI-00464-001,ET,0.9696918388079919,0.9696918388079919,1.0,1.0,1.0,0.0,0.0,0.971336499321574,0.9999788166558022
distmap,3,BraTS-GLI-00413-000,WT,0.9916240905016196,0.9916240905016196,0.0,0.0,1.0,0.0,0.0,0.9966283067467029,0.9998621788572183
distmap,3,BraTS-GLI-00413-000,TC,0.9934655810077916,0.9934655810077916,0.0,0.0,1.0,0.0,0.0,0.9900067010459459,0.9999883062989582
distmap,3,BraTS-GLI-00413-000,ET,0.9851837927439889,0.9851837927439889,0.0,0.0,1.0,0.0,0.0,0.97688684041075,0.9999792099628555
distmap,3,BraTS-GLI-00410-000,WT,0.9035084420712217,0.7726342635483878,8.12403840463596,5.6122677042334645,2.0,0.0,0.0,0.9270033566109803,0.999269954739447
distmap,3,BraTS-GLI-00410-000,TC,0.9895092668143141,0.9895092668143141,0.0,0.0,1.0,0.0,0.0,0.9911266783420899,0.9999883400686255
distmap,3,BraTS-GLI-00410-000,ET,0.9735787628349611,0.9735787628349611,1.0,1.0,1.0,0.0,0.0,0.959284392350401,0.9999896859772452
distmap,3,BraTS-GLI-00423-000,WT,0.955921573973875,0.955921573973875,1.4142135623730951,1.4142135623730951,1.0,0.0,0.0,0.9595436039549762,0.9996834109359874
distmap,3,BraTS-GLI-00423-000,TC,0.962330023551132,0.962330023551132,1.0,1.0,1.0,0.0,0.0,0.9477598023217866,0.9998939798327583
distmap,3,BraTS-GLI-00423-000,ET,0.9479679086295991,0.9479679086295991,1.0,1.0,1.0,0.0,0.0,0.9348391638355829,0.9998623996622047
distmap,3,BraTS-GLI-00449-000,WT,0.9881735866972633,0.9881936939584812,1.0,1.0,1.0,0.0,0.0,0.9907786885245902,0.9996328420437548
distmap,3,BraTS-GLI-00449-000,TC,0.9709782722723094,0.9709782722723094,2.23606797749979,2.23606797749979,1.0,0.0,0.0,0.9587725605371875,0.9998507790520468
distmap,3,BraTS-GLI-00449-000,ET,0.9274453130132037,0.9274453130132037,2.0,2.0,1.0,0.0,0.0,0.8739805314390949,0.9999218131496743
distmap,3,BraTS-GLI-00446-000,WT,0.9826717379066031,0.9826717379066031,1.0,1.0,1.0,0.0,0.0,0.9928599505190872,0.9993080613492918
distmap,3,BraTS-GLI-00446-000,TC,0.9779691867959965,0.9779691867959965,2.23606797749979,2.23606797749979,1.0,0.0,0.0,0.9942862752797959,0.9995489534496393
distmap,3,BraTS-GLI-00446-000,ET,0.967666094483666,0.967666094483666,1.0,1.0,1.0,0.0,0.0,0.9720615665382912,0.9996883710911835
distmap,3,BraTS-GLI-00418-000,WT,0.9109537738844178,0.910965005563724,17.08800749063506,17.05872210923198,1.0,0.0,0.0,0.8477465176583978,0.9997315418454293
distmap,3,BraTS-GLI-00418-000,TC,0.9868852994496072,0.9868852994496072,1.0,1.0,1.0,0.0,0.0,0.9853243322571177,0.9999603252074188
distmap,3,BraTS-GLI-00418-000,ET,0.9822590987699901,0.9822590987699901,0.0,0.0,1.0,0.0,0.0,0.9724894190073105,0.9999777578322199
distmap,3,BraTS-GLI-00499-000,WT,0.9757854882459313,0.9757854882459313,1.0,1.0,1.0,0.0,0.0,0.978088476861205,0.9996802339223181
distmap,3,BraTS-GLI-00499-000,TC,0.9893382541391152,0.9893382541391152,1.0,1.0,1.0,0.0,0.0,0.9894565960355434,0.999928857159608
distmap,3,BraTS-GLI-00499-000,ET,0.96372164974176,0.96372164974176,1.0,1.0,1.0,0.0,0.0,0.9763650151668352,0.9997780262903276
distmap,3,BraTS-GLI-00574-000,WT,0.9749882733889149,0.9750030262680063,1.0,1.0,1.0,0.0,0.0,0.9763424784839791,0.9997035905748826
distmap,3,BraTS-GLI-00574-000,TC,0.9821622460058942,0.9821622460058942,1.0,1.0,1.0,0.0,0.0,0.9784691459771299,0.9999694676573814
distmap,3,BraTS-GLI-00574-000,ET,0.9733187704790139,0.9733187704790139,0.0,0.0,1.0,0.0,0.0,0.967191763830315,0.9999634195987467
distmap,3,BraTS-GLI-00599-000,WT,0.978729075594413,0.978729075594413,1.0,1.0,1.0,0.0,0.0,0.9869192036841257,0.9996225210647537
distmap,3,BraTS-GLI-00599-000,TC,0.9767556266141926,0.9767556266141926,1.0,1.0,1.0,0.0,0.0,0.9762453520174549,0.9999169239046575
distmap,3,BraTS-GLI-00599-000,ET,0.962647431131829,0.962647431131829,1.0,1.0,1.0,0.0,0.0,0.9627441523993248,0.9998953175730121
distmap,3,BraTS-GLI-00567-000,WT,0.926717109507889,0.926717109507889,1.7320508075688772,1.7320508075688772,1.0,0.0,0.0,0.9264236795196548,0.9996499862020284
distmap,3,BraTS-GLI-00567-000,TC,0.9535514303592344,0.9535514303592344,1.4142135623730951,1.4142135623730951,1.0,0.0,0.0,0.9609054163298303,0.9998104995181001
distmap,3,BraTS-GLI-00567-000,ET,0.9149420783228429,0.9149420783228429,1.4142135623730951,1.4142135623730951,1.0,0.0,0.0,0.9283797216699802,0.9997718873626497
distmap,3,BraTS-GLI-00555-001,WT,0.8850608675097507,0.8852178024705952,17.146428199482248,18.05547008526779,1.0,0.0,0.0,0.947641494511057,0.9993115185697211
distmap,3,BraTS-GLI-00555-001,TC,0.9645120405576679,0.9645120405576679,1.0,1.0,1.0,0.0,0.0,0.9851436321045494,0.9998950826647611
distmap,3,BraTS-GLI-00555-001,ET,0.9477516839614054,0.9477516839614054,1.0,1.0,1.0,0.0,0.0,0.9468897781011277,0.9999209131890439
distmap,3,BraTS-GLI-00584-000,WT,0.9341369602283992,0.9341369602283992,6.0,6.0,1.0,0.0,0.0,0.9445870088211709,0.9998912010839512
distmap,3,BraTS-GLI-00584-000,TC,0.9597014925373134,0.9597014925373134,1.0,1.0,1.0,0.0,0.0,0.9277282266526757,0.9999951795753901
distmap,3,BraTS-GLI-00584-000,ET,0.9579964221824687,0.9579964221824687,1.0,1.0,1.0,0.0,0.0,0.9271468144044321,0.9999931620329164
distmap,3,BraTS-GLI-00537-000,WT,0.813301231548827,0.813301231548827,13.0,13.0,1.0,0.0,0.0,0.6907996873628197,0.9999158988617596
distmap,3,BraTS-GLI-00537-000,TC,0.9192642361493557,0.9203035811037521,2.0,1.8251407699364424,2.0,0.0,0.0,0.880491201417901,0.9999064497243636
distmap,3,BraTS-GLI-00537-000,ET,0.8778916960670565,0.8911618134488044,2.8284271247461903,2.0,2.0,0.0,0.0,0.8543644575536916,0.9997757767477455
distmap,3,BraTS-GLI-00597-000,WT,0.9622806081789146,0.9622806081789146,3.3166247903554,3.3166247903554,1.0,0.0,0.0,0.9761422806146481,0.9995325133728634
distmap,3,BraTS-GLI-00597-000,TC,0.0007662248103593594,0.00019176190841451254,28.071337695236398,288.168930825089,1.0,3.0,0.0,0.0015432098765432098,0.9989012589694288
distmap,3,BraTS-GLI-00597-000,ET,0.0,0.0,21.840329667841555,374.0,0.0,1.0,1.0,0.0,0.9999750216124658
distmap,3,BraTS-GLI-00570-000,WT,0.9256423702149974,0.9256423702149974,2.23606797749979,2.23606797749979,1.0,0.0,0.0,0.9667520474537427,0.9991831909630521
distmap,3,BraTS-GLI-00570-000,TC,0.9362618972910783,0.9362814827211112,2.8284271247461903,2.8284271247461903,1.0,0.0,0.0,0.9044943820224719,0.9999231741908412
distmap,3,BraTS-GLI-00570-000,ET,0.8738069989395546,0.8738389526804652,2.8284271247461903,2.8284271247461903,1.0,0.0,0.0,0.8136193394620361,0.9999198951231949
distmap,3,BraTS-GLI-00580-000,WT,0.9415274617294166,0.9415274617294166,3.0,3.0,1.0,0.0,0.0,0.9257401828051307,0.9992694974183284
distmap,3,BraTS-GLI-00580-000,TC,0.9525558616467708,0.2381488161225739,1.7320508075688772,280.9330127018922,1.0,3.0,0.0,0.94078044316622,0.9997619209807728
distmap,3,BraTS-GLI-00580-000,ET,0.9183768520944313,0.22960758056534017,1.0,280.75,1.0,3.0,0.0,0.951302617295863,0.9995510878446775
distmap,3,BraTS-GLI-00572-000,WT,0.9562098619513132,0.9562098619513132,2.449489742783178,2.449489742783178,1.0,0.0,0.0,0.983849130752549,0.9993020550425646
distmap,3,BraTS-GLI-00572-000,TC,0.9530271113178125,0.9502813186398775,1.4142135623730951,1.2071067811865475,2.0,0.0,0.0,0.9682583801211851,0.9998713806301698
distmap,3,BraTS-GLI-00572-000,ET,0.9460553736231021,0.9465755178075637,1.0,1.0,2.0,0.0,0.0,0.953835994717253,0.9998829581448002
distmap,3,BraTS-GLI-00587-000,WT,0.9496215975682777,0.9496868516979379,2.23606797749979,2.23606797749979,1.0,0.0,0.0,0.9661258430257718,0.9988255595339013
distmap,3,BraTS-GLI-00587-000,TC,0.9631743257879839,0.5119228318427035,2.23606797749979,10.233386222815373,2.0,0.0,0.0,0.9459377318518651,0.9997681522128362
distmap,3,BraTS-GLI-00587-000,ET,0.9077419996923829,0.5957773529780912,1.0,1.618033988749895,2.0,0.0,0.0,0.8792393304705985,0.9996272099533928
distmap,3,BraTS-GLI-00610-000,WT,0.9428871834118918,0.9428871834118918,2.23606797749979,2.23606797749979,1.0,0.0,0.0,0.938316772485266,0.99958770586765
distmap,3,BraTS-GLI-00610-000,TC,0.9575457810751928,0.9575457810751928,1.0,1.0,1.0,0.0,0.0,0.9257656837071616,0.9999922638949137
distmap,3,BraTS-GLI-00610-000,ET,0.9253408353170309,0.9253408353170309,1.0,1.0,1.0,0.0,0.0,0.8719412724306689,0.9999895747437069
distmap,3,BraTS-GLI-00621-000,WT,0.752986816808569,0.3765257248802596,7.0710678118654755,190.53553390593274,1.0,1.0,0.0,0.8173281162660704,0.9989340721130324
distmap,3,BraTS-GLI-00621-000,TC,0.32108153781157583,0.32108153781157583,18.110770276274835,18.110770276274835,1.0,0.0,0.0,0.20042194092827004,0.999979606033387
distmap,3,BraTS-GLI-00621-000,ET,0.32030586236193714,0.32030586236193714,18.110770276274835,18.110770276274835,1.0,0.0,0.0,0.19883966244725737,0.9999818471286192
distmap,3,BraTS-GLI-00611-000,WT,0.6826282293950844,0.6826282293950844,19.621416870348583,19.621416870348583,1.0,0.0,0.0,0.5341015782179103,0.9996888623585908
distmap,3,BraTS-GLI-00611-000,TC,0.9808603827923441,0.9808603827923441,1.0,1.0,1.0,0.0,0.0,0.9894286636539703,0.9999219383198161
distmap,3,BraTS-GLI-00611-000,ET,0.9397785380568738,0.9397785380568738,1.0,1.0,1.0,0.0,0.0,0.930908825887326,0.9999227082751168
distmap,3,BraTS-GLI-00630-000,WT,0.9004548900682335,0.48281272866225466,28.722813232690143,187.5,1.0,1.0,0.0,0.9646999577634101,0.9987642168075989
distmap,3,BraTS-GLI-00630-000,TC,0.8014756004651349,0.48116318817553744,45.661800227323496,187.5,1.0,1.0,0.0,0.9793238608525233,0.99893573907196
distmap,3,BraTS-GLI-00630-000,ET,0.7887959196577233,0.47833644334245035,45.18849411078001,187.5,1.0,1.0,0.0,0.9694348028803813,0.9989413715608466
distmap,3,BraTS-GLI-00624-000,WT,0.8937495501743687,0.8937495501743687,8.48528137423857,8.48528137423857,1.0,0.0,0.0,0.9002108870436273,0.999020800643461
distmap,3,BraTS-GLI-00624-000,TC,0.9723515715948777,0.9723515715948777,1.0,1.0,1.0,0.0,0.0,0.9809800339292705,0.99987333304261
distmap,3,BraTS-GLI-00624-000,ET,0.9053274749416449,0.9053274749416449,1.0,1.0,1.0,0.0,0.0,0.9178673348646204,0.9998229678067293
distmap,3,BraTS-GLI-00654-000,WT,0.8631962180079334,0.8631962180079334,8.246211251235321,8.246211251235321,1.0,0.0,0.0,0.815196083462482,0.999188047607815
distmap,3,BraTS-GLI-00654-000,TC,0.9838683217586264,0.6285538180024716,1.0,125.0,2.0,1.0,0.0,0.9760013887080675,0.9999584549005991
distmap,3,BraTS-GLI-00654-000,ET,0.9493267757800532,0.5618669194505206,1.0,125.33333333333333,2.0,1.0,0.0,0.9244327549658475,0.9999338390025483
distmap,3,BraTS-GLI-00625-000,WT,0.9644795925206086,0.9644795925206086,1.4142135623730951,1.4142135623730951,1.0,0.0,0.0,0.9363897817628151,0.9999060895244916
distmap,3,BraTS-GLI-00625-000,TC,0.9898512584148771,0.9898512584148771,1.0,1.0,1.0,0.0,0.0,0.9845119305856833,0.9999633135226356
distmap,3,BraTS-GLI-00625-000,ET,0.9630158453769807,0.9630158453769807,1.0,1.0,1.0,0.0,0.0,0.9579118747401968,0.9998978552065527
distmap,3,BraTS-GLI-00616-000,WT,0.9877543018293142,0.987758025901559,1.0,1.0,1.0,0.0,0.0,0.9870323625814715,0.9998263842501977
distmap,3,BraTS-GLI-00616-000,TC,0.9920336577958127,0.9920336577958127,0.0,0.0,1.0,0.0,0.0,0.9890052615903902,0.9999778345553206
distmap,3,BraTS-GLI-00616-000,ET,0.9664102286271535,0.9664102286271535,0.0,0.0,1.0,0.0,0.0,0.9425129451548134,0.9999829387431286
distmap,3,BraTS-GLI-00612-001,WT,0.9689812859267966,0.9689812859267966,1.0,1.0,1.0,0.0,0.0,0.9689990817263544,0.9998095463484175
distmap,3,BraTS-GLI-00612-001,TC,0.2090180097278822,0.2889830435996606,16.73320053068151,133.3955910816319,2.0,1.0,0.0,0.9386068476977568,0.9986635008927545
distmap,3,BraTS-GLI-00612-001,ET,0.8572217619442143,0.5535533527106561,1.4142135623730951,125.71542145664732,2.0,1.0,0.0,0.9161747343565525,0.9999579893407194
distmap,3,BraTS-GLI-00613-001,WT,0.9110330699443957,0.3110593864158019,39.16631205513228,250.38742588672278,1.0,2.0,0.0,0.8831353047193111,0.9996241574835398
distmap,3,BraTS-GLI-00613-001,TC,0.850828729281768,0.90234375,44.395945760846224,1.0,1.0,0.0,0.0,0.77,0.9999973116472881
distmap,3,BraTS-GLI-00613-001,ET,0.8520599250936329,0.904572564612326,44.395945760846224,1.0,1.0,0.0,0.0,0.7583333333333333,0.9999985438089477
distmap,3,BraTS-GLI-00628-000,WT,0.9605199425808667,0.9605199425808667,1.0,1.0,1.0,0.0,0.0,0.9887766757927946,0.9995645140731042
distmap,3,BraTS-GLI-00628-000,TC,0.954354201198521,0.5684692459671291,19.339079605813716,125.47140452079104,2.0,0.0,1.0,0.9335245697181342,0.9999794842635332
distmap,3,BraTS-GLI-00628-000,ET,0.9390648370943617,0.5613279324666901,18.35755975068582,125.88342717995762,2.0,0.0,1.0,0.9255223689270606,0.9999600905764546
distmap,3,BraTS-GLI-00610-001,WT,0.8884339815762539,0.8894441325098259,7.280109889280518,11.704699910719626,1.0,0.0,0.0,0.8659123209795562,0.9993108841011408
distmap,3,BraTS-GLI-00610-001,TC,0.872891363022942,0.44057045551298424,23.706539182259394,188.87082869338698,1.0,0.0,1.0,0.8545829892650701,0.9998594643944687
distmap,3,BraTS-GLI-00610-001,ET,0.8003829583532791,0.4074074074074074,22.293496809607955,188.5,1.0,0.0,1.0,0.6988018946781833,0.9999618869202861
distmap,3,BraTS-GLI-00685-000,WT,0.8753066279983083,0.8753066279983083,6.082762530298219,6.082762530298219,1.0,0.0,0.0,0.8108537718424322,0.999576746131515
distmap,3,BraTS-GLI-00685-000,TC,0.9764561618638872,0.9764561618638872,1.0,1.0,1.0,0.0,0.0,0.9927442277963398,0.9998167169860487
distmap,3,BraTS-GLI-00685-000,ET,0.9237645124833043,0.9237645124833043,1.0,1.0,1.0,0.0,0.0,0.9684403274450668,0.9997326428890192
distmap,3,BraTS-GLI-00675-001,WT,0.0,0.0,102.30835742987959,374.0,0.0,1.0,1.0,0.0,0.999996861307102
distmap,3,BraTS-GLI-00675-001,TC,0.0,0.0,374.0,374.0,0.0,1.0,0.0,0.0,0.9999968637992832
distmap,3,BraTS-GLI-00675-001,ET,0.0,0.0,374.0,374.0,0.0,1.0,0.0,0.0,0.9999976478494623
distmap,3,BraTS-GLI-00656-000,WT,0.9520304829363542,0.48136171777571707,46.850827100489916,188.1180339887499,1.0,0.0,1.0,0.959264953043977,0.9992022681848943
distmap,3,BraTS-GLI-00656-000,TC,0.16495601173020527,0.05499625719916284,31.064449134018133,259.68814971133935,1.0,2.0,0.0,0.9687836383207751,0.9938920199506278
distmap,3,BraTS-GLI-00656-000,ET,0.7696869070208728,0.07052354769304327,4.0,340.287479787288,1.0,10.0,0.0,0.6767466110531803,0.99995606959607
distmap,3,BraTS-GLI-00723-000,WT,0.9687923206796366,0.48444529301559647,1.0,187.5,1.0,1.0,0.0,0.9777226530513945,0.9996177482397878
distmap,3,BraTS-GLI-00723-000,TC,0.9689652114799161,0.9689652114799161,1.4142135623730951,1.4142135623730951,1.0,0.0,0.0,0.9576432097683522,0.9999269151080751
distmap,3,BraTS-GLI-00723-000,ET,0.924639408749553,0.924639408749553,1.0,1.0,1.0,0.0,0.0,0.8728058331082906,0.9999623839882898
distmap,3,BraTS-GLI-00708-000,WT,0.9152927484829172,0.9152927484829172,4.69041575982343,4.69041575982343,1.0,0.0,0.0,0.9991530550514217,0.9996585299619479
distmap,3,BraTS-GLI-00708-000,TC,0.9460135099196851,0.9460135099196851,1.0,1.0,1.0,0.0,0.0,0.9994380759721285,0.999886759900268
distmap,3,BraTS-GLI-00708-000,ET,0.8959146984067944,0.8959146984067944,1.4142135623730951,1.4142135623730951,1.0,0.0,0.0,0.9986180210060807,0.999812908401119
distmap,3,BraTS-GLI-00714-000,WT,0.9552835898174855,0.9552835898174855,1.4142135623730951,1.4142135623730951,1.0,0.0,0.0,0.918517927089302,0.9998898461311093
distmap,3,BraTS-GLI-00714-000,TC,0.9783544303797468,0.9783544303797468,1.0,1.0,1.0,0.0,0.0,0.9661435796842247,0.9998951722812393
distmap,3,BraTS-GLI-00714-000,ET,0.9305307579938322,0.9305307579938322,1.0,1.0,1.0,0.0,0.0,0.9017518334283636,0.9997914868743184
distmap,3,BraTS-GLI-00682-000,WT,0.944386269602084,0.944386269602084,2.23606797749979,2.23606797749979,1.0,0.0,0.0,0.9041814402738722,0.999901313669922
distmap,3,BraTS-GLI-00682-000,TC,0.9775337497481362,0.9775337497481362,1.0,1.0,1.0,0.0,0.0,0.982085020242915,0.9999396064767002
distmap,3,BraTS-GLI-00682-000,ET,0.9434819653507526,0.9434819653507526,1.0,1.0,1.0,0.0,0.0,0.9379638593094547,0.9999300103503924
distmap,3,BraTS-GLI-00682-001,WT,0.9864688484678026,0.9864688484678026,1.0,1.0,1.0,0.0,0.0,0.9842412656096534,0.9998545490521409
distmap,3,BraTS-GLI-00682-001,TC,0.9699070271690923,0.9699070271690923,1.0,1.0,1.0,0.0,0.0,0.9417825698609161,0.999999213187163
distmap,3,BraTS-GLI-00682-001,ET,0.9588447390465091,0.9588447390465091,1.0,1.0,1.0,0.0,0.0,0.9220074245289627,0.9999962919040128
distmap,3,BraTS-GLI-00692-001,WT,0.9857785881964436,0.9857785881964436,1.0,1.0,1.0,0.0,0.0,0.9852056996082595,0.9998927560795732
distmap,3,BraTS-GLI-00692-001,TC,0.9761283463805934,0.9761283463805934,1.4142135623730951,1.4142135623730951,1.0,0.0,0.0,0.998467698087094,0.9998925656918135
distmap,3,BraTS-GLI-00692-001,ET,0.9668816400286632,0.9668816400286632,1.0,1.0,1.0,0.0,0.0,0.9944245065367855,0.9998904896057133
distmap,3,BraTS-GLI-00697-000,WT,0.9665076106392101,0.32220177175418535,1.0,249.66666666666666,1.0,2.0,0.0,0.9921711750393588,0.9990310937546226
distmap,3,BraTS-GLI-00697-000,TC,0.9878899484518439,0.9878899484518439,1.0,1.0,1.0,0.0,0.0,0.990459718046919,0.9998787146599759
distmap,3,BraTS-GLI-00697-000,ET,0.9625609834726729,0.9625609834726729,1.0,1.0,1.0,0.0,0.0,0.9800433269874614,0.9997104353928109
distmap,3,BraTS-GLI-00674-001,WT,0.9721647751155947,0.6485850868298714,1.0,125.47140452079104,2.0,1.0,0.0,0.9547237106082247,0.9998707827984881
distmap,3,BraTS-GLI-00674-001,TC,0.9818801818668093,0.9796411291885463,1.0,1.0,2.0,0.0,0.0,0.9771759382486026,0.9999552705658745
distmap,3,BraTS-GLI-00674-001,ET,0.9646221753738718,0.9629143250521288,1.0,1.0,2.0,0.0,0.0,0.9632049820191211,0.9999133090583724
distmap,3,BraTS-GLI-00683-001,WT,0.9874890483541241,0.9874890483541241,1.0,1.0,1.0,0.0,0.0,0.9783662292032654,0.9999300471923851
distmap,3,BraTS-GLI-00683-001,TC,0.9873943746259725,0.9873943746259725,2.23606797749979,2.23606797749979,1.0,0.0,0.0,0.9850223041580299,0.9998792970121987
distmap,3,BraTS-GLI-00683-001,ET,0.9734039770731671,0.9734039770731671,0.0,0.0,1.0,0.0,0.0,0.9668507467117959,0.9998503493766476
distmap,3,BraTS-GLI-00727-001,WT,0.975413680930825,0.975413680930825,1.0,1.0,1.0,0.0,0.0,0.9542805548715423,0.9999636114995394
distmap,3,BraTS-GLI-00727-001,TC,0.9682893129160814,0.9682893129160814,1.4142135623730951,1.4142135623730951,1.0,0.0,0.0,0.9552111025999189,0.9999111847948369
distmap,3,BraTS-GLI-00727-001,ET,0.8889234356781966,0.8889234356781966,3.605551275463989,3.605551275463989,1.0,0.0,0.0,0.8704962955445043,0.9998052376807501
distmap,3,BraTS-GLI-00765-000,WT,0.9319731067326548,0.31070267274965874,2.23606797749979,250.07868932583327,1.0,2.0,0.0,0.9067164518092539,0.9995121302319695
distmap,3,BraTS-GLI-00765-000,TC,0.8973967384626187,0.8973967384626187,3.7416573867739413,3.7416573867739413,1.0,0.0,0.0,0.8867034377493322,0.999710197790289
distmap,3,BraTS-GLI-00765-000,ET,0.8759984490112447,0.8759984490112447,2.0,2.0,1.0,0.0,0.0,0.8080114449213162,0.9999134391598546
distmap,3,BraTS-GLI-00737-000,WT,0.9137184929961648,0.31345972497853597,11.575836902790225,249.80473785412437,1.0,2.0,0.0,0.9175007207875119,0.9997524630432603
distmap,3,BraTS-GLI-00737-000,TC,0.9508756116404842,0.9508756116404842,2.0,2.0,1.0,0.0,0.0,0.9102619414483821,0.9999921452235946
distmap,3,BraTS-GLI-00737-000,ET,0.9300059317007033,0.9300059317007033,1.4142135623730951,1.4142135623730951,1.0,0.0,0.0,0.8803946735119526,0.9999819416313145
distmap,3,BraTS-GLI-00805-000,WT,0.970218577626552,0.9702357124355382,1.0,1.0,1.0,0.0,0.0,0.9675586187462575,0.9997403546443441
distmap,3,BraTS-GLI-00805-000,TC,0.877153024911032,0.877153024911032,3.0,3.0,1.0,0.0,0.0,0.7881811204911742,0.999996078031925
distmap,3,BraTS-GLI-00805-000,ET,0.8249867280127411,0.8249867280127411,2.449489742783178,2.449489742783178,1.0,0.0,0.0,0.709157286279282,0.9999963024021052
distmap,3,BraTS-GLI-00730-001,WT,0.9885881344289008,0.9885881344289008,1.0,1.0,1.0,0.0,0.0,0.9908517383832022,0.9998544313705603
distmap,3,BraTS-GLI-00730-001,TC,0.9865478962718456,0.9865478962718456,0.0,0.0,1.0,0.0,0.0,0.9875526184764405,0.9999640687916458
distmap,3,BraTS-GLI-00730-001,ET,0.9656171782373864,0.9656171782373864,1.0,1.0,1.0,0.0,0.0,0.9811007602527038,0.9998931456288144
distmap,3,BraTS-GLI-00799-000,WT,0.9782670450974527,0.9782670450974527,1.0,1.0,1.0,0.0,0.0,0.9840882077738159,0.999370123655757
distmap,3,BraTS-GLI-00799-000,TC,0.9773517903162067,0.9773517903162067,1.0,1.0,1.0,0.0,0.0,0.9773572303239453,0.999769748714949
distmap,3,BraTS-GLI-00799-000,ET,0.9667366113598834,0.9667366113598834,1.0,1.0,1.0,0.0,0.0,0.9525392900787223,0.9998562820331317
distmap,3,BraTS-GLI-00789-000,WT,0.9905101179198716,0.9905101179198716,1.0,1.0,1.0,0.0,0.0,0.9861065803451189,0.9999321106206349
distmap,3,BraTS-GLI-00789-000,TC,0.9892914679217867,0.9892914679217867,1.0,1.0,1.0,0.0,0.0,0.9816529098317835,0.9999843471024403
distmap,3,BraTS-GLI-00789-000,ET,0.9644272389197098,0.9644272389197098,1.0,1.0,1.0,0.0,0.0,0.936480686695279,0.9999788626652267
distmap,3,BraTS-GLI-00739-000,WT,0.9474784281446818,0.9474784281446818,3.1622776601683795,3.1622776601683795,1.0,0.0,0.0,0.9100139014110155,0.999717908274342
distmap,3,BraTS-GLI-00739-000,TC,0.9480937544440279,0.9480937544440279,1.4142135623730951,1.4142135623730951,1.0,0.0,0.0,0.9197581960017057,0.9999081921928936
distmap,3,BraTS-GLI-00739-000,ET,0.9437275623927681,0.9437275623927681,1.0,1.0,1.0,0.0,0.0,0.9029161034016608,0.9999568139150964
distmap,3,BraTS-GLI-00751-000,WT,0.9521301883342476,0.9521301883342476,3.3166247903554,3.3166247903554,1.0,0.0,0.0,0.9331096966569185,0.9997878812098651
distmap,3,BraTS-GLI-00751-000,TC,0.9854318176537559,0.9854318176537559,1.0,1.0,1.0,0.0,0.0,0.9916760194537972,0.9999495880365786
distmap,3,BraTS-GLI-00751-000,ET,0.9641477857878475,0.9641477857878475,1.0,1.0,1.0,0.0,0.0,0.9840362633031139,0.9999022751380097
distmap,3,BraTS-GLI-00777-000,WT,0.9720737561763337,0.9720737561763337,1.0,1.0,1.0,0.0,0.0,0.9771333797958589,0.9995720758868732
distmap,3,BraTS-GLI-00777-000,TC,0.981579305222858,0.981579305222858,1.0,1.0,1.0,0.0,0.0,0.9924276075047063,0.9998420173672796
distmap,3,BraTS-GLI-00777-000,ET,0.930318003294058,0.930318003294058,1.0,1.0,1.0,0.0,0.0,0.9578034305093589,0.9998257536156124
distmap,3,BraTS-GLI-00778-000,WT,0.9125159027978234,0.9125159027978234,5.385164807134504,5.385164807134504,1.0,0.0,0.0,0.8803919546157813,0.9997314045514822
distmap,3,BraTS-GLI-00778-000,TC,0.9798695074059186,0.9798695074059186,1.0,1.0,1.0,0.0,0.0,0.9748953974895398,0.9999727326221522
distmap,3,BraTS-GLI-00778-000,ET,0.9612843816311006,0.9612843816311006,1.0,1.0,1.0,0.0,0.0,0.9598624770128728,0.999947843602143
distmap,3,BraTS-GLI-00764-000,WT,0.8092260571245143,0.8092260571245143,13.076696830622021,13.076696830622021,1.0,0.0,0.0,0.6855708652495127,0.9999119884412995
distmap,3,BraTS-GLI-00764-000,TC,0.9364734327594825,0.9513511242582458,4.898979485566356,4.10555127546399,2.0,0.0,0.0,0.9055980215827338,0.9998574889233097
distmap,3,BraTS-GLI-00764-000,ET,0.9099979829220736,0.9260881615769039,1.7320508075688772,2.0,2.0,0.0,0.0,0.869797691576052,0.9998168543291058
distmap,3,BraTS-GLI-01012-000,WT,0.9653580983325655,0.9653580983325655,2.8284271247461903,2.8284271247461903,1.0,0.0,0.0,0.9484094843330634,0.9997642598908029
distmap,3,BraTS-GLI-01012-000,TC,0.9676071665948449,0.9676071665948449,5.477225575051661,5.477225575051661,1.0,0.0,0.0,0.9578892568437188,0.9998280815035904
distmap,3,BraTS-GLI-01012-000,ET,0.960379177377892,0.960379177377892,2.8284271247461903,2.8284271247461903,1.0,0.0,0.0,0.9447447447447448,0.9998380097306968
distmap,3,BraTS-GLI-00834-000,WT,0.8746560174260302,0.8746560174260302,7.0710678118654755,7.0710678118654755,1.0,0.0,0.0,0.8205970108584586,0.999537528568481
distmap,3,BraTS-GLI-00834-000,TC,0.9690027447392497,0.9688406887923398,1.0,1.0,2.0,0.0,0.0,0.9714201856403859,0.9998971995933373
distmap,3,BraTS-GLI-00834-000,ET,0.9588408884155406,0.9626093209191113,1.0,1.0,2.0,0.0,0.0,0.9513054198036367,0.9999158926601692
distmap,3,BraTS-GLI-00839-000,WT,0.9461720312784142,0.474914047524873,4.58257569495584,189.29128784747792,1.0,1.0,0.0,0.9879739224001519,0.9998220417156211
distmap,3,BraTS-GLI-00839-000,TC,0.8718562874251496,0.8718562874251496,1.0,1.0,1.0,0.0,0.0,0.9562171628721541,0.9999696421742118
distmap,3,BraTS-GLI-00839-000,ET,0.9,0.9,1.0,1.0,1.0,0.0,0.0,0.9396939693969397,0.9999815165171203
distmap,3,BraTS-GLI-01039-000,WT,0.8887226082308926,0.8887226082308926,5.385164807134504,5.385164807134504,1.0,0.0,0.0,0.834180602006689,0.9999277463943319
distmap,3,BraTS-GLI-01039-000,TC,0.9411301658701152,0.47096229600450196,4.123105625617661,189.06155281280883,1.0,1.0,0.0,0.8964224507283634,0.9999910300466527
distmap,3,BraTS-GLI-01039-000,ET,0.9386007827788649,0.46973128481361326,3.0,188.5,1.0,1.0,0.0,0.8976488478184583,0.9999855372264503
distmap,3,BraTS-GLI-01000-000,WT,0.9882915029333976,0.9882915029333976,1.0,1.0,1.0,0.0,0.0,0.9888522877917487,0.9998614702413612
distmap,3,BraTS-GLI-01000-000,TC,0.9901633426586048,0.9901633426586048,1.0,1.0,1.0,0.0,0.0,0.9820688009070024,0.9999940412500647
distmap,3,BraTS-GLI-01000-000,ET,0.9631020290273666,0.9631020290273666,0.0,0.0,1.0,0.0,0.0,0.934099026542475,0.9999909128858756
distmap,3,BraTS-GLI-01025-000,WT,0.9725188130799177,0.9725188130799177,1.0,1.0,1.0,0.0,0.0,0.9992707461982283,0.9997073651979868
distmap,3,BraTS-GLI-01025-000,TC,0.9894858500409329,0.9894858500409329,0.0,0.0,1.0,0.0,0.0,0.9955424916825479,0.9999418907926804
distmap,3,BraTS-GLI-01025-000,ET,0.9336434964318101,0.9336434964318101,2.0,2.0,1.0,0.0,0.0,0.8895901423795034,0.999952029915358
distmap,3,BraTS-GLI-01009-000,WT,0.951712602020707,0.951712602020707,2.23606797749979,2.23606797749979,1.0,0.0,0.0,0.9202967259746779,0.9999170630680152
distmap,3,BraTS-GLI-01009-000,TC,0.939896854300589,0.939896854300589,1.4142135623730951,1.4142135623730951,1.0,0.0,0.0,0.9759403075985991,0.9997771740710544
distmap,3,BraTS-GLI-01009-000,ET,0.882622300236587,0.882622300236587,1.0,1.0,1.0,0.0,0.0,0.9546805349182764,0.9997165733164376
distmap,3,BraTS-GLI-01029-000,WT,0.9835398716712876,0.9835398716712876,1.0,1.0,1.0,0.0,0.0,0.9955872688010515,0.9995089354161792
distmap,3,BraTS-GLI-01029-000,TC,0.9724511229600905,0.9724511229600905,1.0,1.0,1.0,0.0,0.0,0.9859927916120577,0.9998852147629539
distmap,3,BraTS-GLI-01029-000,ET,0.9715404580847866,0.9715404580847866,1.0,1.0,1.0,0.0,0.0,0.9683656333681296,0.9999379067988912
distmap,3,BraTS-GLI-01002-000,WT,0.9390718329031442,0.9390718329031442,3.0,3.0,1.0,0.0,0.0,0.9449267985988443,0.9994908137703277
distmap,3,BraTS-GLI-01002-000,TC,0.9272341196882202,0.9272341196882202,3.0,3.0,1.0,0.0,0.0,0.9760931196161814,0.9994665581562954
distmap,3,BraTS-GLI-01002-000,ET,0.9021639234689615,0.9021639234689615,3.0,3.0,1.0,0.0,0.0,0.9250406921956652,0.9995051153263456
distmap,3,BraTS-GLI-01019-000,WT,0.9841704415351685,0.9841704415351685,1.0,1.0,1.0,0.0,0.0,0.9809294046873352,0.9997703825941565
distmap,3,BraTS-GLI-01019-000,TC,0.9737483392893935,0.9737483392893935,4.242640687119285,4.242640687119285,1.0,0.0,0.0,0.9969739732603984,0.999606400667866
distmap,3,BraTS-GLI-01019-000,ET,0.9712258489383624,0.9712258489383624,1.0,1.0,1.0,0.0,0.0,0.9829083716730447,0.9997844955224835
distmap,3,BraTS-GLI-01004-000,WT,0.9429556156449747,0.3159741229161483,8.717797887081348,252.18133458177252,1.0,2.0,0.0,0.9797482352033534,0.9991362935354554
distmap,3,BraTS-GLI-01004-000,TC,0.9876716373837295,0.9876716373837295,1.0,1.0,1.0,0.0,0.0,0.9829910730685868,0.9999769683080548
distmap,3,BraTS-GLI-01004-000,ET,0.9622036308323137,0.9622036308323137,1.0,1.0,1.0,0.0,0.0,0.9385240614114307,0.9999786816221445
distmap,3,BraTS-GLI-01049-000,WT,0.8744433955170887,0.14603873628895037,3.7416573867739413,261.9566904507989,2.0,4.0,0.0,0.9057632398753894,0.9989195307444461
distmap,3,BraTS-GLI-01049-000,TC,0.8950859950859951,0.8975117023897512,2.0,1.4142135623730951,1.0,0.0,0.0,0.8907090464547677,0.9999087425531008
distmap,3,BraTS-GLI-01049-000,ET,0.8939655172413793,0.8968002306140098,1.4142135623730951,1.0,1.0,0.0,0.0,0.9109809663250366,0.9999027033449649
distmap,3,BraTS-GLI-01083-000,WT,0.9889247031298655,0.9889247031298655,0.0,0.0,1.0,0.0,0.0,0.9834538515617154,0.9999256401418809
distmap,3,BraTS-GLI-01083-000,TC,0.9893098274568642,0.9893098274568642,1.0,1.0,1.0,0.0,0.0,0.9820043437790879,0.9999883090502565
distmap,3,BraTS-GLI-01083-000,ET,0.9671533963939144,0.9671533963939144,0.0,0.0,1.0,0.0,0.0,0.950252646775746,0.999972394835545
distmap,3,BraTS-GLI-01057-000,WT,0.923958781151887,0.6273881757696326,5.477225575051661,126.24721912892466,2.0,0.0,1.0,0.9145583494519665,0.9997160607364534
distmap,3,BraTS-GLI-01057-000,TC,0.9736989666497556,0.4889121282814469,1.4142135623730951,187.5,1.0,0.0,1.0,0.9832290767903364,0.99992435003888
distmap,3,BraTS-GLI-01057-000,ET,0.9380884926256146,0.4719346049046321,1.0,187.5,1.0,0.0,1.0,0.9775963876345953,0.9998622775524523
distmap,3,BraTS-GLI-01061-000,WT,0.9800894420796361,0.9800894420796361,2.0,2.0,1.0,0.0,0.0,0.9668794141044871,0.9998841764356902
distmap,3,BraTS-GLI-01061-000,TC,0.9870898854591341,0.9870898854591341,1.0,1.0,1.0,0.0,0.0,0.9860848484848485,0.9999448617323543
distmap,3,BraTS-GLI-01061-000,ET,0.9682979378270237,0.9682979378270237,1.0,1.0,1.0,0.0,0.0,0.9546833906534493,0.9999522648101234
distmap,3,BraTS-GLI-01088-000,WT,0.9821204114614063,0.9821204114614063,1.0,1.0,1.0,0.0,0.0,0.9965641105731688,0.9999291710850552
distmap,3,BraTS-GLI-01088-000,TC,0.9579381443298969,0.9579381443298969,1.0,1.0,1.0,0.0,0.0,0.9961406518010292,0.9999781528956713
distmap,3,BraTS-GLI-01088-000,ET,0.9469645678176484,0.9469645678176484,1.0,1.0,1.0,0.0,0.0,0.987758945386064,0.9999765849312717
distmap,3,BraTS-GLI-01074-000,WT,0.9573393322767013,0.4788949247562635,3.7416573867739413,188.87082869338698,1.0,1.0,0.0,0.9816612842343665,0.9992533366060475
distmap,3,BraTS-GLI-01074-000,TC,0.9367931294481122,0.9367931294481122,2.8284271247461903,2.8284271247461903,1.0,0.0,0.0,0.9851092631986076,0.9996571612796691
distmap,3,BraTS-GLI-01074-000,ET,0.9145772729371566,0.9145772729371566,1.4142135623730951,1.4142135623730951,1.0,0.0,0.0,0.983416910779008,0.9996221314234992
distmap,3,BraTS-GLI-01090-000,WT,0.9453310114476576,0.23634849638370764,1.4142135623730951,280.8535533905933,1.0,3.0,0.0,0.9875735644981708,0.9994232743060593
distmap,3,BraTS-GLI-01090-000,TC,0.9601901062959934,0.9601901062959934,5.385164807134504,5.385164807134504,1.0,0.0,0.0,0.9815076006895471,0.9998648535945744
distmap,3,BraTS-GLI-01090-000,ET,0.9554621127606625,0.9554621127606625,2.23606797749979,2.23606797749979,1.0,0.0,0.0,0.9733084678594324,0.9998766670845097
distmap,3,BraTS-GLI-01102-000,WT,0.848451179096186,0.30207154865406827,28.178005607210743,225.2324555320337,2.0,3.0,0.0,0.9774884131538292,0.999168926077541
distmap,3,BraTS-GLI-01102-000,TC,0.94238834522846,0.49333369308276787,5.0990195135927845,4.070714214271425,2.0,0.0,0.0,0.9211737629459148,0.999973657803433
distmap,3,BraTS-GLI-01102-000,ET,0.9206379707916987,0.48657968240923816,4.69041575982343,4.035533905932738,2.0,0.0,0.0,0.8966872543514879,0.9999692916583032
distmap,3,BraTS-GLI-01072-000,WT,0.9459802315132935,0.4764676910516437,5.830951894845301,188.1180339887499,1.0,0.0,1.0,0.9534388151936498,0.9992036639625272
distmap,3,BraTS-GLI-01072-000,TC,0.9735056217486155,0.9735056217486155,1.0,1.0,1.0,0.0,0.0,0.9945822875090866,0.9995988748167579
distmap,3,BraTS-GLI-01072-000,ET,0.9356500069223315,0.9356500069223315,1.0,1.0,1.0,0.0,0.0,0.9852752507581058,0.9995341648429046
distmap,3,BraTS-GLI-01085-000,WT,0.9434078759129584,0.47749965700696656,44.339598554790726,188.0,1.0,0.0,1.0,0.9045910374055115,0.9997932758563607
distmap,3,BraTS-GLI-01085-000,TC,0.9764830449441333,0.9764830449441333,1.0,1.0,1.0,0.0,0.0,0.9946640933216019,0.9998313235914086
distmap,3,BraTS-GLI-01085-000,ET,0.9645439585099487,0.9645439585099487,1.0,1.0,1.0,0.0,0.0,0.993051752464403,0.9997831164347848
distmap,3,BraTS-GLI-01084-000,WT,0.9815029031569726,0.9815029031569726,1.0,1.0,1.0,0.0,0.0,0.9878823502814641,0.9998749404391177
distmap,3,BraTS-GLI-01084-000,TC,0.9806054434364007,0.9806054434364007,1.0,1.0,1.0,0.0,0.0,0.9868635580192854,0.9999375739134408
distmap,3,BraTS-GLI-01084-000,ET,0.9663211674545614,0.9663211674545614,0.0,0.0,1.0,0.0,0.0,0.9812749716739221,0.9999065224546418
distmap,3,BraTS-GLI-01082-000,WT,0.9824812558044714,0.9824812558044714,1.0,1.0,1.0,0.0,0.0,0.9725022421524664,0.999909147620938
distmap,3,BraTS-GLI-01082-000,TC,0.9754042165629957,0.9754042165629957,1.0,1.0,1.0,0.0,0.0,0.9617217798040203,0.9998826283500344
distmap,3,BraTS-GLI-01082-000,ET,0.9269362124049796,0.9269362124049796,1.0,1.0,1.0,0.0,0.0,0.9221209065801587,0.999653358593836
distmap,3,BraTS-GLI-01062-000,WT,0.9749341236067417,0.9749341236067417,1.0,1.0,1.0,0.0,0.0,0.9785053370354362,0.9995525223735969
distmap,3,BraTS-GLI-01062-000,TC,0.9743488555643252,0.9743954059734186,1.0,1.0,1.0,0.0,0.0,0.9987056063425289,0.9997143679670433
distmap,3,BraTS-GLI-01062-000,ET,0.9339904691152222,0.9341089485701859,1.0,1.0,1.0,0.0,0.0,0.9965586574897533,0.999600770062203
distmap,3,BraTS-GLI-01105-000,WT,0.9582719950672473,0.9582719950672473,2.0,2.0,1.0,0.0,0.0,0.9277878932601039,0.999869115186823
distmap,3,BraTS-GLI-01105-000,TC,0.9799827906344821,0.9799827906344821,1.0,1.0,1.0,0.0,0.0,0.9921140708816653,0.9999200555928018
distmap,3,BraTS-GLI-01105-000,ET,0.9514563106796117,0.9514563106796117,1.0,1.0,1.0,0.0,0.0,0.9720512068797029,0.9999182530783771
distmap,3,BraTS-GLI-01138-000,WT,0.8298484526475829,0.4153401164336766,12.84523257866513,193.36396103067892,1.0,0.0,1.0,0.7570901226742235,0.9989698546891285
distmap,3,BraTS-GLI-01138-000,TC,0.9720386706161909,0.4940604215611661,51.15662224971465,187.0,1.0,0.0,1.0,0.9500509035377959,0.9999916968534666
distmap,3,BraTS-GLI-01138-000,ET,0.9529521074415069,0.48667069277888014,46.9148164229596,187.0,1.0,0.0,1.0,0.9321655787821201,0.9999671373502856
distmap,3,BraTS-GLI-01109-000,WT,0.9805909951436332,0.9805909951436332,1.0,1.0,1.0,0.0,0.0,0.9906203226342923,0.9997976966283899
distmap,3,BraTS-GLI-01109-000,TC,0.9817922864032887,0.9817922864032887,1.0,1.0,1.0,0.0,0.0,0.9866948601171113,0.9999195257865905
distmap,3,BraTS-GLI-01109-000,ET,0.959015125738501,0.959015125738501,1.0,1.0,1.0,0.0,0.0,0.9612451168847275,0.9999214530997019
distmap,3,BraTS-GLI-01160-001,WT,0.9810080850643078,0.9810080850643078,1.0,1.0,1.0,0.0,0.0,0.9686237402183872,0.9999072183445706
distmap,3,BraTS-GLI-01160-001,TC,0.9864989983670859,0.9864989983670859,1.0,1.0,1.0,0.0,0.0,0.9908525244327212,0.9998801424039037
distmap,3,BraTS-GLI-01160-001,ET,0.9697465631721687,0.9697465631721687,1.0,1.0,1.0,0.0,0.0,0.9735477056683488,0.9998355728698611
distmap,3,BraTS-GLI-01130-000,WT,0.9507387869721544,0.9507387869721544,2.23606797749979,2.23606797749979,1.0,0.0,0.0,0.9408861877305075,0.9998337363932136
distmap,3,BraTS-GLI-01130-000,TC,0.9847841472045293,0.9847841472045293,1.0,1.0,1.0,0.0,0.0,0.9714352201989644,0.9999971944192285
distmap,3,BraTS-GLI-01130-000,ET,0.9610325752919484,0.9610325752919484,2.8284271247461903,2.8284271247461903,1.0,0.0,0.0,0.961801070308175,0.9999273991631042
distmap,3,BraTS-GLI-01160-000,WT,0.9776219685711576,0.9776219685711576,1.0,1.0,1.0,0.0,0.0,0.9761481937505426,0.9997000443457166
distmap,3,BraTS-GLI-01160-000,TC,0.9744116956602689,0.9744116956602689,1.4142135623730951,1.4142135623730951,1.0,0.0,0.0,0.9726873101040792,0.9998340875900225
distmap,3,BraTS-GLI-01160-000,ET,0.9490669966756449,0.9490669966756449,1.4142135623730951,1.4142135623730951,1.0,0.0,0.0,0.947136457198208,0.9997732567920281
distmap,3,BraTS-GLI-01158-000,WT,0.9638546380353277,0.481960906391856,1.4142135623730951,187.70710678118655,1.0,1.0,0.0,0.9574314907285196,0.9996408023577334
distmap,3,BraTS-GLI-01158-000,TC,0.9247210988023367,0.4635288126297646,2.23606797749979,188.1180339887499,1.0,1.0,0.0,0.8981024667931689,0.9998687883706954
distmap,3,BraTS-GLI-01158-000,ET,0.8787689296103967,0.4403182301174291,1.7320508075688772,187.86602540378445,1.0,1.0,0.0,0.8141971887752532,0.999913450052654
distmap,3,BraTS-GLI-01148-000,WT,0.9847545778588693,0.9847545778588693,1.0,1.0,1.0,0.0,0.0,0.9900995716433576,0.9997511971723304
distmap,3,BraTS-GLI-01148-000,TC,0.9922504220752263,0.9922504220752263,0.0,0.0,1.0,0.0,0.0,0.9902223449799752,0.9999768325743003
distmap,3,BraTS-GLI-01148-000,ET,0.9892184443143359,0.9892184443143359,0.0,0.0,1.0,0.0,0.0,0.9838654698329735,0.9999789717429703
distmap,3,BraTS-GLI-01137-000,WT,0.9720608778766268,0.9720608778766268,1.0,1.0,1.0,0.0,0.0,0.9955322406566101,0.999763505580852
distmap,3,BraTS-GLI-01137-000,TC,0.8679029765504267,0.8679029765504267,3.0,3.0,1.0,0.0,0.0,0.8647653477940684,0.999785483396673
distmap,3,BraTS-GLI-01137-000,ET,0.7281507876969242,0.7281507876969242,6.4031242374328485,6.4031242374328485,1.0,0.0,0.0,0.5729358813546817,0.9999988782254244
distmap,3,BraTS-GLI-01145-000,WT,0.9462079946367217,0.9462079946367217,2.8284271247461903,2.8284271247461903,1.0,0.0,0.0,0.9199651278374371,0.9996575912641367
distmap,3,BraTS-GLI-01145-000,TC,0.9427527804622365,0.9427527804622365,2.0,2.0,1.0,0.0,0.0,0.9014393334273051,0.9999213686680202
distmap,3,BraTS-GLI-01145-000,ET,0.8855689987725759,0.4428233231039018,1.0,187.5,1.0,1.0,0.0,0.9616512433832209,0.9993800089218502
distmap,3,BraTS-GLI-01118-000,WT,0.9613113617403929,0.9613113617403929,1.4142135623730951,1.4142135623730951,1.0,0.0,0.0,0.9582487364464988,0.9998155758884952
distmap,3,BraTS-GLI-01118-000,TC,0.97166689333152,0.9736903825564058,1.0,0.5,2.0,0.0,0.0,0.9924986108538618,0.9999389943168272
distmap,3,BraTS-GLI-01118-000,ET,0.9582462218505465,0.9599048049326219,1.0,0.5,2.0,0.0,0.0,0.9895139402911424,0.9999311651012893
distmap,3,BraTS-GLI-01123-000,WT,0.9701046709895826,0.9701046709895826,1.0,1.0,1.0,0.0,0.0,0.9920705630791162,0.9995275402986316
distmap,3,BraTS-GLI-01123-000,TC,0.9634002361275088,0.5799795260221077,3.3166247903554,2.956795678960466,2.0,0.0,0.0,0.9583270192453403,0.9999538969009071
distmap,3,BraTS-GLI-01123-000,ET,0.9008734674252744,0.36652111603744014,2.0,125.95456776838542,2.0,1.0,0.0,0.8974932141146416,0.9999333089509364
distmap,3,BraTS-GLI-01161-000,WT,0.9737176486323814,0.9737176486323814,1.0,1.0,1.0,0.0,0.0,0.993278090577502,0.9994152909579554
distmap,3,BraTS-GLI-01161-000,TC,0.9913507495111884,0.9479474299202996,0.0,0.5,2.0,0.0,0.0,0.9870753173712602,0.99996408416368
distmap,3,BraTS-GLI-01161-000,ET,0.976256533349959,0.9389641549228605,1.0,1.0,2.0,0.0,0.0,0.9667633923977691,0.999924544527682
distmap,3,BraTS-GLI-01175-000,WT,0.9805080786764825,0.9805080786764825,1.0,1.0,1.0,0.0,0.0,0.9833806351548574,0.9995225519836684
distmap,3,BraTS-GLI-01175-000,TC,0.9745891457834052,0.9705915898093544,1.4142135623730951,1.3660254037844386,2.0,0.0,0.0,0.9532623325474467,0.9999626869776531
distmap,3,BraTS-GLI-01175-000,ET,0.9644873507736068,0.958889277468812,2.0,1.618033988749895,2.0,0.0,0.0,0.9369380684732209,0.9999358049666577
distmap,3,BraTS-GLI-01200-000,WT,0.9879541646794096,0.9879541646794096,1.0,1.0,1.0,0.0,0.0,0.9881837753204814,0.9998865055558017
distmap,3,BraTS-GLI-01200-000,TC,0.9883381102288211,0.9883381102288211,1.0,1.0,1.0,0.0,0.0,0.9887376377242132,0.9999276604557572
distmap,3,BraTS-GLI-01200-000,ET,0.9652261049399825,0.4826233422881753,1.0,187.5,1.0,1.0,0.0,0.9574486084087641,0.9999298096505105
distmap,3,BraTS-GLI-01167-000,WT,0.927295333456249,0.927295333456249,3.7416573867739413,3.7416573867739413,1.0,0.0,0.0,0.9782649895763718,0.9985047147363875
distmap,3,BraTS-GLI-01167-000,TC,0.8696033607207329,0.8696033607207329,4.58257569495584,4.58257569495584,1.0,0.0,0.0,0.8061811811811812,0.9998276759795828
distmap,3,BraTS-GLI-01167-000,ET,0.5055329878134193,0.5055329878134193,24.0,24.0,1.0,0.0,0.0,0.37030576646829466,0.9998965044054587
distmap,3,BraTS-GLI-01199-000,WT,0.9840838278195638,0.9840838278195638,1.0,1.0,1.0,0.0,0.0,0.9911056923568916,0.9996038917718854
distmap,3,BraTS-GLI-01199-000,TC,0.9904489016236867,0.9904489016236867,1.0,1.0,1.0,0.0,0.0,0.9910848950944523,0.9999229209680359
distmap,3,BraTS-GLI-01199-000,ET,0.9556737865289501,0.9556737865289501,1.0,1.0,1.0,0.0,0.0,0.9358594346829641,0.9999165849285154
distmap,3,BraTS-GLI-01173-000,WT,0.9670289537499634,0.9670289537499634,1.0,1.0,1.0,0.0,0.0,0.997588799975888,0.999508668990615
distmap,3,BraTS-GLI-01173-000,TC,0.7638530641287913,0.7638530641287913,7.874007874011811,7.874007874011811,1.0,0.0,0.0,0.99970898085094,0.9988087514739106
distmap,3,BraTS-GLI-01173-000,ET,0.15777262180974477,1.0,6.708203932499369,0.0,0.0,0.0,0.0,0.85,0.9999600132617081
distmap,3,BraTS-GLI-01169-000,WT,0.9278991859424538,0.9278991859424538,3.605551275463989,3.605551275463989,1.0,0.0,0.0,0.9943104849634246,0.997624531990129
distmap,3,BraTS-GLI-01169-000,TC,0.881918549389486,0.881918549389486,3.7416573867739413,3.7416573867739413,1.0,0.0,0.0,0.9609113601359605,0.9990756261120214
distmap,3,BraTS-GLI-01169-000,ET,0.0,0.0,24.08318915758459,374.0,0.0,6.0,1.0,0.0,0.9999146497250477
distmap,3,BraTS-GLI-01189-000,WT,0.9601694078799788,0.9601694078799788,3.1622776601683795,3.1622776601683795,1.0,0.0,0.0,0.9328486370095282,0.9998666786031866
distmap,3,BraTS-GLI-01189-000,TC,0.8870155705093571,0.8870155705093571,5.0990195135927845,5.0990195135927845,1.0,0.0,0.0,0.8042822308574482,0.9999067682093624
distmap,3,BraTS-GLI-01189-000,ET,0.6913720121481062,0.6913720121481062,15.0,15.0,1.0,0.0,0.0,0.5547474747474748,0.9997771252418883
distmap,3,BraTS-GLI-01185-000,WT,0.931266749445081,0.931266749445081,2.449489742783178,2.449489742783178,1.0,0.0,0.0,0.9118613515594194,0.9994389834093712
distmap,3,BraTS-GLI-01185-000,TC,0.947969863039277,0.947969863039277,2.449489742783178,2.449489742783178,1.0,0.0,0.0,0.9119797373762777,0.9999241462023903
distmap,3,BraTS-GLI-01185-000,ET,0.8986167096830322,0.8986167096830322,2.449489742783178,2.449489742783178,1.0,0.0,0.0,0.8420380434782608,0.9998673969767861
distmap,3,BraTS-GLI-01172-000,WT,0.9112920497019901,0.18255495339434094,10.04987562112089,300.8492422502471,1.0,4.0,0.0,0.9865354330708661,0.9976838331234328
distmap,3,BraTS-GLI-01172-000,TC,0.9635052537600439,0.9635052537600439,7.280109889280518,7.280109889280518,1.0,0.0,0.0,0.9838061222581671,0.9992927142654057
distmap,3,BraTS-GLI-01172-000,ET,0.934891321103746,0.934891321103746,2.0,2.0,1.0,0.0,0.0,0.9750601309375282,0.9990260165443858
distmap,3,BraTS-GLI-01170-000,WT,0.9128979992748002,0.45645109468949374,2.8284271247461903,188.4142135623731,1.0,1.0,0.0,0.9727675558294451,0.998165259027287
distmap,3,BraTS-GLI-01170-000,TC,0.904798580182835,0.45167775191220483,3.0,188.28896773728675,2.0,2.0,0.0,0.8760212683179873,0.9998955408861498
distmap,3,BraTS-GLI-01170-000,ET,0.9090909090909091,0.6048400101604273,2.23606797749979,126.08088022903975,2.0,1.0,0.0,0.8712402838796891,0.999924494051242
distmap,3,BraTS-GLI-01190-000,WT,0.9826544467073999,0.4913355623822536,1.0,187.5,1.0,1.0,0.0,0.9831416791756947,0.9997007097211146
distmap,3,BraTS-GLI-01190-000,TC,0.9781528835151171,0.489105557686965,1.0,187.5,1.0,1.0,0.0,0.9825787676238821,0.9997749850978459
distmap,3,BraTS-GLI-01190-000,ET,0.960822841250888,0.4804440984634919,2.23606797749979,188.1180339887499,1.0,1.0,0.0,0.9765873442612877,0.9995870429420054
distmap,3,BraTS-GLI-01201-000,WT,0.9765943981708313,0.9765943981708313,1.0,1.0,1.0,0.0,0.0,0.9630774186404679,0.9998960204253037
distmap,3,BraTS-GLI-01201-000,TC,0.9519470510902579,0.9519470510902579,1.4142135623730951,1.4142135623730951,1.0,0.0,0.0,0.9535897552336406,0.999876712038059
distmap,3,BraTS-GLI-01201-000,ET,0.8341362089539046,0.8341362089539046,4.123105625617661,4.123105625617661,1.0,0.0,0.0,0.7992716185313797,0.9998448889565311
distmap,3,BraTS-GLI-01220-000,WT,0.9507988801757072,0.9508135865866485,1.4142135623730951,1.4142135623730951,1.0,0.0,0.0,0.9587323372531894,0.9997911407011355
distmap,3,BraTS-GLI-01220-000,TC,0.9765682264204478,0.9765682264204478,1.0,1.0,1.0,0.0,0.0,0.9819314345489991,0.9999314020291302
distmap,3,BraTS-GLI-01220-000,ET,0.9439798579264455,0.9439798579264455,1.0,1.0,1.0,0.0,0.0,0.9574972637723459,0.9999125269876672
distmap,3,BraTS-GLI-01233-000,WT,0.9114704959743474,0.9114704959743474,8.246211251235321,8.246211251235321,1.0,0.0,0.0,0.8954901893641064,0.9993117951457124
distmap,3,BraTS-GLI-01233-000,TC,0.932324714116545,0.932324714116545,1.4142135623730951,1.4142135623730951,1.0,0.0,0.0,0.9181258049918195,0.9998340313866088
distmap,3,BraTS-GLI-01233-000,ET,0.8945593060877945,0.8945593060877945,1.0,1.0,1.0,0.0,0.0,0.8816717930161028,0.9997777875590677
distmap,3,BraTS-GLI-01227-000,WT,0.9241446009880545,0.18603733375429182,2.449489742783178,299.5464101615138,1.0,3.0,1.0,0.9628661301523755,0.9989970143077642
distmap,3,BraTS-GLI-01227-000,TC,0.9685598107741781,0.9685598107741781,1.0,1.0,1.0,0.0,0.0,0.9874014468015931,0.9997861904686388
distmap,3,BraTS-GLI-01227-000,ET,0.9033332423357265,0.9033332423357265,1.0,1.0,1.0,0.0,0.0,0.9490621235587678,0.9997022636157722
distmap,3,BraTS-GLI-01205-000,WT,0.836690536293854,0.41867959062669174,3.7416573867739413,188.87082869338698,1.0,1.0,0.0,0.7394709283795474,0.9999306088667721
distmap,3,BraTS-GLI-01205-000,TC,0.8976998253502285,0.8126805395030038,3.0,2.679449471770337,2.0,0.0,0.0,0.8382373351839001,0.9999526565614977
distmap,3,BraTS-GLI-01205-000,ET,0.8164928909952607,0.7377328112111377,2.23606797749979,2.82842712474619,2.0,0.0,0.0,0.7986278509178565,0.9998093574966351
distmap,3,BraTS-GLI-01210-000,WT,0.8389386293342015,0.4195057360235302,4.242640687119285,189.06155281280883,1.0,1.0,0.0,0.8669866762370464,0.9989968951140203
distmap,3,BraTS-GLI-01210-000,TC,0.912681000438789,0.912681000438789,2.23606797749979,2.23606797749979,1.0,0.0,0.0,0.8921933085501859,0.9999506782082649
distmap,3,BraTS-GLI-01210-000,ET,0.9004806555826964,0.9004806555826964,2.0,2.0,1.0,0.0,0.0,0.8827437046191874,0.9999435074287171
distmap,3,BraTS-GLI-01215-000,WT,0.9513880567205911,0.9513880567205911,1.4142135623730951,1.4142135623730951,1.0,0.0,0.0,0.9505375657490402,0.9993214591910471
distmap,3,BraTS-GLI-01215-000,TC,0.7862302865863998,0.7862302865863998,8.94427190999916,8.94427190999916,1.0,0.0,0.0,0.655710810657917,0.9999756462251705
distmap,3,BraTS-GLI-01215-000,ET,0.8818672594474436,0.8818672594474436,1.7320508075688772,1.7320508075688772,1.0,0.0,0.0,0.9254610086647411,0.9998249803397198
distmap,3,BraTS-GLI-01223-000,WT,0.9531243167606804,0.9531243167606804,1.7320508075688772,1.7320508075688772,1.0,0.0,0.0,0.9599665286708359,0.999581822873036
distmap,3,BraTS-GLI-01223-000,TC,0.937873623267844,0.937873623267844,2.23606797749979,2.23606797749979,1.0,0.0,0.0,0.8935927146913862,0.9999587518234335
distmap,3,BraTS-GLI-01223-000,ET,0.8878889103608205,0.8878889103608205,1.4142135623730951,1.4142135623730951,1.0,0.0,0.0,0.8825530980736512,0.9997843942032681
distmap,3,BraTS-GLI-01224-000,WT,0.9270436639238847,0.9270668148388628,1.4142135623730951,1.4142135623730951,1.0,0.0,0.0,0.9027088804590994,0.9997927280632699
distmap,3,BraTS-GLI-01224-000,TC,0.9555065431554183,0.9555065431554183,1.0,1.0,1.0,0.0,0.0,0.9269656510327513,0.9999738509982746
distmap,3,BraTS-GLI-01224-000,ET,0.878442458508116,0.878442458508116,1.4142135623730951,1.4142135623730951,1.0,0.0,0.0,0.8807716924202249,0.9998472591255664
distmap,3,BraTS-GLI-01209-000,WT,0.9062389213378665,0.9062441882090385,3.7416573867739413,3.7416573867739413,1.0,0.0,0.0,0.8516499721454553,0.9994163459275606
distmap,3,BraTS-GLI-01209-000,TC,0.8797203291076662,0.8797451815440247,6.6332495807108,6.557438524302,1.0,0.0,0.0,0.8167060057697351,0.9996550960602096
distmap,3,BraTS-GLI-01209-000,ET,0.8045146324054246,0.8045146324054246,3.7416573867739413,3.7416573867739413,1.0,0.0,0.0,0.7085911868136185,0.9996964098293823
distmap,3,BraTS-GLI-01219-000,WT,0.9044298085314278,0.9053020450432219,4.0,4.549509756796392,2.0,0.0,0.0,0.9303053552247967,0.9981197272911206
distmap,3,BraTS-GLI-01219-000,TC,0.9733043950081389,0.5248995423832249,6.708203932499369,6.222761571129799,2.0,0.0,0.0,0.9597645799892991,0.9999739598240492
distmap,3,BraTS-GLI-01219-000,ET,0.9722931597880111,0.5154557289136729,6.6332495807108,6.287918451395113,2.0,0.0,0.0,0.9528012485872666,0.9999851842190832
distmap,3,BraTS-GLI-01226-000,WT,0.9004524886877828,0.4503424917604532,2.449489742783178,188.22474487139158,1.0,1.0,0.0,0.9302079956497642,0.9985288211899566
distmap,3,BraTS-GLI-01226-000,TC,0.9045710921624855,0.8710639406580337,2.0,2.0907702751760278,2.0,0.0,0.0,0.836470918797415,0.9999585371269128
distmap,3,BraTS-GLI-01226-000,ET,0.8746778883661552,0.840323329250455,1.4142135623730951,1.4142135623730951,2.0,0.0,0.0,0.7949037469920935,0.9999407056565905
distmap,3,BraTS-GLI-01266-000,WT,0.9137736934202959,0.9137736934202959,10.344080432788601,10.344080432788601,1.0,0.0,0.0,0.9680449056579314,0.9973493572453467
distmap,3,BraTS-GLI-01266-000,TC,0.7736810456688926,0.8042338214214356,12.68857754044952,7.300735254367722,2.0,0.0,0.0,0.6427407056843877,0.9999599280860677
distmap,3,BraTS-GLI-01266-000,ET,0.8515003192168547,0.8458011027955123,3.1622776601683795,2.1583123951777,2.0,0.0,0.0,0.7670424047235641,0.9999494108722204
distmap,3,BraTS-GLI-01241-000,WT,0.9043014364782289,0.9043014364782289,9.0,9.0,1.0,0.0,0.0,0.8521351803560393,0.9995098528558035
distmap,3,BraTS-GLI-01241-000,TC,0.9519704237247621,0.8688618231678951,1.4142135623730951,1.9318516525781364,2.0,0.0,0.0,0.9597243196349966,0.999602853857664
distmap,3,BraTS-GLI-01241-000,ET,0.8675599333671327,0.864323706749823,1.0,1.0,2.0,0.0,0.0,0.9357832567732258,0.9992032373205078
distmap,3,BraTS-GLI-01300-000,WT,0.929518789321544,0.929518789321544,3.605551275463989,3.605551275463989,1.0,0.0,0.0,0.9657913915328725,0.9994277653047451
distmap,3,BraTS-GLI-01300-000,TC,0.8665733725811899,0.4333912539820446,2.23606797749979,188.1180339887499,1.0,1.0,0.0,0.8894502228826151,0.9998150911004322
distmap,3,BraTS-GLI-01300-000,ET,0.8735379386184144,0.4368781560921954,2.0,188.0,1.0,1.0,0.0,0.8944620739072576,0.9998319173387638
distmap,3,BraTS-GLI-01247-000,WT,0.8202460190411998,0.8202632964718273,6.708203932499369,6.708203932499369,1.0,0.0,0.0,0.7512539547804614,0.9997655604610247
distmap,3,BraTS-GLI-01247-000,TC,0.8912718204488778,0.8912718204488778,1.4142135623730951,1.4142135623730951,1.0,0.0,0.0,0.8620356970574047,0.9999831950227691
distmap,3,BraTS-GLI-01247-000,ET,0.8098159509202454,0.8098159509202454,1.4142135623730951,1.4142135623730951,1.0,0.0,0.0,0.9573378839590444,0.9999465655661787
distmap,3,BraTS-GLI-01246-000,WT,0.9763002916007547,0.9763002916007547,1.0,1.0,1.0,0.0,0.0,0.9873082260427106,0.9995855729994406
distmap,3,BraTS-GLI-01246-000,TC,0.8602573807721423,0.8602573807721423,3.0,3.0,1.0,0.0,0.0,0.7660435017077116,0.9999440111114334
distmap,3,BraTS-GLI-01246-000,ET,0.8670423611442762,0.8670423611442762,1.4142135623730951,1.4142135623730951,1.0,0.0,0.0,0.9787589627473179,0.9994192683701836
distmap,3,BraTS-GLI-01293-000,WT,0.5435499932714305,0.5435587709665611,22.494443758403985,22.47220505424423,1.0,0.0,0.0,0.3898132349194339,0.9993447731136257
distmap,3,BraTS-GLI-01293-000,TC,0.17325386262369075,0.17325386262369075,30.757112998459398,30.757112998459398,1.0,0.0,0.0,0.09560811530027888,0.9999141956795826
distmap,3,BraTS-GLI-01293-000,ET,0.4211791497975709,0.4211791497975709,43.243496620879306,43.243496620879306,1.0,0.0,0.0,0.2835121785045137,0.9999173420060299
distmap,3,BraTS-GLI-01255-000,WT,0.8036453091803645,0.8036902432205759,4.0,4.0,1.0,0.0,0.0,0.9566085451883403,0.9996428446115105
distmap,3,BraTS-GLI-01255-000,TC,0.9375975039001561,0.9375975039001561,1.0,1.0,1.0,0.0,0.0,0.9709208400646203,0.999986109184943
distmap,3,BraTS-GLI-01255-000,ET,0.9415915327322618,0.9415915327322618,1.0,1.0,1.0,0.0,0.0,0.970113085621971,0.9999874534573678
distmap,3,BraTS-GLI-01284-000,WT,0.9461512739500421,0.31540544285296085,2.8284271247461903,250.2761423749154,1.0,2.0,0.0,0.9265568191555779,0.9994030546896375
distmap,3,BraTS-GLI-01284-000,TC,0.9489002644997133,0.9489002644997133,2.0,2.0,1.0,0.0,0.0,0.9290912134550432,0.9996645309262039
distmap,3,BraTS-GLI-01284-000,ET,0.8989465309593702,0.8989465309593702,2.0,2.0,1.0,0.0,0.0,0.8792041749956399,0.9993527954773845
distmap,3,BraTS-GLI-01281-000,WT,0.9721039722126196,0.9721039722126196,1.0,1.0,1.0,0.0,0.0,0.9554909778134466,0.9998180883962737
distmap,3,BraTS-GLI-01281-000,TC,0.9443570892298103,0.9443570892298103,2.449489742783178,2.449489742783178,1.0,0.0,0.0,0.9455357776044252,0.9995465986715205
distmap,3,BraTS-GLI-01281-000,ET,0.8686034571281875,0.8686034571281875,2.23606797749979,2.23606797749979,1.0,0.0,0.0,0.9000465518387977,0.9991247216980872
distmap,3,BraTS-GLI-01265-000,WT,0.9402973389124251,0.9403055188252488,6.0,6.0,1.0,0.0,0.0,0.9284806212204508,0.9996955960184861
distmap,3,BraTS-GLI-01265-000,TC,0.9725406296616158,0.9725406296616158,1.0,1.0,1.0,0.0,0.0,0.9672249551026783,0.9998739406622137
distmap,3,BraTS-GLI-01265-000,ET,0.9326975181532459,0.9326975181532459,1.0,1.0,1.0,0.0,0.0,0.9236135333100802,0.9997614368855468
distmap,3,BraTS-GLI-01249-000,WT,0.9281720015426147,0.9282838753224212,3.0,3.0,1.0,0.0,0.0,0.9223031232036789,0.9998475377686445
distmap,3,BraTS-GLI-01249-000,TC,0.9334926017262639,0.9334926017262639,1.4142135623730951,1.4142135623730951,1.0,0.0,0.0,0.9032811334824757,0.9999518766426723
distmap,3,BraTS-GLI-01249-000,ET,0.8229054683580592,0.8229054683580592,1.4142135623730951,1.4142135623730951,1.0,0.0,0.0,0.8789038579301899,0.9998116901837232
distmap,3,BraTS-GLI-01263-000,WT,0.9362120063408919,0.880250694921258,2.8284271247461903,3.6984531034139008,3.0,0.0,0.0,0.9395469479508906,0.9995594221982217
distmap,3,BraTS-GLI-01263-000,TC,0.901773244741631,0.8918226370685208,2.8284271247461903,2.9208096264818897,2.0,0.0,0.0,0.9057983336167319,0.9995907885938984
distmap,3,BraTS-GLI-01263-000,ET,0.7409401926001014,0.7641963439006836,1.4142135623730951,1.2071067811865475,2.0,0.0,0.0,0.917758769520521,0.999200247396121
distmap,3,BraTS-GLI-01307-000,WT,0.987968832238724,0.49399006830898085,1.0,187.5,1.0,1.0,0.0,0.9810987387796841,0.9998995655840164
distmap,3,BraTS-GLI-01307-000,TC,0.988245488023167,0.988245488023167,1.0,1.0,1.0,0.0,0.0,0.9850223868724289,0.9999581269745467
distmap,3,BraTS-GLI-01307-000,ET,0.9791181280118084,0.9791181280118084,1.0,1.0,1.0,0.0,0.0,0.9722940736908663,0.9999461386591068
distmap,3,BraTS-GLI-01333-000,WT,0.9641036312558526,0.9646054549240058,1.0,1.0,1.0,0.0,0.0,0.9592132505175983,0.9999834139661129
distmap,3,BraTS-GLI-01333-000,TC,0.9665787159190853,0.9665787159190853,1.0,1.0,1.0,0.0,0.0,0.9900900900900901,0.9999927186287721
distmap,3,BraTS-GLI-01333-000,ET,0.9698905109489051,0.9698905109489051,1.0,1.0,1.0,0.0,0.0,0.9815327793167128,0.999994847045178
distmap,3,BraTS-GLI-01336-000,WT,0.9816268193893114,0.9816268193893114,1.0,1.0,1.0,0.0,0.0,0.9715679609709281,0.9999552826508175
distmap,3,BraTS-GLI-01336-000,TC,0.9735408791928332,0.9735408791928332,1.0,1.0,1.0,0.0,0.0,0.9560972758096574,0.9999845133383923
distmap,3,BraTS-GLI-01336-000,ET,0.9481537546629183,0.9481537546629183,1.0,1.0,1.0,0.0,0.0,0.919086049680327,0.9999790322520965
distmap,3,BraTS-GLI-01332-000,WT,0.9810665993006342,0.9810665993006342,1.0,1.0,1.0,0.0,0.0,0.9903497704882829,0.9997595299663613
distmap,3,BraTS-GLI-01332-000,TC,0.9823843485716512,0.9823843485716512,1.0,1.0,1.0,0.0,0.0,0.9890140071408954,0.9999299074317555
distmap,3,BraTS-GLI-01332-000,ET,0.968408203125,0.968408203125,1.0,1.0,1.0,0.0,0.0,0.9795525263001926,0.9999012096541069
distmap,3,BraTS-GLI-01358-000,WT,0.987436666830636,0.987436666830636,1.0,1.0,1.0,0.0,0.0,0.9774961368151774,0.9999583997322994
distmap,3,BraTS-GLI-01358-000,TC,0.9878329030180296,0.9878329030180296,1.0,1.0,1.0,0.0,0.0,0.9812607766800776,0.9999432987689721
distmap,3,BraTS-GLI-01358-000,ET,0.9776647816375992,0.9776647816375992,0.0,0.0,1.0,0.0,0.0,0.9640882251866663,0.9999412228048297
distmap,3,BraTS-GLI-01344-000,WT,0.9730447987851177,0.9730447987851177,1.0,1.0,1.0,0.0,0.0,0.9510204081632653,0.9999955142970567
distmap,3,BraTS-GLI-01344-000,TC,0.9683330654235653,0.9683330654235653,1.0,1.0,1.0,0.0,0.0,0.9904636632686616,0.9999811763841157
distmap,3,BraTS-GLI-01344-000,ET,0.9821633120602192,0.9821633120602192,0.0,0.0,1.0,0.0,0.0,0.9871710526315789,0.9999921568275936
distmap,3,BraTS-GLI-01320-000,WT,0.9831839624005506,0.9831839624005506,1.0,1.0,1.0,0.0,0.0,0.9756325251651854,0.9997283833722163
distmap,3,BraTS-GLI-01320-000,TC,0.9865082294924392,0.9865082294924392,1.0,1.0,1.0,0.0,0.0,0.9821232924207752,0.9999268284007432
distmap,3,BraTS-GLI-01320-000,ET,0.975841408673204,0.975841408673204,1.0,1.0,1.0,0.0,0.0,0.9645801991887724,0.9999269899217924
distmap,3,BraTS-GLI-01356-000,WT,0.969973196014272,0.969973196014272,1.7320508075688772,1.7320508075688772,1.0,0.0,0.0,0.9872590000788695,0.9992321809485979
distmap,3,BraTS-GLI-01356-000,TC,0.9868320501556969,0.9868320501556969,1.0,1.0,1.0,0.0,0.0,0.9912275205213359,0.9998083160274295
distmap,3,BraTS-GLI-01356-000,ET,0.9605514111199633,0.9605514111199633,1.0,1.0,1.0,0.0,0.0,0.9585843010649063,0.9998256905366728
distmap,3,BraTS-GLI-01341-000,WT,0.6722671644886953,0.9782543038356992,25.69046515733026,0.0,1.0,0.0,0.0,0.9703592814371258,0.9996570177463343
distmap,3,BraTS-GLI-01341-000,TC,0.9559099437148217,0.9559099437148217,1.0,1.0,1.0,0.0,0.0,0.9158178550029958,0.9999998879509386
distmap,3,BraTS-GLI-01341-000,ET,0.9146953405017921,0.9146953405017921,1.0,1.0,1.0,0.0,0.0,0.8938704028021016,0.9999806165614116
distmap,3,BraTS-GLI-01325-000,WT,0.9589957317827539,0.9589957317827539,2.0,2.0,1.0,0.0,0.0,0.9470521308195695,0.9995825869175783
distmap,3,BraTS-GLI-01325-000,TC,0.9174039735099337,0.9174039735099337,2.23606797749979,2.23606797749979,1.0,0.0,0.0,0.8632964403230631,0.9999153904348886
distmap,3,BraTS-GLI-01325-000,ET,0.9295850522406045,0.9295850522406045,2.0,2.0,1.0,0.0,0.0,0.8828154450966665,0.999930827854487
distmap,3,BraTS-GLI-01322-000,WT,0.9663104965430547,0.4886063880502145,10.816653826391969,187.5,1.0,0.0,1.0,0.9418611774796299,0.9999861978839673
distmap,3,BraTS-GLI-01322-000,TC,0.9308537963628891,0.48304542546385154,22.315913604421397,187.5,1.0,0.0,1.0,0.8835576360444705,0.9999914825639679
distmap,3,BraTS-GLI-01322-000,ET,0.8933766077653564,0.4613856468835361,21.840329667841555,187.70710678118655,1.0,0.0,1.0,0.8641860465116279,0.9999660454744108
distmap,3,BraTS-GLI-01311-000,WT,0.9004278447181951,0.332636498266114,30.886890422961002,134.47511360236794,2.0,0.0,1.0,0.8225771704674854,0.9999502860589993
distmap,3,BraTS-GLI-01311-000,TC,0.9816844802127846,0.49191975617165984,2.23606797749979,187.5,1.0,0.0,1.0,0.9779834388699464,0.9999162974875164
distmap,3,BraTS-GLI-01311-000,ET,0.9809352119484758,0.49157657794062726,1.0,187.5,1.0,0.0,1.0,0.971338532421166,0.9999486362878094
distmap,3,BraTS-GLI-01374-000,WT,0.9885171043623711,0.9885171043623711,1.0,1.0,1.0,0.0,0.0,0.997173552424551,0.9996748806065314
distmap,3,BraTS-GLI-01374-000,TC,0.9931690368930896,0.9931690368930896,0.0,0.0,1.0,0.0,0.0,0.9890048671787955,0.9999799092258189
distmap,3,BraTS-GLI-01374-000,ET,0.984342558905884,0.984342558905884,0.0,0.0,1.0,0.0,0.0,0.9732748229621817,0.9999746476130896
distmap,3,BraTS-GLI-01389-000,WT,0.9761840918509129,0.9762316862095024,1.0,1.0,1.0,0.0,0.0,0.9694959570038251,0.9999610433948515
distmap,3,BraTS-GLI-01389-000,TC,0.9911432518079142,0.9911432518079142,0.0,0.0,1.0,0.0,0.0,0.9918685965197593,0.9999933870224912
distmap,3,BraTS-GLI-01389-000,ET,0.9828009828009828,0.9828009828009828,0.0,0.0,1.0,0.0,0.0,0.9841198836949229,0.9999906987470988
distmap,3,BraTS-GLI-01407-000,WT,0.9189366898365583,0.48686174977605257,23.874672772626646,187.5,1.0,1.0,0.0,0.9604358924013352,0.9998516452574588
distmap,3,BraTS-GLI-01407-000,TC,0.9848470588235294,0.9848470588235294,0.0,0.0,1.0,0.0,0.0,0.9808773903262092,0.9999933876265232
distmap,3,BraTS-GLI-01407-000,ET,0.9761011681491801,0.9761011681491801,0.0,0.0,1.0,0.0,0.0,0.9631979695431472,0.9999945087407399
distmap,3,BraTS-GLI-01397-000,WT,0.9640389375692873,0.32147568587235875,2.0,250.0,1.0,2.0,0.0,0.9921541659503306,0.9995223384612191
distmap,3,BraTS-GLI-01397-000,TC,0.9677708576826398,0.9677708576826398,1.4142135623730951,1.4142135623730951,1.0,0.0,0.0,0.9528058007566205,0.9999419982284731
distmap,3,BraTS-GLI-01397-000,ET,0.9572223044553932,0.9572223044553932,1.0,1.0,1.0,0.0,0.0,0.9475050234427328,0.9999136354080003
distmap,3,BraTS-GLI-01375-000,WT,0.9673599075678798,0.9673599075678798,2.0,2.0,1.0,0.0,0.0,0.9739167393687225,0.9998005245124643
distmap,3,BraTS-GLI-01375-000,TC,0.6884970612930311,0.32500990883868414,48.373546489791295,249.33333333333334,1.0,2.0,0.0,0.9658421672555948,0.9998402473947218
distmap,3,BraTS-GLI-01375-000,ET,0.8730204434206738,0.24055855284036815,48.47679857416329,280.5,1.0,3.0,0.0,0.9410304158907511,0.9999612385254553
distmap,3,BraTS-GLI-01395-000,WT,0.9775973603091217,0.9775973603091217,1.0,1.0,1.0,0.0,0.0,0.9854266958424508,0.9999215060947878
distmap,3,BraTS-GLI-01395-000,TC,0.7867975022301517,0.7867975022301517,4.47213595499958,4.47213595499958,1.0,0.0,0.0,0.6991676575505351,0.999977928350496
distmap,3,BraTS-GLI-01395-000,ET,0.7607100591715976,0.7607100591715976,4.58257569495584,4.58257569495584,1.0,0.0,0.0,0.6369401506143479,0.9999893563111529
distmap,3,BraTS-GLI-01390-000,WT,0.9806747524372457,0.9806747524372457,1.0,1.0,1.0,0.0,0.0,0.9692170548516804,0.9999559450320192
distmap,3,BraTS-GLI-01390-000,TC,0.9797365527455513,0.9797365527455513,1.0,1.0,1.0,0.0,0.0,0.9687153317062347,0.9999777664613807
distmap,3,BraTS-GLI-01390-000,ET,0.9633425034387896,0.9633425034387896,1.0,1.0,1.0,0.0,0.0,0.9581366714549558,0.9999490653434426
distmap,3,BraTS-GLI-01396-000,WT,0.9880445222228115,0.9880445222228115,1.0,1.0,1.0,0.0,0.0,0.9981071653908882,0.9997885571900222
distmap,3,BraTS-GLI-01396-000,TC,0.9416262837327168,0.9416262837327168,2.8284271247461903,2.8284271247461903,1.0,0.0,0.0,0.9303347096547483,0.9999416819181535
distmap,3,BraTS-GLI-01396-000,ET,0.9497770021330231,0.9497770021330231,1.4142135623730951,1.4142135623730951,1.0,0.0,0.0,0.9377153797064455,0.9999676014961607
distmap,3,BraTS-GLI-01377-000,WT,0.9697565429660203,0.13896976012785703,1.0,320.7142857142857,1.0,6.0,0.0,0.955056385975537,0.999819254273066
distmap,3,BraTS-GLI-01377-000,TC,0.9868882253667403,0.4934949175353884,1.0,187.5,1.0,1.0,0.0,0.9789739867475239,0.9999518240260593
distmap,3,BraTS-GLI-01377-000,ET,0.9838426913053778,0.4919688827533905,1.0,187.5,1.0,1.0,0.0,0.9750645691476872,0.9999316959974307
distmap,3,BraTS-GLI-01385-000,WT,0.980216939636303,0.980216939636303,1.0,1.0,1.0,0.0,0.0,0.9639008657505791,0.9999531978774383
distmap,3,BraTS-GLI-01385-000,TC,0.9898533219913619,0.9898533219913619,1.0,1.0,1.0,0.0,0.0,0.9911342845311147,0.9998620454812357
distmap,3,BraTS-GLI-01385-000,ET,0.9782474846616879,0.9782474846616879,0.0,0.0,1.0,0.0,0.0,0.9620453347390617,0.9999617286934661
distmap,3,BraTS-GLI-01378-000,WT,0.9844858921416844,0.9844858921416844,1.0,1.0,1.0,0.0,0.0,0.9760731674762212,0.9998654588111515
distmap,3,BraTS-GLI-01378-000,TC,0.9897899203645997,0.9897899203645997,1.0,1.0,1.0,0.0,0.0,0.9851967620421576,0.999921733272901
distmap,3,BraTS-GLI-01378-000,ET,0.9414152453065845,0.9414152453065845,1.0,1.0,1.0,0.0,0.0,0.8994965504381875,0.9999308119900342
distmap,3,BraTS-GLI-01387-000,WT,0.9060196809528503,0.9060196809528503,5.0990195135927845,5.0990195135927845,1.0,0.0,0.0,0.8464197102831078,0.9997700239584785
distmap,3,BraTS-GLI-01387-000,TC,0.9610446137105549,0.9584458317896116,1.0,0.5,2.0,0.0,0.0,0.981042654028436,0.9999541543963356
distmap,3,BraTS-GLI-01387-000,ET,0.9355513307984791,0.918489906854304,1.4142135623730951,1.0,2.0,0.0,0.0,0.9201570680628273,0.9999718693500542
distmap,3,BraTS-GLI-01451-000,WT,0.7749049429657795,0.7749049429657795,4.358898943540674,4.358898943540674,1.0,0.0,0.0,0.641048492791612,0.9999711525240138
distmap,3,BraTS-GLI-01451-000,TC,0.9427534208321697,0.9427534208321697,1.7320508075688772,1.7320508075688772,1.0,0.0,0.0,0.9057737711955355,0.9999835177439895
distmap,3,BraTS-GLI-01451-000,ET,0.9282136894824707,0.9282136894824707,1.4142135623730951,1.4142135623730951,1.0,0.0,0.0,0.8787536689997743,0.9999854246069857
distmap,3,BraTS-GLI-01409-000,WT,0.9524803258491942,0.238266852837214,1.7320508075688772,280.8535533905933,1.0,3.0,0.0,0.9789900764936944,0.9996662280871483
distmap,3,BraTS-GLI-01409-000,TC,0.9760808095178816,0.6479793760666582,1.0,125.33333333333333,2.0,0.0,1.0,0.9763759917458285,0.9999234822261346
distmap,3,BraTS-GLI-01409-000,ET,0.9725369769295057,0.6452086207982298,1.0,125.33333333333333,2.0,0.0,1.0,0.971687121329812,0.9999231655091319
distmap,3,BraTS-GLI-01411-000,WT,0.8817806061672037,0.8817806061672037,4.358898943540674,4.358898943540674,1.0,0.0,0.0,0.9872006014822241,0.9968077224442611
distmap,3,BraTS-GLI-01411-000,TC,0.9671985070360968,0.9671985070360968,1.0,1.0,1.0,0.0,0.0,0.9804683505470907,0.9996892661291287
distmap,3,BraTS-GLI-01411-000,ET,0.8959374256483464,0.8959374256483464,1.0,1.0,1.0,0.0,0.0,0.9568048276957282,0.9993662687018456
distmap,3,BraTS-GLI-01479-000,WT,0.8838393947569194,0.8839496573613633,8.774964387392123,8.602325267042627,1.0,0.0,0.0,0.8007264087968,0.9997561156769323
distmap,3,BraTS-GLI-01479-000,TC,0.7118613068083894,0.7118613068083894,14.317821063276353,14.317821063276353,1.0,0.0,0.0,0.5534499354641115,0.9999688970671307
distmap,3,BraTS-GLI-01479-000,ET,0.835973538804684,0.41799471526426846,6.082762530298219,190.0413812651491,1.0,1.0,0.0,0.7366604873472852,0.9997392077845288
distmap,3,BraTS-GLI-01452-000,WT,0.9243525806645436,0.9243525806645436,1.4142135623730951,1.4142135623730951,1.0,0.0,0.0,0.9890385419010576,0.9994722875665218
distmap,3,BraTS-GLI-01452-000,TC,0.8997364500973989,0.8997364500973989,1.0,1.0,1.0,0.0,0.0,0.820995399414471,0.9999978707233198
distmap,3,BraTS-GLI-01452-000,ET,0.8830423940149625,0.8830423940149625,1.0,1.0,1.0,0.0,0.0,0.7977021851768417,0.9999955174845557
distmap,3,BraTS-GLI-01417-000,WT,0.8713501956213483,0.8713501956213483,3.0,3.0,1.0,0.0,0.0,0.9607104853892118,0.9983163253510381
distmap,3,BraTS-GLI-01417-000,TC,0.9414440022740194,0.9414440022740194,1.0,1.0,1.0,0.0,0.0,0.9484173952884579,0.9998046464488285
distmap,3,BraTS-GLI-01417-000,ET,0.8951991283271442,0.8951991283271442,1.4142135623730951,1.4142135623730951,1.0,0.0,0.0,0.9285879042302901,0.9996446344916976
distmap,3,BraTS-GLI-01458-000,WT,0.9605964515553137,0.9605964515553137,8.94427190999916,8.94427190999916,1.0,0.0,0.0,0.9360626946782424,0.9999124908487531
distmap,3,BraTS-GLI-01458-000,TC,0.9052469775896353,0.9052469775896353,2.8284271247461903,2.8284271247461903,1.0,0.0,0.0,0.949070166014376,0.9993502013239648
distmap,3,BraTS-GLI-01458-000,ET,0.7757618748806373,0.3879021036260948,2.0,188.0,1.0,1.0,0.0,0.8315493946306369,0.9994008463564242
distmap,3,BraTS-GLI-01471-000,WT,0.9661675597175622,0.9661675597175622,2.449489742783178,2.449489742783178,1.0,0.0,0.0,0.9616839712692091,0.9993325602108033
distmap,3,BraTS-GLI-01471-000,TC,0.9677427606671442,0.9677427606671442,1.4142135623730951,1.4142135623730951,1.0,0.0,0.0,0.9691641617707337,0.9995511239719548
distmap,3,BraTS-GLI-01471-000,ET,0.9188317227900916,0.9188317227900916,1.0,1.0,1.0,0.0,0.0,0.910065753087937,0.9994796290337212
distmap,3,BraTS-GLI-01427-000,WT,0.9295795788283443,0.9295795788283443,2.0,2.0,1.0,0.0,0.0,0.9209401921227682,0.999308948426821
distmap,3,BraTS-GLI-01427-000,TC,0.9555411692085335,0.9555411692085335,1.4142135623730951,1.4142135623730951,1.0,0.0,0.0,0.9440147548786292,0.9998795869393541
distmap,3,BraTS-GLI-01427-000,ET,0.8900877756369086,0.8900877756369086,1.0,1.0,1.0,0.0,0.0,0.8965368525466857,0.9996928627249106
distmap,3,BraTS-GLI-01444-000,WT,0.9399458489926732,0.9399458489926732,1.7320508075688772,1.7320508075688772,1.0,0.0,0.0,0.8989220332130308,0.9997352683213672
distmap,3,BraTS-GLI-01444-000,TC,0.9572513338203715,0.9572513338203715,1.4142135623730951,1.4142135623730951,1.0,0.0,0.0,0.9582483822356174,0.9997773243710708
distmap,3,BraTS-GLI-01444-000,ET,0.9474414659847336,0.9474414659847336,1.0,1.0,1.0,0.0,0.0,0.949124613800206,0.9997621822534413
distmap,3,BraTS-GLI-01466-000,WT,0.9691118523818641,0.9691118523818641,1.0,1.0,1.0,0.0,0.0,0.9744376139971628,0.9993837108782831
distmap,3,BraTS-GLI-01466-000,TC,0.9577346802682848,0.9577346802682848,1.4142135623730951,1.4142135623730951,1.0,0.0,0.0,0.9269057626250773,0.9999075191147915
distmap,3,BraTS-GLI-01466-000,ET,0.9166173538595996,0.9166173538595996,1.0,1.0,1.0,0.0,0.0,0.8617844426184607,0.9998776718276754
distmap,3,BraTS-GLI-01419-000,WT,0.9393377188308354,0.9393377188308354,3.0,3.0,1.0,0.0,0.0,0.9222629125844193,0.9990019202224429
distmap,3,BraTS-GLI-01419-000,TC,0.7814203321079984,0.7814203321079984,11.224972160321824,11.224972160321824,1.0,0.0,0.0,0.6434722475927037,0.9999700610911908
distmap,3,BraTS-GLI-01419-000,ET,0.9187317336738954,0.9187317336738954,2.23606797749979,2.23606797749979,1.0,0.0,0.0,0.8829721946844168,0.9998131815917694
distmap,3,BraTS-GLI-01480-000,WT,0.8040593547094858,0.8040593547094858,6.324555320336759,6.324555320336759,1.0,0.0,0.0,0.6941210374639769,0.9998735002754883
distmap,3,BraTS-GLI-01480-000,TC,0.023652613523517198,0.023652613523517198,23.53720459187964,23.53720459187964,1.0,0.0,0.0,0.01240882826560576,0.9999563776297757
distmap,3,BraTS-GLI-01480-000,ET,0.0,0.0,374.0,374.0,0.0,1.0,0.0,0.0,0.9999974238351255
distmap,3,BraTS-GLI-01517-000,WT,0.9190903773209429,0.3063662303646504,4.123105625617661,250.70770187520588,1.0,2.0,0.0,0.961340742656381,0.9976389654962831
distmap,3,BraTS-GLI-01517-000,TC,0.7649254841300532,0.38368683741299175,14.142135623730951,193.57647321898295,1.0,0.0,1.0,0.7872187356497781,0.9980018436881888
distmap,3,BraTS-GLI-01517-000,ET,0.0,0.0,374.0,374.0,0.0,17.0,0.0,0.0,0.9999047939068101
distmap,3,BraTS-GLI-01493-000,WT,0.9234288290558057,0.9234288290558057,4.123105625617661,4.123105625617661,1.0,0.0,0.0,0.9043908520668563,0.999526946054338
distmap,3,BraTS-GLI-01493-000,TC,0.7835458089375217,0.3918141859344894,7.874007874011811,190.9370039370059,1.0,1.0,0.0,0.7005328883625794,0.9996340055004902
distmap,3,BraTS-GLI-01493-000,ET,0.8973437809397188,0.8973437809397188,1.4142135623730951,1.4142135623730951,1.0,0.0,0.0,0.8675272110703932,0.9998645299283917
distmap,3,BraTS-GLI-01536-000,WT,0.8682374690432174,0.8682450403313713,3.0,3.0,1.0,0.0,0.0,0.9984957278671427,0.9983065150343394
distmap,3,BraTS-GLI-01536-000,TC,0.5542366391335266,0.5542366391335266,9.219544457292887,9.219544457292887,1.0,0.0,0.0,0.47003154574132494,0.999726708609475
distmap,3,BraTS-GLI-01536-000,ET,0.799442119944212,0.799442119944212,1.7320508075688772,1.7320508075688772,1.0,0.0,0.0,0.6846631629240325,0.9999933900274784
distmap,3,BraTS-GLI-01524-000,WT,0.9529317254816676,0.9529317254816676,5.385164807134504,5.385164807134504,1.0,0.0,0.0,0.9175940646528882,0.9998905913808253
distmap,3,BraTS-GLI-01524-000,TC,0.9299266562462426,0.9299266562462426,4.242640687119285,4.242640687119285,1.0,0.0,0.0,0.9251103429302776,0.9993900092906277
distmap,3,BraTS-GLI-01524-000,ET,0.0,0.0,374.0,374.0,0.0,25.0,0.0,0.0,0.9999167786738351
distmap,3,BraTS-GLI-01510-000,WT,0.9450511311815459,0.9450511311815459,5.385164807134504,5.385164807134504,1.0,0.0,0.0,0.9335677438387511,0.9993997213771101
distmap,3,BraTS-GLI-01510-000,TC,0.8830259721319952,0.8830259721319952,3.1622776601683795,3.1622776601683795,1.0,0.0,0.0,0.9298728133245843,0.9985746986943752
distmap,3,BraTS-GLI-01510-000,ET,0.0,0.0,374.0,374.0,0.0,52.0,0.0,0.0,0.9999311155913978
distmap,3,BraTS-GLI-01534-000,WT,0.9034488545774944,0.9034488545774944,4.0,4.0,1.0,0.0,0.0,0.8553587034241678,0.9997289359976492
distmap,3,BraTS-GLI-01534-000,TC,0.8026950925181013,0.8026950925181013,8.48528137423857,8.48528137423857,1.0,0.0,0.0,0.6973919881176008,0.9997926193660187
distmap,3,BraTS-GLI-01534-000,ET,0.0,0.0,374.0,374.0,0.0,6.0,0.0,0.0,0.999964829749104
distmap,3,BraTS-GLI-01494-000,WT,0.9637404479924372,0.9637404479924372,4.123105625617661,4.123105625617661,1.0,0.0,0.0,0.9579946436122727,0.9993404646027398
distmap,3,BraTS-GLI-01494-000,TC,0.63312899986511,0.21107779943037028,9.899494936611665,252.63316497887055,1.0,2.0,0.0,0.9995031232254401,0.9944928591171288
distmap,3,BraTS-GLI-01494-000,ET,0.0,0.0,374.0,374.0,0.0,14.0,0.0,0.0,0.9999133064516129
distmap,3,BraTS-GLI-01525-000,WT,0.8392832423286933,0.8392832423286933,14.352700094407323,14.352700094407323,1.0,0.0,0.0,0.7282069075962205,0.9999700805373446
distmap,3,BraTS-GLI-01525-000,TC,0.804175460612629,0.804175460612629,3.7416573867739413,3.7416573867739413,1.0,0.0,0.0,0.6823814133591481,0.9999829551889675
distmap,3,BraTS-GLI-01525-000,ET,0.8558799892847576,0.8558799892847576,4.47213595499958,4.47213595499958,1.0,0.0,0.0,0.7645369705671213,0.9999793713693891
distmap,3,BraTS-GLI-01527-000,WT,0.9724117472560071,0.9724117472560071,1.0,1.0,1.0,0.0,0.0,0.9737338192786226,0.9997130244049159
distmap,3,BraTS-GLI-01527-000,TC,0.9459516162871391,0.9459516162871391,2.0,2.0,1.0,0.0,0.0,0.9435608499678042,0.9996399680573164
distmap,3,BraTS-GLI-01527-000,ET,0.4077669902912621,0.1037037037037037,18.681541692269406,281.6180339887499,1.0,3.0,0.0,0.35294117647058826,0.9999949596102368
distmap,3,BraTS-GLI-01498-000,WT,0.8834909221642998,0.8835083922205904,6.557438524302,6.557438524302,1.0,0.0,0.0,0.8244334479577288,0.998553637488159
distmap,3,BraTS-GLI-01498-000,TC,0.651498212328843,0.2872967161466267,21.72556098240043,193.17290955845542,2.0,2.0,0.0,0.49284476189678705,0.9997273112331311
distmap,3,BraTS-GLI-01498-000,ET,0.8663180042079952,0.3348124235559896,13.74772708486752,227.2907248094147,2.0,3.0,0.0,0.9167196763441133,0.9991173061434525
distmap,3,BraTS-GLI-01512-000,WT,0.9228050761240116,0.9228149586623449,13.892443989449804,13.856406460551018,1.0,0.0,0.0,0.8746033142292624,0.9996477306416143
distmap,3,BraTS-GLI-01512-000,TC,0.9037784498173842,0.903783028043443,4.69041575982343,4.69041575982343,1.0,0.0,0.0,0.9469454912159652,0.9984155167739347
distmap,3,BraTS-GLI-01512-000,ET,0.024844720496894408,0.0,19.87460691435179,374.0,0.0,13.0,0.0,0.0625,0.9999857750386202
